finding_id,severity,authority,check,proposed_label,id_column,id_value,csv_value,authority_value,n_rows,datasets,detail
35d7fb61c6d3,ERROR,worms+ncbi,authority_name_disagreement,cyanobacteria,aphia_ID+NCBI_ID,146537+1117,cyanobacteria,cyanobacteriota,10,daplankton;flowcamnet;planktoscope;syke_ifcb_2022;tara_pacific_bongo;tara_pacific_decknet;tara_pacific_hsn,the two registers resolve the row's identifiers to different organisms
674fe8a41979,ERROR,worms+ncbi,authority_name_disagreement,helix aspersa,aphia_ID+NCBI_ID,153970+6535,helix,cornu aspersum,1,global_uvp5,the two registers resolve the row's identifiers to different organisms
fef39517e84c,ERROR,worms+ncbi,authority_name_disagreement,lioloma pacificum,aphia_ID+NCBI_ID,418646+3471099,lioloma pacificum,lioloma cf. pacificum,1,medplanktonset,the two registers resolve the row's identifiers to different organisms
30081f26ca19,ERROR,worms+ncbi,authority_name_disagreement,pyrosomatida,aphia_ID+NCBI_ID,137213+76842,pyrosomatida,pyrosomata,3,global_uvp5;tara_pacific_manta;zooscan,the two registers resolve the row's identifiers to different organisms
452766ac8c85,ERROR,worms+ncbi,authority_name_disagreement,zoothamniidae,aphia_ID+NCBI_ID,235773+168255,zoothamniidae,zoothamnidae,2,planktoscope;tara_pacific_decknet,the two registers resolve the row's identifiers to different organisms
fd55eeacb990,ERROR,ncbi,ncbi_id_unresolved,asterolamprales,NCBI_ID,941245,941245,(no taxon),4,flowcamnet;planktoscope;tara_pacific_bongo;tara_pacific_decknet,NCBI Taxonomy returns no taxon for this taxid
531ce4636481,ERROR,ncbi,ncbi_lineage_contradiction,ceratoneis closterium,NCBI_ID,2856,Genus=ceratoneis,(absent from chain),1,syke_ifcb_2022,'ceratoneis' is absent from the authority's classification of 2856
77a5ae64ed9e,ERROR,ncbi,ncbi_lineage_contradiction,ceratoneis closterium,NCBI_ID,2856,Species=ceratoneis closterium,(absent from chain),1,syke_ifcb_2022,'ceratoneis closterium' is absent from the authority's classification of 2856
bbcf35f44d83,ERROR,ncbi,ncbi_lineage_contradiction,gonyaulax verior,NCBI_ID,2723146,Genus=gonyaulax,(absent from chain),1,syke_ifcb_2022,'gonyaulax' is absent from the authority's classification of 2723146
4cff5bd0ca59,ERROR,ncbi,ncbi_lineage_contradiction,gonyaulax verior,NCBI_ID,2723146,Species=gonyaulax verior,(absent from chain),1,syke_ifcb_2022,'gonyaulax verior' is absent from the authority's classification of 2723146
456d3e801372,ERROR,ncbi,ncbi_lineage_contradiction,helix aspersa,NCBI_ID,6535,Genus=helix,(absent from chain),1,global_uvp5,'helix' is absent from the authority's classification of 6535
2407951e36ef,ERROR,ncbi,ncbi_lineage_contradiction,helix aspersa,NCBI_ID,6535,Species=helix aspersa,(absent from chain),1,global_uvp5,'helix aspersa' is absent from the authority's classification of 6535
1345601d86fa,ERROR,ncbi,ncbi_lineage_contradiction,heterocapsa triquetra,NCBI_ID,66468,Genus=heterocapsa,(absent from chain),2,daplankton;syke_ifcb_2022,'heterocapsa' is absent from the authority's classification of 66468
a7e6fd6f86f8,ERROR,ncbi,ncbi_lineage_contradiction,heterocapsa triquetra,NCBI_ID,66468,Species=heterocapsa triquetra,(absent from chain),2,daplankton;syke_ifcb_2022,'heterocapsa triquetra' is absent from the authority's classification of 66468
37aa8a2f8398,ERROR,ncbi,ncbi_lineage_contradiction,leptocylindrus mediterraneus,NCBI_ID,1785165,Genus=leptocylindrus,(absent from chain),2,planktoscope;whoi,'leptocylindrus' is absent from the authority's classification of 1785165
da0e00f1a7ce,ERROR,ncbi,ncbi_lineage_contradiction,leptocylindrus mediterraneus,NCBI_ID,1785165,Species=leptocylindrus mediterraneus,(absent from chain),2,planktoscope;whoi,'leptocylindrus mediterraneus' is absent from the authority's classification of 1785165
7447c8260e6c,ERROR,ncbi,ncbi_lineage_contradiction,lioloma pacificum,NCBI_ID,3471099,Species=lioloma pacificum,(absent from chain),1,medplanktonset,'lioloma pacificum' is absent from the authority's classification of 3471099
2ea903bd1e53,ERROR,ncbi,ncbi_lineage_contradiction,odontella mobiliensis,NCBI_ID,655800,Genus=odontella,(absent from chain),1,planktoscope,'odontella' is absent from the authority's classification of 655800
4375c1ec3742,ERROR,ncbi,ncbi_lineage_contradiction,odontella mobiliensis,NCBI_ID,655800,Species=odontella mobiliensis,(absent from chain),1,planktoscope,'odontella mobiliensis' is absent from the authority's classification of 655800
a2e6bbf433f4,ERROR,ncbi,ncbi_lineage_contradiction,odontella sinensis,NCBI_ID,1514140,Genus=odontella,(absent from chain),1,planktoscope,'odontella' is absent from the authority's classification of 1514140
323af84a8929,ERROR,ncbi,ncbi_lineage_contradiction,odontella sinensis,NCBI_ID,1514140,Species=odontella sinensis,(absent from chain),1,planktoscope,'odontella sinensis' is absent from the authority's classification of 1514140
66dc9e45ee86,ERROR,ncbi,ncbi_lineage_contradiction,sinodiaptomus valkano,NCBI_ID,555049,Species=sinodiaptomus valkano,(absent from chain),1,frepj,'sinodiaptomus valkano' is absent from the authority's classification of 555049
74164a749451,ERROR,ncbi,ncbi_lineage_contradiction,tontonia gracillima,NCBI_ID,641222,Genus=tontonia,(absent from chain),1,whoi,'tontonia' is absent from the authority's classification of 641222
a5ddb55fca83,ERROR,ncbi,ncbi_lineage_contradiction,tontonia gracillima,NCBI_ID,641222,Species=tontonia gracillima,(absent from chain),1,whoi,'tontonia gracillima' is absent from the authority's classification of 641222
6fdbc0afd866,ERROR,ncbi,ncbi_name_mismatch,cyanobacteria,NCBI_ID,1117,cyanobacteria,Cyanobacteriota,10,daplankton;flowcamnet;planktoscope;syke_ifcb_2022;tara_pacific_bongo;tara_pacific_decknet;tara_pacific_hsn,the taxid names neither the CSV label nor any NCBI synonym of it
48ec601bd71c,ERROR,ncbi,ncbi_name_mismatch,leptocylindrus mediterraneus,NCBI_ID,1785165,leptocylindrus mediterraneus,Dactyliosolen mediterraneus,2,planktoscope;whoi,the taxid names neither the CSV label nor any NCBI synonym of it
cdfc35605762,ERROR,ncbi,ncbi_name_mismatch,lioloma pacificum,NCBI_ID,3471099,lioloma pacificum,Lioloma cf. pacificum,1,medplanktonset,the taxid names neither the CSV label nor any NCBI synonym of it
25e5b60f390c,ERROR,ncbi,ncbi_name_mismatch,pyrosomatida,NCBI_ID,76842,pyrosomatida,Pyrosomata,3,global_uvp5;tara_pacific_manta;zooscan,the taxid names neither the CSV label nor any NCBI synonym of it
8de70dc65dd2,ERROR,ncbi,ncbi_name_mismatch,radiozoa,NCBI_ID,543769,radiozoa,Rhizaria,7,jedioceans;medplanktonset;planktonset1.0;planktoscope,the taxid names neither the CSV label nor any NCBI synonym of it
32f45b2cc88e,ERROR,ncbi,ncbi_name_mismatch,sinodiaptomus valkano,NCBI_ID,555049,sinodiaptomus valkano,Sinodiaptomus valkanovi,1,frepj,the taxid names neither the CSV label nor any NCBI synonym of it
32898df17b9d,ERROR,ncbi,ncbi_name_mismatch,zoothamniidae,NCBI_ID,168255,zoothamniidae,Zoothamnidae,2,planktoscope;tara_pacific_decknet,the taxid names neither the CSV label nor any NCBI synonym of it
7f85b6d61c09,ERROR,wikidata,wikidata_name_mismatch,discosphaera tubifera,wikidata_ID,Q23059044,discosphaera tubifera,Discosphaera tubifer,1,medplanktonset,neither the P225 taxon name nor the English label matches the CSV label
41fa3a29f676,ERROR,wikidata,wikidata_name_mismatch,haslea silbo,wikidata_ID,Q123283803,haslea silbo,"Haslea silbo, A Novel Cosmopolitan Species of Blue Diatoms",1,medplanktonset,neither the P225 taxon name nor the English label matches the CSV label
6a8ba6edb32d,ERROR,wikidata,wikidata_name_mismatch,kapelodinium vestifici,wikidata_ID,Q25364681,kapelodinium vestifici,Torodinium,1,medplanktonset,neither the P225 taxon name nor the English label matches the CSV label
179b9249c58c,ERROR,wikidata,wikidata_name_mismatch,polycystina,wikidata_ID,Q3314313,polycystina,Polycystinea,2,global_uvp5,neither the P225 taxon name nor the English label matches the CSV label
f48c10c0e924,ERROR,wikidata,wikidata_name_mismatch,sinodiaptomus valkano,wikidata_ID,Q14343118,sinodiaptomus valkano,Sinodiaptomus valkanovi,1,frepj,neither the P225 taxon name nor the English label matches the CSV label
60156c3276ad,ERROR,worms,worms_lineage_contradiction,actinosphaerium nucleofilum,aphia_ID,590589,Family=actinosphaeriidae,(absent from chain),1,lensless,'actinosphaeriidae' is absent from the authority's classification of 590589
5e2a0e5ee2f5,ERROR,worms,worms_lineage_contradiction,ascomorpha,aphia_ID,134951,Family=gastropoidae,(absent from chain),1,frepj,'gastropoidae' is absent from the authority's classification of 134951
be1c1188e3fa,ERROR,worms,worms_lineage_contradiction,branchiostoma lanceolatum,aphia_ID,104906,Order=amphioxiformes,(absent from chain),1,tara_pacific_manta,'amphioxiformes' is absent from the authority's classification of 104906
cfe30c259b2b,ERROR,worms,worms_lineage_contradiction,collotheca,aphia_ID,134929,Order=collothecacea,(absent from chain),1,frepj,'collothecacea' is absent from the authority's classification of 134929
38049e858d2e,ERROR,worms,worms_lineage_contradiction,echidnophaga,aphia_ID,112045,Kingdom=animalia,(absent from chain),1,global_uvp5,'animalia' is absent from the authority's classification of 112045
b65c2c33a223,ERROR,worms,worms_lineage_contradiction,echidnophaga,aphia_ID,112045,Phylum=arthropoda,(absent from chain),1,global_uvp5,'arthropoda' is absent from the authority's classification of 112045
937795ed2f1e,ERROR,worms,worms_lineage_contradiction,echidnophaga,aphia_ID,112045,Class=hexapoda,(absent from chain),1,global_uvp5,'hexapoda' is absent from the authority's classification of 112045
33203f76df04,ERROR,worms,worms_lineage_contradiction,echidnophaga,aphia_ID,112045,Family=pulicidae,(absent from chain),1,global_uvp5,'pulicidae' is absent from the authority's classification of 112045
b347a3bbcc02,ERROR,worms,worms_lineage_contradiction,echidnophaga,aphia_ID,112045,Genus=echidnophaga,(absent from chain),1,global_uvp5,'echidnophaga' is absent from the authority's classification of 112045
991fea60a889,ERROR,worms,worms_lineage_contradiction,katablepharis remigera,aphia_ID,627117,Order=kathablepharidacea,(absent from chain),2,daplankton;syke_ifcb_2022,'kathablepharidacea' is absent from the authority's classification of 627117
2bf56a00c486,ERROR,worms,worms_lineage_contradiction,mediopyxis,aphia_ID,345484,Phylum=heterokontophyta,(absent from chain),1,planktoscope,'heterokontophyta' is absent from the authority's classification of 345484
8a4856b3d92f,ERROR,worms,worms_lineage_contradiction,mediopyxis,aphia_ID,345484,Class=bacillariophyceae,(absent from chain),1,planktoscope,'bacillariophyceae' is absent from the authority's classification of 345484
7e9225405c7a,ERROR,worms,worms_lineage_contradiction,mediopyxis,aphia_ID,345484,Order=lithodesmiales,(absent from chain),1,planktoscope,'lithodesmiales' is absent from the authority's classification of 345484
aba33cc74794,ERROR,worms,worms_lineage_contradiction,mediopyxis,aphia_ID,345484,Family=lithodesmiaceae,(absent from chain),1,planktoscope,'lithodesmiaceae' is absent from the authority's classification of 345484
19fcf45613d2,ERROR,worms,worms_lineage_contradiction,pseliodinium fusus,aphia_ID,1474876,Class=dinophyceae,(absent from chain),1,medplanktonset,'dinophyceae' is absent from the authority's classification of 1474876
e36cf921d886,ERROR,worms,worms_lineage_contradiction,pseliodinium fusus,aphia_ID,1474876,Order=peridiniales,(absent from chain),1,medplanktonset,'peridiniales' is absent from the authority's classification of 1474876
49ae527cb9ca,ERROR,worms,worms_lineage_contradiction,pseliodinium fusus,aphia_ID,1474876,Family=ceratoperidiniaceae,(absent from chain),1,medplanktonset,'ceratoperidiniaceae' is absent from the authority's classification of 1474876
8a0115193709,ERROR,worms,worms_lineage_contradiction,simocephalus serrulatus,aphia_ID,412852,Family=daphniida,(absent from chain),1,frepj,'daphniida' is absent from the authority's classification of 412852
8bb81d2e594b,ERROR,worms,worms_lineage_contradiction,simocephalus vetulus,aphia_ID,148404,Family=daphniida,(absent from chain),1,frepj,'daphniida' is absent from the authority's classification of 148404
e7ffcd97b0aa,ERROR,worms,worms_lineage_contradiction,sinodiaptomus valkano,aphia_ID,360601,Species=sinodiaptomus valkano,(absent from chain),1,frepj,'sinodiaptomus valkano' is absent from the authority's classification of 360601
ccf225d6fc7d,ERROR,worms,worms_lineage_contradiction,vorticella,aphia_ID,163573,Order=peritrichida,(absent from chain),2,frepj;tara_pacific_bongo,'peritrichida' is absent from the authority's classification of 163573
5ea823379991,ERROR,worms,worms_name_mismatch,actinosphaerium nucleofilum,aphia_ID,590589,actinosphaerium nucleofilum,Actinophryidae,1,lensless,the AphiaID names neither the CSV label nor its accepted synonym
6d3f92725eaa,ERROR,worms,worms_name_mismatch,sinodiaptomus valkano,aphia_ID,360601,sinodiaptomus valkano,Sinodiaptomus valkanovi,1,frepj,the AphiaID names neither the CSV label nor its accepted synonym
fa2b0c675d69,WARN,worms+ncbi,authority_depth_disagreement,actinosphaerium nucleofilum,aphia_ID+NCBI_ID,590589+238767,actinophryidae,actinosphaerium nucleofilum,1,lensless,the two registers resolve the row's identifiers to different depths of the same lineage
63c298015dc4,WARN,worms+ncbi,authority_depth_disagreement,aphanothece parallelliformis,aphia_ID+NCBI_ID,249704+1121,aphanothece parallelliformis,aphanothece,1,syke_ifcb_2022,the two registers resolve the row's identifiers to different depths of the same lineage
9051c004a4f8,WARN,worms+ncbi,authority_depth_disagreement,asterionella bleakeleyi,aphia_ID+NCBI_ID,149375+35129,asterionella bleakeleyi,asterionella,1,planktoscope,the two registers resolve the row's identifiers to different depths of the same lineage
19dbd8edb311,WARN,worms+ncbi,authority_depth_disagreement,asteromphalus sarcophagus,aphia_ID+NCBI_ID,394598+1529359,asteromphalus sarcophagus,asteromphalus,1,medplanktonset,the two registers resolve the row's identifiers to different depths of the same lineage
8334f3f0aa11,WARN,worms+ncbi,authority_depth_disagreement,blepharisma americanum,aphia_ID+NCBI_ID,178694+5960,blepharisma,blepharisma americanum,1,lensless,the two registers resolve the row's identifiers to different depths of the same lineage
9b862b03f79c,WARN,worms+ncbi,authority_depth_disagreement,bodonida,aphia_ID+NCBI_ID,562574+5653,bodonida,kinetoplastea,1,whoi,the two registers resolve the row's identifiers to different depths of the same lineage
8b38b82de61e,WARN,worms+ncbi,authority_depth_disagreement,calciopappus caudatus,aphia_ID+NCBI_ID,235924+418932,calciopappus caudatus,syracosphaeraceae,1,medplanktonset,the two registers resolve the row's identifiers to different depths of the same lineage
e7b39a337ce3,WARN,worms+ncbi,authority_depth_disagreement,calciosolenia brasiliensis,aphia_ID+NCBI_ID,555889+418928,calciosolenia brasiliensis,syracosphaerales,1,medplanktonset,the two registers resolve the row's identifiers to different depths of the same lineage
4ac213559c82,WARN,worms+ncbi,authority_depth_disagreement,centrales,aphia_ID+NCBI_ID,341285+33849,centrales,bacillariophyceae,3,daplankton;medplanktonset;syke_ifcb_2022,the two registers resolve the row's identifiers to different depths of the same lineage
093d59d11c58,WARN,worms+ncbi,authority_depth_disagreement,chaoborus,aphia_ID+NCBI_ID,118088+41812,diptera,chaoborus,2,frepj;zoolake,the two registers resolve the row's identifiers to different depths of the same lineage
997ccea9593e,WARN,worms+ncbi,authority_depth_disagreement,chrysochromulina lanceolata,aphia_ID+NCBI_ID,388470+35140,chrysochromulina lanceolata,chrysochromulina,1,medplanktonset,the two registers resolve the row's identifiers to different depths of the same lineage
62cb959f9975,WARN,worms+ncbi,authority_depth_disagreement,cladopyxis,aphia_ID+NCBI_ID,109509+1129411,cladopyxis,cladopyxidaceae,4,flowcamnet;planktoscope;tara_pacific_bongo;tara_pacific_decknet,the two registers resolve the row's identifiers to different depths of the same lineage
5d15def85f9e,WARN,worms+ncbi,authority_depth_disagreement,cladopyxis brachiolata,aphia_ID+NCBI_ID,109989+1129411,cladopyxis brachiolata,cladopyxidaceae,1,medplanktonset,the two registers resolve the row's identifiers to different depths of the same lineage
060ac49f9d2f,WARN,worms+ncbi,authority_depth_disagreement,corythodinium,aphia_ID+NCBI_ID,109527+240356,corythodinium,oxytoxaceae,1,planktoscope,the two registers resolve the row's identifiers to different depths of the same lineage
b0541da46f90,WARN,worms+ncbi,authority_depth_disagreement,corythodinium constrictum,aphia_ID+NCBI_ID,248059+240356,corythodinium constrictum,oxytoxaceae,2,medplanktonset;planktoscope,the two registers resolve the row's identifiers to different depths of the same lineage
946fa6007a14,WARN,worms+ncbi,authority_depth_disagreement,corythodinium milneri,aphia_ID+NCBI_ID,643805+240356,corythodinium milneri,oxytoxaceae,1,medplanktonset,the two registers resolve the row's identifiers to different depths of the same lineage
b077e6f18c8c,WARN,worms+ncbi,authority_depth_disagreement,corythodinium tesselatum,aphia_ID+NCBI_ID,110077+240356,corythodinium tesselatum,oxytoxaceae,1,planktoscope,the two registers resolve the row's identifiers to different depths of the same lineage
15899239db2e,WARN,worms+ncbi,authority_depth_disagreement,dinobryon coalescens,aphia_ID+NCBI_ID,573858+98059,dinobryon coalescens,dinobryon,1,medplanktonset,the two registers resolve the row's identifiers to different depths of the same lineage
b235f26502a6,WARN,worms+ncbi,authority_depth_disagreement,dinophysis parva,aphia_ID+NCBI_ID,109643+47933,dinophysis parva,dinophysis,1,medplanktonset,the two registers resolve the row's identifiers to different depths of the same lineage
4791f2cfd112,WARN,worms+ncbi,authority_depth_disagreement,discosphaera tubifera,aphia_ID+NCBI_ID,573399+418941,discosphaera tubifera,rhabdosphaeraceae,1,medplanktonset,the two registers resolve the row's identifiers to different depths of the same lineage
030424ac57ff,WARN,worms+ncbi,authority_depth_disagreement,echidnophaga,aphia_ID+NCBI_ID,112045+475928,siphonaperta,echidnophaga,1,global_uvp5,the two registers resolve the row's identifiers to different depths of the same lineage
d3c43d21a2dd,WARN,worms+ncbi,authority_depth_disagreement,epicancella,aphia_ID+NCBI_ID,425630+1236001,epicancella,epiplocylididae,1,planktoscope,the two registers resolve the row's identifiers to different depths of the same lineage
b2e870f4392e,WARN,worms+ncbi,authority_depth_disagreement,ethmodiscus gazellae,aphia_ID+NCBI_ID,573421+938126,coscinodiscus gazellae,ethmodiscus,1,planktoscope,the two registers resolve the row's identifiers to different depths of the same lineage
a4e1b3e1e8d2,WARN,worms+ncbi,authority_depth_disagreement,euphysetta,aphia_ID+NCBI_ID,345873+332297,euphysetta,medusettidae,1,planktoscope,the two registers resolve the row's identifiers to different depths of the same lineage
aec58927b455,WARN,worms+ncbi,authority_depth_disagreement,gephyrocapsa huxleyi,aphia_ID+NCBI_ID,236056+38816,gephyrocapsa huxleyi,gephyrocapsa,1,whoi,the two registers resolve the row's identifiers to different depths of the same lineage
3ebb7583c00c,WARN,worms+ncbi,authority_depth_disagreement,gossleriella,aphia_ID+NCBI_ID,602203+216785,gossleriella,coscinodiscales,1,planktoscope,the two registers resolve the row's identifiers to different depths of the same lineage
6ee8f29dd504,WARN,worms+ncbi,authority_depth_disagreement,leegaardiella ovalis,aphia_ID+NCBI_ID,101206+1925000,leegaardiella ovalis,leegaardiella,1,whoi,the two registers resolve the row's identifiers to different depths of the same lineage
af8cc29acd8b,WARN,worms+ncbi,authority_depth_disagreement,melosira arctica,aphia_ID+NCBI_ID,149042+1453603,melosira,melosira arctica,2,daplankton;syke_ifcb_2022,the two registers resolve the row's identifiers to different depths of the same lineage
eb615b6e9fcb,WARN,worms+ncbi,authority_depth_disagreement,microstellaria,aphia_ID+NCBI_ID,1761472+160015,microstellaria,pyramidellidae,1,zoocamnet,the two registers resolve the row's identifiers to different depths of the same lineage
35d676c4cdaa,WARN,worms+ncbi,authority_depth_disagreement,neobrightwellia alternans,aphia_ID+NCBI_ID,148966+1003021,biddulphiaceae,neobrightwellia alternans,1,medplanktonset,the two registers resolve the row's identifiers to different depths of the same lineage
0eb390fd3729,WARN,worms+ncbi,authority_depth_disagreement,neomoelleria cornuta,aphia_ID+NCBI_ID,1324082+33849,neomoelleria cornuta,bacillariophyceae,1,planktoscope,the two registers resolve the row's identifiers to different depths of the same lineage
3e1d61dd1703,WARN,worms+ncbi,authority_depth_disagreement,ophiaster,aphia_ID+NCBI_ID,115081+418932,ophiaster,syracosphaeraceae,1,medplanktonset,the two registers resolve the row's identifiers to different depths of the same lineage
309b2b474290,WARN,worms+ncbi,authority_depth_disagreement,oxytoxum caudatum,aphia_ID+NCBI_ID,110082+2950224,oxytoxum caudatum,oxytoxum,1,medplanktonset,the two registers resolve the row's identifiers to different depths of the same lineage
7787e0098ba1,WARN,worms+ncbi,authority_depth_disagreement,oxytoxum scolopax,aphia_ID+NCBI_ID,110115+2950224,oxytoxum scolopax,oxytoxum,1,medplanktonset,the two registers resolve the row's identifiers to different depths of the same lineage
0f36eef5d733,WARN,worms+ncbi,authority_depth_disagreement,oxytoxum variabile,aphia_ID+NCBI_ID,233868+2950224,oxytoxum variabile,oxytoxum,1,medplanktonset,the two registers resolve the row's identifiers to different depths of the same lineage
a0667c0bbec1,WARN,worms+ncbi,authority_depth_disagreement,parvicorbicula socialis,aphia_ID+NCBI_ID,105588+1925537,parvicorbicula socialis,parvicorbicula,1,whoi,the two registers resolve the row's identifiers to different depths of the same lineage
83cd48a75c9b,WARN,worms+ncbi,authority_depth_disagreement,pennales,aphia_ID+NCBI_ID,1304629+33849,pennales,bacillariophyceae,7,flowcamnet;medplanktonset;syke_ifcb_2022;whoi,the two registers resolve the row's identifiers to different depths of the same lineage
419f1e9f14dd,WARN,worms+ncbi,authority_depth_disagreement,poroecus,aphia_ID+NCBI_ID,415852+180938,poroecus,codonellidae,3,flowcamnet;tara_pacific_bongo;tara_pacific_decknet,the two registers resolve the row's identifiers to different depths of the same lineage
4e0fa5e33725,WARN,worms+ncbi,authority_depth_disagreement,protoperidinium diabolus,aphia_ID+NCBI_ID,110218+261839,protoperidinium diabolus,protoperidinium,1,medplanktonset,the two registers resolve the row's identifiers to different depths of the same lineage
5feace54b675,WARN,worms+ncbi,authority_depth_disagreement,pyramimonas longicauda,aphia_ID+NCBI_ID,160513+36882,pyramimonas longicauda,pyramimonas,1,whoi,the two registers resolve the row's identifiers to different depths of the same lineage
3aacc30eeefe,WARN,worms+ncbi,authority_depth_disagreement,pyrocystis hamulus,aphia_ID+NCBI_ID,232259+2971,pyrocystis hamulus,pyrocystis,1,planktoscope,the two registers resolve the row's identifiers to different depths of the same lineage
75a7eaaca0a2,WARN,worms+ncbi,authority_depth_disagreement,pyrocystis pseudonoctiluca,aphia_ID+NCBI_ID,573782+2971,pyrocystis pseudonoctiluca,pyrocystis,1,planktoscope,the two registers resolve the row's identifiers to different depths of the same lineage
2ba1db34a699,WARN,worms+ncbi,authority_depth_disagreement,radiozoa,aphia_ID+NCBI_ID,582421+543769,radiozoa,rhizaria,7,jedioceans;medplanktonset;planktonset1.0;planktoscope,the two registers resolve the row's identifiers to different depths of the same lineage
e9c9c540ff11,WARN,worms+ncbi,authority_depth_disagreement,rhabdonellopsis,aphia_ID+NCBI_ID,183550+211026,rhabdonellopsis,rhabdonellidae,3,planktoscope;tara_pacific_bongo;tara_pacific_decknet,the two registers resolve the row's identifiers to different depths of the same lineage
cb9fe0b05672,WARN,worms+ncbi,authority_depth_disagreement,rhabdosphaera clavigera,aphia_ID+NCBI_ID,235972+418941,rhabdosphaera clavigera,rhabdosphaeraceae,1,medplanktonset,the two registers resolve the row's identifiers to different depths of the same lineage
49a88c351fbf,WARN,worms+ncbi,authority_depth_disagreement,rhincalanidae,aphia_ID+NCBI_ID,345271+6833,rhincalanidae,calanoida,2,tara_pacific_hsn;zooscan,the two registers resolve the row's identifiers to different depths of the same lineage
957a8bff5cbf,WARN,worms+ncbi,authority_depth_disagreement,sessilia,aphia_ID+NCBI_ID,106033+116172,sessilia,thecostraca,1,sykezooscan2024,the two registers resolve the row's identifiers to different depths of the same lineage
a487ab34bf41,WARN,worms+ncbi,authority_depth_disagreement,strombidium wulffi,aphia_ID+NCBI_ID,101344+60005,strombidium wulffi,strombidium,1,whoi,the two registers resolve the row's identifiers to different depths of the same lineage
6e2ae97eb965,WARN,worms+ncbi,authority_depth_disagreement,tenuicylindrus belgicus,aphia_ID+NCBI_ID,149037+1398096,leptocylindraceae,tenuicylindrus belgicus,1,medplanktonset,the two registers resolve the row's identifiers to different depths of the same lineage
83c987cba641,WARN,worms+ncbi,authority_depth_disagreement,thalassionematales,aphia_ID+NCBI_ID,149090+33849,thalassionematales,bacillariophyceae,4,flowcamnet;planktoscope;tara_pacific_bongo;tara_pacific_decknet,the two registers resolve the row's identifiers to different depths of the same lineage
a240a96e722e,WARN,worms+ncbi,authority_depth_disagreement,thalassiosira levanderi,aphia_ID+NCBI_ID,149308+35127,thalassiosira levanderi,thalassiosira,1,syke_ifcb_2022,the two registers resolve the row's identifiers to different depths of the same lineage
68bd7c998882,WARN,worms+ncbi,authority_depth_disagreement,tontonia appendiculariformis,aphia_ID+NCBI_ID,101345+641220,tontonia appendiculariformis,tontoniidae,1,whoi,the two registers resolve the row's identifiers to different depths of the same lineage
a4c77d38b508,WARN,worms+ncbi,authority_depth_disagreement,tripos arcticus,aphia_ID+NCBI_ID,836815+2126447,tripos arcticus,tripos,1,planktoscope,the two registers resolve the row's identifiers to different depths of the same lineage
cf1da7235321,WARN,worms+ncbi,authority_depth_disagreement,tripos incisus,aphia_ID+NCBI_ID,841251+2126447,tripos incisus,tripos,1,planktoscope,the two registers resolve the row's identifiers to different depths of the same lineage
9bd498050eb1,WARN,worms+ncbi,authority_depth_disagreement,warnowia polyphemus,aphia_ID+NCBI_ID,233144+651390,warnowia polyphemus,warnowia,1,medplanktonset,the two registers resolve the row's identifiers to different depths of the same lineage
533330a9dad5,WARN,worms+ncbi,authority_depth_disagreement,xystonellopsis,aphia_ID+NCBI_ID,416150+211023,xystonellopsis,xystonellidae,1,planktoscope,the two registers resolve the row's identifiers to different depths of the same lineage
a94a9e9b4031,WARN,worms+ncbi,authority_depth_disagreement,xystonellopsis paradoxa,aphia_ID+NCBI_ID,417268+211023,xystonellopsis paradoxa,xystonellidae,1,planktoscope,the two registers resolve the row's identifiers to different depths of the same lineage
c1819fae2b85,WARN,worms,id_reused_across_taxa,asplanchna,aphia_ID,134935,asplanchna;asplanchna priodonta;asplanchna sieboldi,(one identifier denotes one taxon),0,"",3 distinct planktonzilla labels share this identifier
b46d7ef60ab4,WARN,ncbi,id_reused_across_taxa,asplanchna,NCBI_ID,84396,asplanchna;asplanchna priodonta;asplanchna sieboldi,(one identifier denotes one taxon),0,"",3 distinct planktonzilla labels share this identifier
8df832aab617,WARN,wikidata,id_reused_across_taxa,asplanchna,wikidata_ID,Q737675,asplanchna;asplanchna priodonta;asplanchna sieboldi,(one identifier denotes one taxon),0,"",3 distinct planktonzilla labels share this identifier
42bf56191d48,WARN,ncbi,id_reused_across_taxa,asterionella,NCBI_ID,35129,asterionella;asterionella bleakeleyi,(one identifier denotes one taxon),0,"",2 distinct planktonzilla labels share this identifier
c9986fa43aa0,WARN,ncbi,id_reused_across_taxa,asteromphalus,NCBI_ID,1529359,asteromphalus;asteromphalus sarcophagus,(one identifier denotes one taxon),0,"",2 distinct planktonzilla labels share this identifier
7d3af75f4451,WARN,ncbi,id_reused_across_taxa,bacillariophyceae,NCBI_ID,33849,bacillariophyceae;centrales;neomoelleria cornuta;pennales;thalassionematales,(one identifier denotes one taxon),0,"",5 distinct planktonzilla labels share this identifier
657daad4cdce,WARN,wikidata,id_reused_across_taxa,bacillariophyceae,wikidata_ID,Q2878349,bacillariophyceae;neomoelleria cornuta,(one identifier denotes one taxon),0,"",2 distinct planktonzilla labels share this identifier
391603e7c31f,WARN,worms,id_reused_across_taxa,bivalvia,aphia_ID,105,bivalvia;cladoceramus,(one identifier denotes one taxon),0,"",2 distinct planktonzilla labels share this identifier
b4fac2d8f1e1,WARN,ncbi,id_reused_across_taxa,bivalvia,NCBI_ID,6544,bivalvia;cladoceramus,(one identifier denotes one taxon),0,"",2 distinct planktonzilla labels share this identifier
69e9c7256ba3,WARN,worms,id_reused_across_taxa,bosmina,aphia_ID,106265,bosmina;bosmina fatalis;bosmina freyi;bosmina longirostris;bosmina tanakai,(one identifier denotes one taxon),0,"",5 distinct planktonzilla labels share this identifier
cdd70090db87,WARN,ncbi,id_reused_across_taxa,bosmina,NCBI_ID,27402,bosmina;bosmina fatalis;bosmina freyi;bosmina longirostris;bosmina tanakai,(one identifier denotes one taxon),0,"",5 distinct planktonzilla labels share this identifier
d5966d706b40,WARN,wikidata,id_reused_across_taxa,bosmina,wikidata_ID,Q618980,bosmina;bosmina fatalis;bosmina freyi;bosmina longirostris;bosmina tanakai,(one identifier denotes one taxon),0,"",5 distinct planktonzilla labels share this identifier
b6cf0ee78e6c,WARN,ncbi,id_reused_across_taxa,brachionus,NCBI_ID,10194,brachionus;brachionus angularis;brachionus budapestinensis;brachionus calyciflorus;brachionus caudatus;brachionus dimidiatus;brachionus diversicornis;brachionus falcatus;brachionus forficula;brachionus plicatilis;brachionus quadridentatus;brachionus sessilis;brachionus urceolaris,(one identifier denotes one taxon),0,"",13 distinct planktonzilla labels share this identifier
cc5b275da710,WARN,worms,id_reused_across_taxa,brachionus,aphia_ID,134937,brachionus;brachionus angularis;brachionus budapestinensis;brachionus calyciflorus;brachionus caudatus;brachionus dimidiatus;brachionus diversicornis;brachionus falcatus;brachionus forficula;brachionus plicatilis;brachionus quadridentatus;brachionus sessilis;brachionus urceolaris,(one identifier denotes one taxon),0,"",13 distinct planktonzilla labels share this identifier
2fb15e98ab7c,WARN,wikidata,id_reused_across_taxa,brachionus,wikidata_ID,Q3516967,brachionus;brachionus angularis;brachionus budapestinensis;brachionus calyciflorus;brachionus caudatus;brachionus dimidiatus;brachionus diversicornis;brachionus falcatus;brachionus forficula;brachionus plicatilis;brachionus quadridentatus;brachionus sessilis;brachionus urceolaris,(one identifier denotes one taxon),0,"",13 distinct planktonzilla labels share this identifier
ae031f980bb0,WARN,ncbi,id_reused_across_taxa,calanoida,NCBI_ID,6833,calanoida;rhincalanidae,(one identifier denotes one taxon),0,"",2 distinct planktonzilla labels share this identifier
1e8d15fdc1b9,WARN,ncbi,id_reused_across_taxa,calciopappus caudatus,NCBI_ID,418932,calciopappus caudatus;ophiaster,(one identifier denotes one taxon),0,"",2 distinct planktonzilla labels share this identifier
120e8b4930a9,WARN,worms,id_reused_across_taxa,centropyxis,aphia_ID,136759,centropyxis;centropyxis discoides,(one identifier denotes one taxon),0,"",2 distinct planktonzilla labels share this identifier
76f0697ba665,WARN,ncbi,id_reused_across_taxa,centropyxis,NCBI_ID,318527,centropyxis;centropyxis discoides,(one identifier denotes one taxon),0,"",2 distinct planktonzilla labels share this identifier
38bd385cbd99,WARN,wikidata,id_reused_across_taxa,centropyxis,wikidata_ID,Q72663,centropyxis;centropyxis discoides,(one identifier denotes one taxon),0,"",2 distinct planktonzilla labels share this identifier
31952596ecff,WARN,worms,id_reused_across_taxa,ceratium,aphia_ID,109506,ceratium;ceratium hirundinella,(one identifier denotes one taxon),0,"",2 distinct planktonzilla labels share this identifier
42e989f736b1,WARN,ncbi,id_reused_across_taxa,ceratium,NCBI_ID,2915,ceratium;ceratium hirundinella,(one identifier denotes one taxon),0,"",2 distinct planktonzilla labels share this identifier
7161a94da2ae,WARN,wikidata,id_reused_across_taxa,ceratium,wikidata_ID,Q287907,ceratium;ceratium hirundinella,(one identifier denotes one taxon),0,"",2 distinct planktonzilla labels share this identifier
c43dfa9d851d,WARN,ncbi,id_reused_across_taxa,ceratoneis closterium,NCBI_ID,2856,ceratoneis closterium;cylindrotheca closterium,(one identifier denotes one taxon),0,"",2 distinct planktonzilla labels share this identifier
3546a4677651,WARN,worms,id_reused_across_taxa,ceriodaphnia,aphia_ID,148376,ceriodaphnia;ceriodaphnia cornuta;ceriodaphnia dubia;ceriodaphnia pulchella,(one identifier denotes one taxon),0,"",4 distinct planktonzilla labels share this identifier
179a31a8c71f,WARN,ncbi,id_reused_across_taxa,ceriodaphnia,NCBI_ID,77671,ceriodaphnia;ceriodaphnia cornuta;ceriodaphnia dubia;ceriodaphnia pulchella,(one identifier denotes one taxon),0,"",4 distinct planktonzilla labels share this identifier
3600de91ac04,WARN,wikidata,id_reused_across_taxa,ceriodaphnia,wikidata_ID,Q6549092,ceriodaphnia;ceriodaphnia cornuta;ceriodaphnia dubia;ceriodaphnia pulchella,(one identifier denotes one taxon),0,"",4 distinct planktonzilla labels share this identifier
78ad5ede503c,WARN,worms,id_reused_across_taxa,chaetoceros,aphia_ID,148985,chaetoceros;chaetoceros dadayi,(one identifier denotes one taxon),0,"",2 distinct planktonzilla labels share this identifier
db340e58540d,WARN,ncbi,id_reused_across_taxa,chaetoceros,NCBI_ID,49237,chaetoceros;chaetoceros dadayi,(one identifier denotes one taxon),0,"",2 distinct planktonzilla labels share this identifier
a38739504863,WARN,ncbi,id_reused_across_taxa,chrysochromulina,NCBI_ID,35140,chrysochromulina;chrysochromulina lanceolata,(one identifier denotes one taxon),0,"",2 distinct planktonzilla labels share this identifier
f1eae1414f79,WARN,ncbi,id_reused_across_taxa,cladopyxis,NCBI_ID,1129411,cladopyxis;cladopyxis brachiolata,(one identifier denotes one taxon),0,"",2 distinct planktonzilla labels share this identifier
7ae6165cd995,WARN,worms,id_reused_across_taxa,climacodium,aphia_ID,196803,climacodium;climacodium crocosphaera,(one identifier denotes one taxon),0,"",2 distinct planktonzilla labels share this identifier
a72e2571ccd0,WARN,ncbi,id_reused_across_taxa,climacodium,NCBI_ID,2022333,climacodium;climacodium crocosphaera,(one identifier denotes one taxon),0,"",2 distinct planktonzilla labels share this identifier
c1754ea719ef,WARN,wikidata,id_reused_across_taxa,climacodium,wikidata_ID,Q25366289,climacodium;climacodium crocosphaera,(one identifier denotes one taxon),0,"",2 distinct planktonzilla labels share this identifier
7d1cdba87f1c,WARN,ncbi,id_reused_across_taxa,conochiloides,NCBI_ID,1917124,conochiloides;conochiloides dossuarius,(one identifier denotes one taxon),0,"",2 distinct planktonzilla labels share this identifier
d255ff04262f,WARN,wikidata,id_reused_across_taxa,conochiloides,wikidata_ID,Q21349732,conochiloides;conochiloides dossuarius,(one identifier denotes one taxon),0,"",2 distinct planktonzilla labels share this identifier
e80c229d17fd,WARN,worms,id_reused_across_taxa,conochilus,aphia_ID,134930,conochilus;conochilus unicornis,(one identifier denotes one taxon),0,"",2 distinct planktonzilla labels share this identifier
0a2944dea346,WARN,ncbi,id_reused_across_taxa,conochilus,NCBI_ID,360647,conochilus;conochilus unicornis,(one identifier denotes one taxon),0,"",2 distinct planktonzilla labels share this identifier
cf089d7c7436,WARN,wikidata,id_reused_across_taxa,conochilus,wikidata_ID,Q4195327,conochilus;conochilus unicornis,(one identifier denotes one taxon),0,"",2 distinct planktonzilla labels share this identifier
507f0425461c,WARN,ncbi,id_reused_across_taxa,corythodinium,NCBI_ID,240356,corythodinium;corythodinium constrictum;corythodinium milneri;corythodinium tesselatum,(one identifier denotes one taxon),0,"",4 distinct planktonzilla labels share this identifier
04280cb9c7a6,WARN,worms,id_reused_across_taxa,cyclops,aphia_ID,149782,cyclops;cyclops kikuchii;cyclops vicinus,(one identifier denotes one taxon),0,"",3 distinct planktonzilla labels share this identifier
0e66a6fab9b8,WARN,ncbi,id_reused_across_taxa,cyclops,NCBI_ID,263416,cyclops;cyclops kikuchii;cyclops vicinus,(one identifier denotes one taxon),0,"",3 distinct planktonzilla labels share this identifier
9c3bbda8ae0f,WARN,wikidata,id_reused_across_taxa,cyclops,wikidata_ID,Q1421606,cyclops;cyclops kikuchii;cyclops vicinus,(one identifier denotes one taxon),0,"",3 distinct planktonzilla labels share this identifier
6651a8fae7f8,WARN,worms,id_reused_across_taxa,daphnia,aphia_ID,148370,daphnia;daphnia ambigua;daphnia cristata;daphnia dentifera;daphnia galeata;daphnia longiremis;daphnia mitsukuri;daphnia pulex;daphnia tanakai,(one identifier denotes one taxon),0,"",9 distinct planktonzilla labels share this identifier
3cc54f09b421,WARN,ncbi,id_reused_across_taxa,daphnia,NCBI_ID,6668,daphnia;daphnia ambigua;daphnia cristata;daphnia dentifera;daphnia galeata;daphnia longiremis;daphnia mitsukuri;daphnia pulex;daphnia tanakai,(one identifier denotes one taxon),0,"",9 distinct planktonzilla labels share this identifier
4cf04c50880f,WARN,wikidata,id_reused_across_taxa,daphnia,wikidata_ID,Q269354,daphnia;daphnia ambigua;daphnia cristata;daphnia dentifera;daphnia galeata;daphnia longiremis;daphnia mitsukuri;daphnia pulex;daphnia tanakai,(one identifier denotes one taxon),0,"",9 distinct planktonzilla labels share this identifier
730fc0bcf45d,WARN,worms,id_reused_across_taxa,diacyclops,aphia_ID,149783,diacyclops;diacyclops biscuspidatus,(one identifier denotes one taxon),0,"",2 distinct planktonzilla labels share this identifier
a98aedafaea9,WARN,ncbi,id_reused_across_taxa,diacyclops,NCBI_ID,516365,diacyclops;diacyclops biscuspidatus,(one identifier denotes one taxon),0,"",2 distinct planktonzilla labels share this identifier
03bf26c4153e,WARN,wikidata,id_reused_across_taxa,diacyclops,wikidata_ID,Q6555177,diacyclops;diacyclops biscuspidatus,(one identifier denotes one taxon),0,"",2 distinct planktonzilla labels share this identifier
d87666923936,WARN,ncbi,id_reused_across_taxa,diaphanosoma,NCBI_ID,117531,diaphanosoma;diaphanosoma brachyurum;diaphanosoma dubium;diaphanosoma macrophthalma;diaphanosoma nipponica;diaphanosoma orientalis,(one identifier denotes one taxon),0,"",6 distinct planktonzilla labels share this identifier
f6f8e7bdb0ed,WARN,worms,id_reused_across_taxa,diaphanosoma,aphia_ID,234062,diaphanosoma;diaphanosoma brachyurum;diaphanosoma dubium;diaphanosoma macrophthalma;diaphanosoma nipponica;diaphanosoma orientalis,(one identifier denotes one taxon),0,"",6 distinct planktonzilla labels share this identifier
40ba47165ba3,WARN,wikidata,id_reused_across_taxa,diaphanosoma,wikidata_ID,Q4561167,diaphanosoma;diaphanosoma brachyurum;diaphanosoma dubium;diaphanosoma macrophthalma;diaphanosoma nipponica;diaphanosoma orientalis,(one identifier denotes one taxon),0,"",6 distinct planktonzilla labels share this identifier
17d5a42b1287,WARN,ncbi,id_reused_across_taxa,dicranophorus,NCBI_ID,360658,dicranophorus;dicranophorus uncinatus,(one identifier denotes one taxon),0,"",2 distinct planktonzilla labels share this identifier
3a84f22c895a,WARN,worms,id_reused_across_taxa,dicranophorus,aphia_ID,368545,dicranophorus;dicranophorus uncinatus,(one identifier denotes one taxon),0,"",2 distinct planktonzilla labels share this identifier
4bc34a4eb93e,WARN,wikidata,id_reused_across_taxa,dicranophorus,wikidata_ID,Q4169857,dicranophorus;dicranophorus uncinatus,(one identifier denotes one taxon),0,"",2 distinct planktonzilla labels share this identifier
992f821fcec0,WARN,ncbi,id_reused_across_taxa,dinobryon,NCBI_ID,98059,dinobryon;dinobryon coalescens,(one identifier denotes one taxon),0,"",2 distinct planktonzilla labels share this identifier
64039349354d,WARN,wikidata,id_reused_across_taxa,dinobryon,wikidata_ID,Q1226656,dinobryon;dinobryon coalescens,(one identifier denotes one taxon),0,"",2 distinct planktonzilla labels share this identifier
20b73e493580,WARN,ncbi,id_reused_across_taxa,dinophysis,NCBI_ID,47933,dinophysis;dinophysis parva,(one identifier denotes one taxon),0,"",2 distinct planktonzilla labels share this identifier
228cf9015415,WARN,ncbi,id_reused_across_taxa,discosphaera tubifera,NCBI_ID,418941,discosphaera tubifera;rhabdosphaera clavigera,(one identifier denotes one taxon),0,"",2 distinct planktonzilla labels share this identifier
64705407f410,WARN,ncbi,id_reused_across_taxa,euphysetta,NCBI_ID,332297,euphysetta;medusettidae,(one identifier denotes one taxon),0,"",2 distinct planktonzilla labels share this identifier
75121a55c839,WARN,ncbi,id_reused_across_taxa,gonyaulax verior,NCBI_ID,2723146,gonyaulax verior;sourniaea diacantha,(one identifier denotes one taxon),0,"",2 distinct planktonzilla labels share this identifier
854fed03a60d,WARN,worms,id_reused_across_taxa,helix,aphia_ID,153970,helix;helix aspersa,(one identifier denotes one taxon),0,"",2 distinct planktonzilla labels share this identifier
49ab001b2dc6,WARN,ncbi,id_reused_across_taxa,heterocapsa triquetra,NCBI_ID,66468,heterocapsa triquetra;kryptoperidinium triquetrum,(one identifier denotes one taxon),0,"",2 distinct planktonzilla labels share this identifier
0c611e53b479,WARN,wikidata,id_reused_across_taxa,kapelodinium vestifici,wikidata_ID,Q25364681,kapelodinium vestifici;torodinium,(one identifier denotes one taxon),0,"",2 distinct planktonzilla labels share this identifier
dd68c9f854d1,WARN,ncbi,id_reused_across_taxa,kellicottia,NCBI_ID,1213226,kellicottia;kellicottia bostoniensis;kellicottia longispina,(one identifier denotes one taxon),0,"",3 distinct planktonzilla labels share this identifier
1201bc13714c,WARN,worms,id_reused_across_taxa,kellicottia,aphia_ID,134940,kellicottia;kellicottia bostoniensis;kellicottia longispina,(one identifier denotes one taxon),0,"",3 distinct planktonzilla labels share this identifier
05fbc9b0cfce,WARN,wikidata,id_reused_across_taxa,kellicottia,wikidata_ID,Q1738282,kellicottia;kellicottia bostoniensis;kellicottia longispina,(one identifier denotes one taxon),0,"",3 distinct planktonzilla labels share this identifier
e37309714146,WARN,worms,id_reused_across_taxa,leptodora,aphia_ID,247922,leptodora;leptodora kindtii,(one identifier denotes one taxon),0,"",2 distinct planktonzilla labels share this identifier
3d9dd2d5e673,WARN,ncbi,id_reused_across_taxa,leptodora,NCBI_ID,77706,leptodora;leptodora kindtii,(one identifier denotes one taxon),0,"",2 distinct planktonzilla labels share this identifier
f9947c5a8adf,WARN,wikidata,id_reused_across_taxa,leptodora,wikidata_ID,Q15886001,leptodora;leptodora kindtii,(one identifier denotes one taxon),0,"",2 distinct planktonzilla labels share this identifier
68ac37640661,WARN,worms,id_reused_across_taxa,melosira,aphia_ID,149042,melosira;melosira arctica,(one identifier denotes one taxon),0,"",2 distinct planktonzilla labels share this identifier
001ded997b6d,WARN,ncbi,id_reused_across_taxa,monostyla,NCBI_ID,145460,monostyla;monostyla acus;monostyla closterocerca;monostyla furcata;monostyla hamata;monostyla opias;monostyla pyriformis;monostyla quadridentata,(one identifier denotes one taxon),0,"",8 distinct planktonzilla labels share this identifier
76f4aa8bd762,WARN,wikidata,id_reused_across_taxa,monostyla,wikidata_ID,Q21229661,monostyla;monostyla acus;monostyla closterocerca;monostyla furcata;monostyla hamata;monostyla opias;monostyla pyriformis;monostyla quadridentata,(one identifier denotes one taxon),0,"",8 distinct planktonzilla labels share this identifier
c84d48b7c4f2,WARN,wikidata,id_reused_across_taxa,octactis,wikidata_ID,Q25367454,octactis;octactis octonaria,(one identifier denotes one taxon),0,"",2 distinct planktonzilla labels share this identifier
017f360aee12,WARN,ncbi,id_reused_across_taxa,odontella mobiliensis,NCBI_ID,655800,odontella mobiliensis;trieres mobiliensis,(one identifier denotes one taxon),0,"",2 distinct planktonzilla labels share this identifier
80ba0ce142bc,WARN,ncbi,id_reused_across_taxa,oxytoxum,NCBI_ID,2950224,oxytoxum;oxytoxum caudatum;oxytoxum scolopax;oxytoxum variabile,(one identifier denotes one taxon),0,"",4 distinct planktonzilla labels share this identifier
6dd12618d55f,WARN,worms,id_reused_across_taxa,polyarthra,aphia_ID,134957,polyarthra;polyarthra euryptera;polyarthra remata;polyarthra vulgaris,(one identifier denotes one taxon),0,"",4 distinct planktonzilla labels share this identifier
a8892ea461a8,WARN,ncbi,id_reused_across_taxa,polyarthra,NCBI_ID,3024083,polyarthra;polyarthra euryptera;polyarthra remata;polyarthra vulgaris,(one identifier denotes one taxon),0,"",4 distinct planktonzilla labels share this identifier
08e06e03edf4,WARN,wikidata,id_reused_across_taxa,polyarthra,wikidata_ID,Q2102727,polyarthra;polyarthra euryptera;polyarthra remata;polyarthra vulgaris,(one identifier denotes one taxon),0,"",4 distinct planktonzilla labels share this identifier
babd9f571435,WARN,wikidata,id_reused_across_taxa,prorocentrum,wikidata_ID,Q6087994,prorocentrum;prorocentrum redfieldii,(one identifier denotes one taxon),0,"",2 distinct planktonzilla labels share this identifier
e596574c9b3b,WARN,ncbi,id_reused_across_taxa,protoperidinium,NCBI_ID,261839,protoperidinium;protoperidinium diabolus,(one identifier denotes one taxon),0,"",2 distinct planktonzilla labels share this identifier
e75dfdfaa0fa,WARN,ncbi,id_reused_across_taxa,pyramimonas,NCBI_ID,36882,pyramimonas;pyramimonas longicauda,(one identifier denotes one taxon),0,"",2 distinct planktonzilla labels share this identifier
f2e86358145d,WARN,ncbi,id_reused_across_taxa,pyrocystis,NCBI_ID,2971,pyrocystis;pyrocystis hamulus;pyrocystis pseudonoctiluca,(one identifier denotes one taxon),0,"",3 distinct planktonzilla labels share this identifier
b06fed8a85a0,WARN,ncbi,id_reused_across_taxa,sessilia,NCBI_ID,116172,sessilia;thecostraca,(one identifier denotes one taxon),0,"",2 distinct planktonzilla labels share this identifier
1eb48fcbe2c5,WARN,ncbi,id_reused_across_taxa,strombidium,NCBI_ID,60005,strombidium;strombidium wulffi,(one identifier denotes one taxon),0,"",2 distinct planktonzilla labels share this identifier
78a5acf1b6ba,WARN,worms,id_reused_across_taxa,synchaeta,aphia_ID,134958,synchaeta;synchaeta oblonga;synchaeta stylata;synchaeta tremula,(one identifier denotes one taxon),0,"",4 distinct planktonzilla labels share this identifier
bc418b05dc91,WARN,ncbi,id_reused_across_taxa,synchaeta,NCBI_ID,204744,synchaeta;synchaeta oblonga;synchaeta stylata;synchaeta tremula,(one identifier denotes one taxon),0,"",4 distinct planktonzilla labels share this identifier
fbef5c6b6e94,WARN,wikidata,id_reused_across_taxa,synchaeta,wikidata_ID,Q1254189,synchaeta;synchaeta oblonga;synchaeta stylata;synchaeta tremula,(one identifier denotes one taxon),0,"",4 distinct planktonzilla labels share this identifier
a1f3f709d348,WARN,ncbi,id_reused_across_taxa,thalassiosira,NCBI_ID,35127,thalassiosira;thalassiosira levanderi,(one identifier denotes one taxon),0,"",2 distinct planktonzilla labels share this identifier
569d9c90da5d,WARN,worms,id_reused_across_taxa,trichocerca,aphia_ID,134959,trichocerca;trichocerca bicristata;trichocerca birostris;trichocerca capucina;trichocerca cylindrica;trichocerca elongata;trichocerca longiseta;trichocerca mucosa;trichocerca pusilla;trichocerca rattus,(one identifier denotes one taxon),0,"",10 distinct planktonzilla labels share this identifier
e46219f7cdca,WARN,ncbi,id_reused_across_taxa,trichocerca,NCBI_ID,360703,trichocerca;trichocerca bicristata;trichocerca birostris;trichocerca capucina;trichocerca cylindrica;trichocerca elongata;trichocerca longiseta;trichocerca mucosa;trichocerca pusilla;trichocerca rattus,(one identifier denotes one taxon),0,"",10 distinct planktonzilla labels share this identifier
1dab02e92bcf,WARN,wikidata,id_reused_across_taxa,trichocerca,wikidata_ID,Q2452640,trichocerca;trichocerca bicristata;trichocerca birostris;trichocerca capucina;trichocerca cylindrica;trichocerca elongata;trichocerca longiseta;trichocerca mucosa;trichocerca pusilla;trichocerca rattus,(one identifier denotes one taxon),0,"",10 distinct planktonzilla labels share this identifier
37feb6cb5ff2,WARN,ncbi,id_reused_across_taxa,tripos,NCBI_ID,2126447,tripos;tripos arcticus;tripos incisus,(one identifier denotes one taxon),0,"",3 distinct planktonzilla labels share this identifier
2c96749081a7,WARN,wikidata,id_reused_across_taxa,tripos,wikidata_ID,Q18606362,tripos;tripos geniculatus;tripos horridus,(one identifier denotes one taxon),0,"",3 distinct planktonzilla labels share this identifier
9c422c8dad01,WARN,ncbi,id_reused_across_taxa,xystonellidae,NCBI_ID,211023,xystonellidae;xystonellopsis;xystonellopsis paradoxa,(one identifier denotes one taxon),0,"",3 distinct planktonzilla labels share this identifier
6ca18f506409,WARN,ncbi,ncbi_id_coarser_than_label,aphanothece parallelliformis,NCBI_ID,1121,Species=aphanothece parallelliformis,Genus=Aphanothece,1,syke_ifcb_2022,"the identifier resolves to the row's Genus, not to its Species"
40b21bb5f193,WARN,ncbi,ncbi_id_coarser_than_label,asplanchna priodonta,NCBI_ID,84396,Species=asplanchna priodonta,Genus=Asplanchna,1,frepj,"the identifier resolves to the row's Genus, not to its Species"
0880126e43dc,WARN,ncbi,ncbi_id_coarser_than_label,asplanchna sieboldi,NCBI_ID,84396,Species=asplanchna sieboldi,Genus=Asplanchna,1,frepj,"the identifier resolves to the row's Genus, not to its Species"
e7095e9a210d,WARN,ncbi,ncbi_id_coarser_than_label,asterionella bleakeleyi,NCBI_ID,35129,Species=asterionella bleakeleyi,Genus=Asterionella,1,planktoscope,"the identifier resolves to the row's Genus, not to its Species"
c3b0c481b7c0,WARN,ncbi,ncbi_id_coarser_than_label,asteromphalus sarcophagus,NCBI_ID,1529359,Species=asteromphalus sarcophagus,Genus=Asteromphalus,1,medplanktonset,"the identifier resolves to the row's Genus, not to its Species"
f15d4ba50a8c,WARN,ncbi,ncbi_id_coarser_than_label,bodonida,NCBI_ID,5653,Order=bodonida,Class=Kinetoplastea,1,whoi,"the identifier resolves to the row's Class, not to its Order"
6787cd4963e6,WARN,ncbi,ncbi_id_coarser_than_label,bosmina fatalis,NCBI_ID,27402,Species=bosmina fatalis,Genus=Bosmina,1,frepj,"the identifier resolves to the row's Genus, not to its Species"
7f64bada3a87,WARN,ncbi,ncbi_id_coarser_than_label,bosmina freyi,NCBI_ID,27402,Species=bosmina freyi,Genus=Bosmina,1,frepj,"the identifier resolves to the row's Genus, not to its Species"
9fc10a746eff,WARN,ncbi,ncbi_id_coarser_than_label,bosmina longirostris,NCBI_ID,27402,Species=bosmina longirostris,Genus=Bosmina,1,frepj,"the identifier resolves to the row's Genus, not to its Species"
c2b958b57857,WARN,ncbi,ncbi_id_coarser_than_label,bosmina tanakai,NCBI_ID,27402,Species=bosmina tanakai,Genus=Bosmina,1,frepj,"the identifier resolves to the row's Genus, not to its Species"
694f5fcca86d,WARN,ncbi,ncbi_id_coarser_than_label,brachionus angularis,NCBI_ID,10194,Species=brachionus angularis,Genus=Brachionus,1,frepj,"the identifier resolves to the row's Genus, not to its Species"
e95a85ddcacc,WARN,ncbi,ncbi_id_coarser_than_label,brachionus budapestinensis,NCBI_ID,10194,Species=brachionus budapestinensis,Genus=Brachionus,1,frepj,"the identifier resolves to the row's Genus, not to its Species"
21d557fd6157,WARN,ncbi,ncbi_id_coarser_than_label,brachionus calyciflorus,NCBI_ID,10194,Species=brachionus calyciflorus,Genus=Brachionus,1,frepj,"the identifier resolves to the row's Genus, not to its Species"
764401b734f3,WARN,ncbi,ncbi_id_coarser_than_label,brachionus caudatus,NCBI_ID,10194,Species=brachionus caudatus,Genus=Brachionus,1,frepj,"the identifier resolves to the row's Genus, not to its Species"
34e21290fe96,WARN,ncbi,ncbi_id_coarser_than_label,brachionus dimidiatus,NCBI_ID,10194,Species=brachionus dimidiatus,Genus=Brachionus,1,frepj,"the identifier resolves to the row's Genus, not to its Species"
28f8bc337e7c,WARN,ncbi,ncbi_id_coarser_than_label,brachionus diversicornis,NCBI_ID,10194,Species=brachionus diversicornis,Genus=Brachionus,1,frepj,"the identifier resolves to the row's Genus, not to its Species"
6e58fa9a4f95,WARN,ncbi,ncbi_id_coarser_than_label,brachionus falcatus,NCBI_ID,10194,Species=brachionus falcatus,Genus=Brachionus,1,frepj,"the identifier resolves to the row's Genus, not to its Species"
2d674149a16a,WARN,ncbi,ncbi_id_coarser_than_label,brachionus forficula,NCBI_ID,10194,Species=brachionus forficula,Genus=Brachionus,1,frepj,"the identifier resolves to the row's Genus, not to its Species"
277109669d39,WARN,ncbi,ncbi_id_coarser_than_label,brachionus plicatilis,NCBI_ID,10194,Species=brachionus plicatilis,Genus=Brachionus,1,frepj,"the identifier resolves to the row's Genus, not to its Species"
eae74e0c2351,WARN,ncbi,ncbi_id_coarser_than_label,brachionus quadridentatus,NCBI_ID,10194,Species=brachionus quadridentatus,Genus=Brachionus,1,frepj,"the identifier resolves to the row's Genus, not to its Species"
40bace76ec45,WARN,ncbi,ncbi_id_coarser_than_label,brachionus sessilis,NCBI_ID,10194,Species=brachionus sessilis,Genus=Brachionus,1,frepj,"the identifier resolves to the row's Genus, not to its Species"
b4992c4f4253,WARN,ncbi,ncbi_id_coarser_than_label,brachionus urceolaris,NCBI_ID,10194,Species=brachionus urceolaris,Genus=Brachionus,1,frepj,"the identifier resolves to the row's Genus, not to its Species"
f236c7952a56,WARN,ncbi,ncbi_id_coarser_than_label,calciopappus caudatus,NCBI_ID,418932,Species=calciopappus caudatus,Family=Syracosphaeraceae,1,medplanktonset,"the identifier resolves to the row's Family, not to its Species"
f6090939a703,WARN,ncbi,ncbi_id_coarser_than_label,calciosolenia brasiliensis,NCBI_ID,418928,Species=calciosolenia brasiliensis,Order=Syracosphaerales,1,medplanktonset,"the identifier resolves to the row's Order, not to its Species"
c1e84ec090f4,WARN,ncbi,ncbi_id_coarser_than_label,centrales,NCBI_ID,33849,Order=centrales,Class=Bacillariophyceae,3,daplankton;medplanktonset;syke_ifcb_2022,"the identifier resolves to the row's Class, not to its Order"
dc16c582fe55,WARN,ncbi,ncbi_id_coarser_than_label,centropyxis discoides,NCBI_ID,318527,Species=centropyxis discoides,Genus=Centropyxis,1,frepj,"the identifier resolves to the row's Genus, not to its Species"
e9ee572e04c4,WARN,ncbi,ncbi_id_coarser_than_label,ceratium hirundinella,NCBI_ID,2915,Species=ceratium hirundinella,Genus=Ceratium,1,frepj,"the identifier resolves to the row's Genus, not to its Species"
bd4bf93368db,WARN,ncbi,ncbi_id_coarser_than_label,ceriodaphnia cornuta,NCBI_ID,77671,Species=ceriodaphnia cornuta,Genus=Ceriodaphnia,1,frepj,"the identifier resolves to the row's Genus, not to its Species"
d8a543b14ec2,WARN,ncbi,ncbi_id_coarser_than_label,ceriodaphnia dubia,NCBI_ID,77671,Species=ceriodaphnia dubia,Genus=Ceriodaphnia,1,frepj,"the identifier resolves to the row's Genus, not to its Species"
475b33f407e8,WARN,ncbi,ncbi_id_coarser_than_label,ceriodaphnia pulchella,NCBI_ID,77671,Species=ceriodaphnia pulchella,Genus=Ceriodaphnia,1,frepj,"the identifier resolves to the row's Genus, not to its Species"
4d0b051223af,WARN,ncbi,ncbi_id_coarser_than_label,chaetoceros dadayi,NCBI_ID,49237,Species=chaetoceros dadayi,Genus=Chaetoceros,1,planktoscope,"the identifier resolves to the row's Genus, not to its Species"
53b4552a1d22,WARN,ncbi,ncbi_id_coarser_than_label,chrysochromulina lanceolata,NCBI_ID,35140,Species=chrysochromulina lanceolata,Genus=Chrysochromulina,1,medplanktonset,"the identifier resolves to the row's Genus, not to its Species"
a35728db4576,WARN,ncbi,ncbi_id_coarser_than_label,cladoceramus,NCBI_ID,6544,Genus=cladoceramus,Class=Bivalvia,1,zoocamnet,"the identifier resolves to the row's Class, not to its Genus"
681da6e03ac9,WARN,ncbi,ncbi_id_coarser_than_label,cladopyxis,NCBI_ID,1129411,Genus=cladopyxis,Family=Cladopyxidaceae,4,flowcamnet;planktoscope;tara_pacific_bongo;tara_pacific_decknet,"the identifier resolves to the row's Family, not to its Genus"
ff1748469055,WARN,ncbi,ncbi_id_coarser_than_label,cladopyxis brachiolata,NCBI_ID,1129411,Species=cladopyxis brachiolata,Family=Cladopyxidaceae,1,medplanktonset,"the identifier resolves to the row's Family, not to its Species"
ebcedc92b8b4,WARN,ncbi,ncbi_id_coarser_than_label,climacodium crocosphaera,NCBI_ID,2022333,Species=climacodium crocosphaera,Genus=Climacodium,2,flowcamnet;tara_pacific_decknet,"the identifier resolves to the row's Genus, not to its Species"
274480f3ab12,WARN,ncbi,ncbi_id_coarser_than_label,conochiloides dossuarius,NCBI_ID,1917124,Species=conochiloides dossuarius,Genus=Conochiloides,1,frepj,"the identifier resolves to the row's Genus, not to its Species"
8bf111631073,WARN,ncbi,ncbi_id_coarser_than_label,conochilus unicornis,NCBI_ID,360647,Species=conochilus unicornis,Genus=Conochilus,1,frepj,"the identifier resolves to the row's Genus, not to its Species"
5ae01fa442dc,WARN,ncbi,ncbi_id_coarser_than_label,corythodinium,NCBI_ID,240356,Genus=corythodinium,Family=Oxytoxaceae,1,planktoscope,"the identifier resolves to the row's Family, not to its Genus"
8c89dd8776aa,WARN,ncbi,ncbi_id_coarser_than_label,corythodinium constrictum,NCBI_ID,240356,Species=corythodinium constrictum,Family=Oxytoxaceae,2,medplanktonset;planktoscope,"the identifier resolves to the row's Family, not to its Species"
360739d93e43,WARN,ncbi,ncbi_id_coarser_than_label,corythodinium milneri,NCBI_ID,240356,Species=corythodinium milneri,Family=Oxytoxaceae,1,medplanktonset,"the identifier resolves to the row's Family, not to its Species"
d4d32272b7d6,WARN,ncbi,ncbi_id_coarser_than_label,corythodinium tesselatum,NCBI_ID,240356,Species=corythodinium tesselatum,Family=Oxytoxaceae,1,planktoscope,"the identifier resolves to the row's Family, not to its Species"
f204bd29e087,WARN,ncbi,ncbi_id_coarser_than_label,cyclops kikuchii,NCBI_ID,263416,Species=cyclops kikuchii,Genus=Cyclops,1,frepj,"the identifier resolves to the row's Genus, not to its Species"
ceddf640e2e8,WARN,ncbi,ncbi_id_coarser_than_label,cyclops vicinus,NCBI_ID,263416,Species=cyclops vicinus,Genus=Cyclops,1,frepj,"the identifier resolves to the row's Genus, not to its Species"
dee63e1f7b06,WARN,ncbi,ncbi_id_coarser_than_label,daphnia ambigua,NCBI_ID,6668,Species=daphnia ambigua,Genus=Daphnia,1,frepj,"the identifier resolves to the row's Genus, not to its Species"
5b4234cff2db,WARN,ncbi,ncbi_id_coarser_than_label,daphnia cristata,NCBI_ID,6668,Species=daphnia cristata,Genus=Daphnia,1,frepj,"the identifier resolves to the row's Genus, not to its Species"
b7f5ada9c3ca,WARN,ncbi,ncbi_id_coarser_than_label,daphnia dentifera,NCBI_ID,6668,Species=daphnia dentifera,Genus=Daphnia,1,frepj,"the identifier resolves to the row's Genus, not to its Species"
b309d0c04cd6,WARN,ncbi,ncbi_id_coarser_than_label,daphnia galeata,NCBI_ID,6668,Species=daphnia galeata,Genus=Daphnia,1,frepj,"the identifier resolves to the row's Genus, not to its Species"
52c640e3c3d6,WARN,ncbi,ncbi_id_coarser_than_label,daphnia longiremis,NCBI_ID,6668,Species=daphnia longiremis,Genus=Daphnia,1,frepj,"the identifier resolves to the row's Genus, not to its Species"
46f67ea9ff3f,WARN,ncbi,ncbi_id_coarser_than_label,daphnia mitsukuri,NCBI_ID,6668,Species=daphnia mitsukuri,Genus=Daphnia,1,frepj,"the identifier resolves to the row's Genus, not to its Species"
0b62693308f5,WARN,ncbi,ncbi_id_coarser_than_label,daphnia pulex,NCBI_ID,6668,Species=daphnia pulex,Genus=Daphnia,1,frepj,"the identifier resolves to the row's Genus, not to its Species"
3398a61e626d,WARN,ncbi,ncbi_id_coarser_than_label,daphnia tanakai,NCBI_ID,6668,Species=daphnia tanakai,Genus=Daphnia,1,frepj,"the identifier resolves to the row's Genus, not to its Species"
7ac258a196be,WARN,ncbi,ncbi_id_coarser_than_label,diacyclops biscuspidatus,NCBI_ID,516365,Species=diacyclops biscuspidatus,Genus=Diacyclops,1,frepj,"the identifier resolves to the row's Genus, not to its Species"
33bf7acbeffc,WARN,ncbi,ncbi_id_coarser_than_label,diaphanosoma brachyurum,NCBI_ID,117531,Species=diaphanosoma brachyurum,Genus=Diaphanosoma,1,frepj,"the identifier resolves to the row's Genus, not to its Species"
9a38c00a3007,WARN,ncbi,ncbi_id_coarser_than_label,diaphanosoma dubium,NCBI_ID,117531,Species=diaphanosoma dubium,Genus=Diaphanosoma,1,frepj,"the identifier resolves to the row's Genus, not to its Species"
72afda8c7208,WARN,ncbi,ncbi_id_coarser_than_label,diaphanosoma macrophthalma,NCBI_ID,117531,Species=diaphanosoma macrophthalma,Genus=Diaphanosoma,1,frepj,"the identifier resolves to the row's Genus, not to its Species"
f3ab53b673c1,WARN,ncbi,ncbi_id_coarser_than_label,diaphanosoma nipponica,NCBI_ID,117531,Species=diaphanosoma nipponica,Genus=Diaphanosoma,1,frepj,"the identifier resolves to the row's Genus, not to its Species"
973465695bed,WARN,ncbi,ncbi_id_coarser_than_label,diaphanosoma orientalis,NCBI_ID,117531,Species=diaphanosoma orientalis,Genus=Diaphanosoma,1,frepj,"the identifier resolves to the row's Genus, not to its Species"
068b7f22566f,WARN,ncbi,ncbi_id_coarser_than_label,dicranophorus uncinatus,NCBI_ID,360658,Species=dicranophorus uncinatus,Genus=Dicranophorus,1,frepj,"the identifier resolves to the row's Genus, not to its Species"
044fc9d6b39b,WARN,ncbi,ncbi_id_coarser_than_label,dinobryon coalescens,NCBI_ID,98059,Species=dinobryon coalescens,Genus=Dinobryon,1,medplanktonset,"the identifier resolves to the row's Genus, not to its Species"
28374aaac061,WARN,ncbi,ncbi_id_coarser_than_label,dinophysis parva,NCBI_ID,47933,Species=dinophysis parva,Genus=Dinophysis,1,medplanktonset,"the identifier resolves to the row's Genus, not to its Species"
cb959d6128fc,WARN,ncbi,ncbi_id_coarser_than_label,discosphaera tubifera,NCBI_ID,418941,Species=discosphaera tubifera,Family=Rhabdosphaeraceae,1,medplanktonset,"the identifier resolves to the row's Family, not to its Species"
f57eb240c404,WARN,ncbi,ncbi_id_coarser_than_label,epicancella,NCBI_ID,1236001,Genus=epicancella,Family=Epiplocylididae,1,planktoscope,"the identifier resolves to the row's Family, not to its Genus"
7334a3a7aae3,WARN,ncbi,ncbi_id_coarser_than_label,ethmodiscus gazellae,NCBI_ID,938126,Species=ethmodiscus gazellae,Genus=Ethmodiscus,1,planktoscope,"the identifier resolves to the row's Genus, not to its Species"
bbcc8506cec8,WARN,ncbi,ncbi_id_coarser_than_label,euphysetta,NCBI_ID,332297,Genus=euphysetta,Family=Medusettidae,1,planktoscope,"the identifier resolves to the row's Family, not to its Genus"
0ec8d51b7042,WARN,ncbi,ncbi_id_coarser_than_label,gephyrocapsa huxleyi,NCBI_ID,38816,Species=gephyrocapsa huxleyi,Genus=Gephyrocapsa,1,whoi,"the identifier resolves to the row's Genus, not to its Species"
a34f346b594a,WARN,ncbi,ncbi_id_coarser_than_label,gossleriella,NCBI_ID,216785,Genus=gossleriella,Order=Coscinodiscales,1,planktoscope,"the identifier resolves to the row's Order, not to its Genus"
0666d0b272b8,WARN,ncbi,ncbi_id_coarser_than_label,kellicottia bostoniensis,NCBI_ID,1213226,Species=kellicottia bostoniensis,Genus=Kellicottia,1,frepj,"the identifier resolves to the row's Genus, not to its Species"
c92dffbcc538,WARN,ncbi,ncbi_id_coarser_than_label,kellicottia longispina,NCBI_ID,1213226,Species=kellicottia longispina,Genus=Kellicottia,1,frepj,"the identifier resolves to the row's Genus, not to its Species"
d4e181edd79a,WARN,ncbi,ncbi_id_coarser_than_label,leegaardiella ovalis,NCBI_ID,1925000,Species=leegaardiella ovalis,Genus=Leegaardiella,1,whoi,"the identifier resolves to the row's Genus, not to its Species"
71e9b61920ba,WARN,ncbi,ncbi_id_coarser_than_label,leptodora kindtii,NCBI_ID,77706,Species=leptodora kindtii,Genus=Leptodora,1,frepj,"the identifier resolves to the row's Genus, not to its Species"
704ca827580a,WARN,ncbi,ncbi_id_coarser_than_label,leydigia cliata,NCBI_ID,527154,Species=leydigia cliata,Genus=Leydigia,1,frepj,"the identifier resolves to the row's Genus, not to its Species"
3855ddcfe898,WARN,ncbi,ncbi_id_coarser_than_label,microstellaria,NCBI_ID,160015,Genus=microstellaria,Family=Pyramidellidae,1,zoocamnet,"the identifier resolves to the row's Family, not to its Genus"
2a823738291d,WARN,ncbi,ncbi_id_coarser_than_label,monostyla acus,NCBI_ID,145460,Species=monostyla acus,Genus=Monostyla,1,frepj,"the identifier resolves to the row's Genus, not to its Species"
d0ee9adf803e,WARN,ncbi,ncbi_id_coarser_than_label,monostyla closterocerca,NCBI_ID,145460,Species=monostyla closterocerca,Genus=Monostyla,1,frepj,"the identifier resolves to the row's Genus, not to its Species"
200152d454e5,WARN,ncbi,ncbi_id_coarser_than_label,monostyla furcata,NCBI_ID,145460,Species=monostyla furcata,Genus=Monostyla,1,frepj,"the identifier resolves to the row's Genus, not to its Species"
b2063531c9b1,WARN,ncbi,ncbi_id_coarser_than_label,monostyla hamata,NCBI_ID,145460,Species=monostyla hamata,Genus=Monostyla,1,frepj,"the identifier resolves to the row's Genus, not to its Species"
3360bcc509f3,WARN,ncbi,ncbi_id_coarser_than_label,monostyla opias,NCBI_ID,145460,Species=monostyla opias,Genus=Monostyla,1,frepj,"the identifier resolves to the row's Genus, not to its Species"
7bce988879d9,WARN,ncbi,ncbi_id_coarser_than_label,monostyla pyriformis,NCBI_ID,145460,Species=monostyla pyriformis,Genus=Monostyla,1,frepj,"the identifier resolves to the row's Genus, not to its Species"
50324aa7016f,WARN,ncbi,ncbi_id_coarser_than_label,monostyla quadridentata,NCBI_ID,145460,Species=monostyla quadridentata,Genus=Monostyla,1,frepj,"the identifier resolves to the row's Genus, not to its Species"
5b72180a0a30,WARN,ncbi,ncbi_id_coarser_than_label,neomoelleria cornuta,NCBI_ID,33849,Species=neomoelleria cornuta,Class=Bacillariophyceae,1,planktoscope,"the identifier resolves to the row's Class, not to its Species"
fc7016e1d4de,WARN,ncbi,ncbi_id_coarser_than_label,ophiaster,NCBI_ID,418932,Genus=ophiaster,Family=Syracosphaeraceae,1,medplanktonset,"the identifier resolves to the row's Family, not to its Genus"
2da481651ca7,WARN,ncbi,ncbi_id_coarser_than_label,oxytoxum caudatum,NCBI_ID,2950224,Species=oxytoxum caudatum,Genus=Oxytoxum,1,medplanktonset,"the identifier resolves to the row's Genus, not to its Species"
bb5f2f22f925,WARN,ncbi,ncbi_id_coarser_than_label,oxytoxum scolopax,NCBI_ID,2950224,Species=oxytoxum scolopax,Genus=Oxytoxum,1,medplanktonset,"the identifier resolves to the row's Genus, not to its Species"
eb2b48ec9842,WARN,ncbi,ncbi_id_coarser_than_label,oxytoxum variabile,NCBI_ID,2950224,Species=oxytoxum variabile,Genus=Oxytoxum,1,medplanktonset,"the identifier resolves to the row's Genus, not to its Species"
f8ede6f4d809,WARN,ncbi,ncbi_id_coarser_than_label,parvicorbicula socialis,NCBI_ID,1925537,Species=parvicorbicula socialis,Genus=Parvicorbicula,1,whoi,"the identifier resolves to the row's Genus, not to its Species"
b0ff8cf9a76e,WARN,ncbi,ncbi_id_coarser_than_label,pennales,NCBI_ID,33849,Order=pennales,Class=Bacillariophyceae,7,flowcamnet;medplanktonset;syke_ifcb_2022;whoi,"the identifier resolves to the row's Class, not to its Order"
e4551b66d9ce,WARN,ncbi,ncbi_id_coarser_than_label,polyarthra euryptera,NCBI_ID,3024083,Species=polyarthra euryptera,Genus=Polyarthra,1,frepj,"the identifier resolves to the row's Genus, not to its Species"
2f6ccca1707f,WARN,ncbi,ncbi_id_coarser_than_label,polyarthra remata,NCBI_ID,3024083,Species=polyarthra remata,Genus=Polyarthra,1,frepj,"the identifier resolves to the row's Genus, not to its Species"
6283b759c2b0,WARN,ncbi,ncbi_id_coarser_than_label,polyarthra vulgaris,NCBI_ID,3024083,Species=polyarthra vulgaris,Genus=Polyarthra,1,frepj,"the identifier resolves to the row's Genus, not to its Species"
6a2fe6851bc0,WARN,ncbi,ncbi_id_coarser_than_label,poroecus,NCBI_ID,180938,Genus=poroecus,Family=Codonellidae,3,flowcamnet;tara_pacific_bongo;tara_pacific_decknet,"the identifier resolves to the row's Family, not to its Genus"
74b49ce2e637,WARN,ncbi,ncbi_id_coarser_than_label,protoperidinium diabolus,NCBI_ID,261839,Species=protoperidinium diabolus,Genus=Protoperidinium,1,medplanktonset,"the identifier resolves to the row's Genus, not to its Species"
03c97d1a1909,WARN,ncbi,ncbi_id_coarser_than_label,pyramimonas longicauda,NCBI_ID,36882,Species=pyramimonas longicauda,Genus=Pyramimonas,1,whoi,"the identifier resolves to the row's Genus, not to its Species"
90ec655b9739,WARN,ncbi,ncbi_id_coarser_than_label,pyrocystis hamulus,NCBI_ID,2971,Species=pyrocystis hamulus,Genus=Pyrocystis,1,planktoscope,"the identifier resolves to the row's Genus, not to its Species"
5506a6f52eb9,WARN,ncbi,ncbi_id_coarser_than_label,pyrocystis pseudonoctiluca,NCBI_ID,2971,Species=pyrocystis pseudonoctiluca,Genus=Pyrocystis,1,planktoscope,"the identifier resolves to the row's Genus, not to its Species"
9978cd1deae2,WARN,ncbi,ncbi_id_coarser_than_label,rhabdonellopsis,NCBI_ID,211026,Genus=rhabdonellopsis,Family=Rhabdonellidae,3,planktoscope;tara_pacific_bongo;tara_pacific_decknet,"the identifier resolves to the row's Family, not to its Genus"
7ad3adb43494,WARN,ncbi,ncbi_id_coarser_than_label,rhabdosphaera clavigera,NCBI_ID,418941,Species=rhabdosphaera clavigera,Family=Rhabdosphaeraceae,1,medplanktonset,"the identifier resolves to the row's Family, not to its Species"
12fe9110618a,WARN,ncbi,ncbi_id_coarser_than_label,rhincalanidae,NCBI_ID,6833,Family=rhincalanidae,Order=Calanoida,2,tara_pacific_hsn;zooscan,"the identifier resolves to the row's Order, not to its Family"
10014b32d54f,WARN,ncbi,ncbi_id_coarser_than_label,sessilia,NCBI_ID,116172,Order=sessilia,Class=Thecostraca,1,sykezooscan2024,"the identifier resolves to the row's Class, not to its Order"
82c79f93b63e,WARN,ncbi,ncbi_id_coarser_than_label,strombidium wulffi,NCBI_ID,60005,Species=strombidium wulffi,Genus=Strombidium,1,whoi,"the identifier resolves to the row's Genus, not to its Species"
6ddc955d0c05,WARN,ncbi,ncbi_id_coarser_than_label,synchaeta oblonga,NCBI_ID,204744,Species=synchaeta oblonga,Genus=Synchaeta,1,frepj,"the identifier resolves to the row's Genus, not to its Species"
3d03f3ca70d0,WARN,ncbi,ncbi_id_coarser_than_label,synchaeta stylata,NCBI_ID,204744,Species=synchaeta stylata,Genus=Synchaeta,1,frepj,"the identifier resolves to the row's Genus, not to its Species"
fd536fd185be,WARN,ncbi,ncbi_id_coarser_than_label,synchaeta tremula,NCBI_ID,204744,Species=synchaeta tremula,Genus=Synchaeta,1,frepj,"the identifier resolves to the row's Genus, not to its Species"
0af90f281a7d,WARN,ncbi,ncbi_id_coarser_than_label,thalassionematales,NCBI_ID,33849,Order=thalassionematales,Class=Bacillariophyceae,4,flowcamnet;planktoscope;tara_pacific_bongo;tara_pacific_decknet,"the identifier resolves to the row's Class, not to its Order"
8920e8a72cd1,WARN,ncbi,ncbi_id_coarser_than_label,thalassiosira levanderi,NCBI_ID,35127,Species=thalassiosira levanderi,Genus=Thalassiosira,1,syke_ifcb_2022,"the identifier resolves to the row's Genus, not to its Species"
3d0637fe32e4,WARN,ncbi,ncbi_id_coarser_than_label,tontonia appendiculariformis,NCBI_ID,641220,Species=tontonia appendiculariformis,Family=Tontoniidae,1,whoi,"the identifier resolves to the row's Family, not to its Species"
fc3d5fca9641,WARN,ncbi,ncbi_id_coarser_than_label,trichocerca bicristata,NCBI_ID,360703,Species=trichocerca bicristata,Genus=Trichocerca,1,frepj,"the identifier resolves to the row's Genus, not to its Species"
3b0b8ac411a5,WARN,ncbi,ncbi_id_coarser_than_label,trichocerca birostris,NCBI_ID,360703,Species=trichocerca birostris,Genus=Trichocerca,1,frepj,"the identifier resolves to the row's Genus, not to its Species"
1a620ea7a713,WARN,ncbi,ncbi_id_coarser_than_label,trichocerca capucina,NCBI_ID,360703,Species=trichocerca capucina,Genus=Trichocerca,1,frepj,"the identifier resolves to the row's Genus, not to its Species"
7a268b39fddb,WARN,ncbi,ncbi_id_coarser_than_label,trichocerca cylindrica,NCBI_ID,360703,Species=trichocerca cylindrica,Genus=Trichocerca,1,frepj,"the identifier resolves to the row's Genus, not to its Species"
0a730e87d48b,WARN,ncbi,ncbi_id_coarser_than_label,trichocerca elongata,NCBI_ID,360703,Species=trichocerca elongata,Genus=Trichocerca,1,frepj,"the identifier resolves to the row's Genus, not to its Species"
fa03c082e409,WARN,ncbi,ncbi_id_coarser_than_label,trichocerca longiseta,NCBI_ID,360703,Species=trichocerca longiseta,Genus=Trichocerca,1,frepj,"the identifier resolves to the row's Genus, not to its Species"
299371eb04ce,WARN,ncbi,ncbi_id_coarser_than_label,trichocerca mucosa,NCBI_ID,360703,Species=trichocerca mucosa,Genus=Trichocerca,1,frepj,"the identifier resolves to the row's Genus, not to its Species"
0c8e0a692834,WARN,ncbi,ncbi_id_coarser_than_label,trichocerca pusilla,NCBI_ID,360703,Species=trichocerca pusilla,Genus=Trichocerca,1,frepj,"the identifier resolves to the row's Genus, not to its Species"
1095fe54dfee,WARN,ncbi,ncbi_id_coarser_than_label,trichocerca rattus,NCBI_ID,360703,Species=trichocerca rattus,Genus=Trichocerca,1,frepj,"the identifier resolves to the row's Genus, not to its Species"
2eaf5dfced96,WARN,ncbi,ncbi_id_coarser_than_label,tripos arcticus,NCBI_ID,2126447,Species=tripos arcticus,Genus=Tripos,1,planktoscope,"the identifier resolves to the row's Genus, not to its Species"
e1432c10faf3,WARN,ncbi,ncbi_id_coarser_than_label,tripos incisus,NCBI_ID,2126447,Species=tripos incisus,Genus=Tripos,1,planktoscope,"the identifier resolves to the row's Genus, not to its Species"
5ad120410370,WARN,ncbi,ncbi_id_coarser_than_label,warnowia polyphemus,NCBI_ID,651390,Species=warnowia polyphemus,Genus=Warnowia,1,medplanktonset,"the identifier resolves to the row's Genus, not to its Species"
16da9b9bf593,WARN,ncbi,ncbi_id_coarser_than_label,xystonellopsis,NCBI_ID,211023,Genus=xystonellopsis,Family=Xystonellidae,1,planktoscope,"the identifier resolves to the row's Family, not to its Genus"
8ee056690f6b,WARN,ncbi,ncbi_id_coarser_than_label,xystonellopsis paradoxa,NCBI_ID,211023,Species=xystonellopsis paradoxa,Family=Xystonellidae,1,planktoscope,"the identifier resolves to the row's Family, not to its Species"
41db00fb4ee6,WARN,ncbi,ncbi_lineage_contradiction,actinosphaerium nucleofilum,NCBI_ID,238767,Family=actinosphaeriidae,(absent from chain),1,lensless,'actinosphaeriidae' is absent from the authority's classification of 238767
a40a7b4bace3,WARN,ncbi,ncbi_lineage_contradiction,amphibelone,NCBI_ID,278120,Family=amphilithidae,(absent from chain),3,flowcamnet;planktoscope;tara_pacific_decknet,'amphilithidae' is absent from the authority's classification of 278120
9c3cead9ac4e,WARN,ncbi,ncbi_lineage_contradiction,aphanothece parallelliformis,NCBI_ID,1121,Family=microcystaceae,(absent from chain),1,syke_ifcb_2022,'microcystaceae' is absent from the authority's classification of 1121
b3c2ad24499b,WARN,ncbi,ncbi_lineage_contradiction,ascomorpha,NCBI_ID,360654,Family=gastropoidae,(absent from chain),1,frepj,'gastropoidae' is absent from the authority's classification of 360654
eaa8038d4e45,WARN,ncbi,ncbi_lineage_contradiction,asterionella,NCBI_ID,35129,Family=fragilariaceae,(absent from chain),3,planktoscope;tara_pacific_bongo;zoolake,'fragilariaceae' is absent from the authority's classification of 35129
044f154995b9,WARN,ncbi,ncbi_lineage_contradiction,asterionella bleakeleyi,NCBI_ID,35129,Family=fragilariaceae,(absent from chain),1,planktoscope,'fragilariaceae' is absent from the authority's classification of 35129
f0757b40307f,WARN,ncbi,ncbi_lineage_contradiction,asterionellopsis,NCBI_ID,33639,Family=fragilariaceae,(absent from chain),3,planktoscope;tara_pacific_decknet;whoi,'fragilariaceae' is absent from the authority's classification of 33639
5fdd0647f3d0,WARN,ncbi,ncbi_lineage_contradiction,asterionellopsis glacialis,NCBI_ID,33640,Family=fragilariaceae,(absent from chain),1,medplanktonset,'fragilariaceae' is absent from the authority's classification of 33640
de5d7fd248bd,WARN,ncbi,ncbi_lineage_contradiction,asteromphalus,NCBI_ID,1529359,Family=asterolampraceae,(absent from chain),1,medplanktonset,'asterolampraceae' is absent from the authority's classification of 1529359
1552d9e8a4f0,WARN,ncbi,ncbi_lineage_contradiction,asteromphalus sarcophagus,NCBI_ID,1529359,Family=asterolampraceae,(absent from chain),1,medplanktonset,'asterolampraceae' is absent from the authority's classification of 1529359
2cef73e2f5d5,WARN,ncbi,ncbi_lineage_contradiction,bleakeleya,NCBI_ID,915294,Family=fragilariaceae,(absent from chain),1,planktoscope,'fragilariaceae' is absent from the authority's classification of 915294
9b38bb7cfafe,WARN,ncbi,ncbi_lineage_contradiction,calocalanus,NCBI_ID,749175,Family=paracalanidae,(absent from chain),2,planktoscope;zoocamnet,'paracalanidae' is absent from the authority's classification of 749175
bcf5475e19e0,WARN,ncbi,ncbi_lineage_contradiction,calocalanus pavo,NCBI_ID,749177,Family=paracalanidae,(absent from chain),3,tara_pacific_hsn;tara_pacific_manta;zooscan,'paracalanidae' is absent from the authority's classification of 749177
7134c90e1612,WARN,ncbi,ncbi_lineage_contradiction,cerataulina,NCBI_ID,1003030,Family=hemiaulaceae,(absent from chain),4,planktoscope;whoi,'hemiaulaceae' is absent from the authority's classification of 1003030
939a6df1fb5a,WARN,ncbi,ncbi_lineage_contradiction,cerataulina pelagica,NCBI_ID,1003031,Family=hemiaulaceae,(absent from chain),1,medplanktonset,'hemiaulaceae' is absent from the authority's classification of 1003031
8203996e95da,WARN,ncbi,ncbi_lineage_contradiction,ceratocorys,NCBI_ID,66799,Family=ceratocoryaceae,(absent from chain),3,flowcamnet;planktoscope;tara_pacific_decknet,'ceratocoryaceae' is absent from the authority's classification of 66799
ed1d4d966cc1,WARN,ncbi,ncbi_lineage_contradiction,ceratocorys horrida,NCBI_ID,66800,Family=ceratocoryaceae,(absent from chain),1,planktoscope,'ceratocoryaceae' is absent from the authority's classification of 66800
7c10656b9f39,WARN,ncbi,ncbi_lineage_contradiction,ceratoneis closterium,NCBI_ID,2856,Family=fragilariaceae,(absent from chain),1,syke_ifcb_2022,'fragilariaceae' is absent from the authority's classification of 2856
ff903b086fe2,WARN,ncbi,ncbi_lineage_contradiction,ceratoperidinium margalefii,NCBI_ID,1389943,Family=warnowiaceae,(absent from chain),1,medplanktonset,'warnowiaceae' is absent from the authority's classification of 1389943
529a42708a98,WARN,ncbi,ncbi_lineage_contradiction,challengeron,NCBI_ID,332298,Family=challengeridae,(absent from chain),1,planktoscope,'challengeridae' is absent from the authority's classification of 332298
90cd5e233baf,WARN,ncbi,ncbi_lineage_contradiction,climacodium,NCBI_ID,2022333,Family=hemiaulaceae,(absent from chain),3,flowcamnet;planktoscope;tara_pacific_decknet,'hemiaulaceae' is absent from the authority's classification of 2022333
b2b2c098633f,WARN,ncbi,ncbi_lineage_contradiction,climacodium crocosphaera,NCBI_ID,2022333,Family=hemiaulaceae,(absent from chain),2,flowcamnet;tara_pacific_decknet,'hemiaulaceae' is absent from the authority's classification of 2022333
59fe6401e43f,WARN,ncbi,ncbi_lineage_contradiction,climacosphenia,NCBI_ID,449129,Family=climacospheniaceae,(absent from chain),1,planktoscope,'climacospheniaceae' is absent from the authority's classification of 449129
7d4e0d35a631,WARN,ncbi,ncbi_lineage_contradiction,collotheca,NCBI_ID,360644,Family=collothecidae,(absent from chain),1,frepj,'collothecidae' is absent from the authority's classification of 360644
0619d578d291,WARN,ncbi,ncbi_lineage_contradiction,collozoum,NCBI_ID,65591,Family=collozoidae,(absent from chain),1,planktoscope,'collozoidae' is absent from the authority's classification of 65591
5a24a0d78f19,WARN,ncbi,ncbi_lineage_contradiction,ctenocalanus,NCBI_ID,149010,Family=clausocalanidae,(absent from chain),1,global_uvp5,'clausocalanidae' is absent from the authority's classification of 149010
85f77d013200,WARN,ncbi,ncbi_lineage_contradiction,cyclotella choctawhatcheeana,NCBI_ID,310905,Family=stephanodiscaceae,(absent from chain),2,daplankton;syke_ifcb_2022,'stephanodiscaceae' is absent from the authority's classification of 310905
f142a7ef4236,WARN,ncbi,ncbi_lineage_contradiction,diatoma,NCBI_ID,2862,Family=fragilariaceae,(absent from chain),13,flowcamnet;global_uvp5;tara_pacific_bongo;tara_pacific_decknet;tara_pacific_manta;zoocamnet,'fragilariaceae' is absent from the authority's classification of 2862
c405b39f8eb0,WARN,ncbi,ncbi_lineage_contradiction,diatoma tenuis,NCBI_ID,426639,Family=fragilariaceae,(absent from chain),2,daplankton;zoocamnet,'fragilariaceae' is absent from the authority's classification of 426639
f7a076bfd218,WARN,ncbi,ncbi_lineage_contradiction,dileptus,NCBI_ID,71587,Family=tracheliidae,(absent from chain),1,lensless,'tracheliidae' is absent from the authority's classification of 71587
c6e030031c9e,WARN,ncbi,ncbi_lineage_contradiction,distaplia,NCBI_ID,322838,Family=holozoidae,(absent from chain),2,global_uvp5,'holozoidae' is absent from the authority's classification of 322838
557990e7797f,WARN,ncbi,ncbi_lineage_contradiction,entomoneis,NCBI_ID,186042,Family=entomoneidaceae,(absent from chain),1,planktoscope,'entomoneidaceae' is absent from the authority's classification of 186042
5e2653b047bb,WARN,ncbi,ncbi_lineage_contradiction,eucampia,NCBI_ID,49251,Family=hemiaulaceae,(absent from chain),4,planktoscope;tara_pacific_bongo;tara_pacific_decknet;whoi,'hemiaulaceae' is absent from the authority's classification of 49251
9093f72b0b80,WARN,ncbi,ncbi_lineage_contradiction,eucampia cornuta,NCBI_ID,1527828,Family=hemiaulaceae,(absent from chain),1,medplanktonset,'hemiaulaceae' is absent from the authority's classification of 1527828
0b2b9c9b16ec,WARN,ncbi,ncbi_lineage_contradiction,euchlanis,NCBI_ID,231619,Family=euchlanidae,(absent from chain),1,frepj,'euchlanidae' is absent from the authority's classification of 231619
870ef3d38bfa,WARN,ncbi,ncbi_lineage_contradiction,euterpina,NCBI_ID,163465,Family=tachidiidae,(absent from chain),5,planktoscope;tara_pacific_hsn;tara_pacific_manta;zoocamnet;zooscan,'tachidiidae' is absent from the authority's classification of 163465
34445bc913d9,WARN,ncbi,ncbi_lineage_contradiction,eutintinnus,NCBI_ID,182089,Family=eutintinnidae,(absent from chain),4,flowcamnet;planktoscope;tara_pacific_bongo;tara_pacific_decknet,'eutintinnidae' is absent from the authority's classification of 182089
30ead07c5c70,WARN,ncbi,ncbi_lineage_contradiction,favella,NCBI_ID,182086,Family=hemicytheridae,(absent from chain),1,planktoscope,'hemicytheridae' is absent from the authority's classification of 182086
356321f4ffb4,WARN,ncbi,ncbi_lineage_contradiction,filinia longiseta,NCBI_ID,338287,Family=trochosphaeridae,(absent from chain),1,frepj,'trochosphaeridae' is absent from the authority's classification of 338287
51d30760abc4,WARN,ncbi,ncbi_lineage_contradiction,flota,NCBI_ID,527962,Family=flabelligeridae,(absent from chain),2,global_uvp5,'flabelligeridae' is absent from the authority's classification of 527962
b99e200f47af,WARN,ncbi,ncbi_lineage_contradiction,gastropus stylifer,NCBI_ID,1917129,Family=gastropoidae,(absent from chain),1,frepj,'gastropoidae' is absent from the authority's classification of 1917129
1b3ec7a3f739,WARN,ncbi,ncbi_lineage_contradiction,gyrodinium,NCBI_ID,60594,Family=gyrodiniaceae,(absent from chain),3,medplanktonset;planktoscope;whoi,'gyrodiniaceae' is absent from the authority's classification of 60594
f3ff6ac62997,WARN,ncbi,ncbi_lineage_contradiction,halosphaera,NCBI_ID,81842,Family=pyramimonadaceae,(absent from chain),2,planktoscope;zoocamnet,'pyramimonadaceae' is absent from the authority's classification of 81842
c1b5e447ee59,WARN,ncbi,ncbi_lineage_contradiction,heterocapsa triquetra,NCBI_ID,66468,Family=heterocapsaceae,(absent from chain),2,daplankton;syke_ifcb_2022,'heterocapsaceae' is absent from the authority's classification of 66468
4b6b267cf153,WARN,ncbi,ncbi_lineage_contradiction,isthmia,NCBI_ID,1003063,Family=biddulphiaceae,(absent from chain),1,planktoscope,'biddulphiaceae' is absent from the authority's classification of 1003063
f85ff8ba0f33,WARN,ncbi,ncbi_lineage_contradiction,karenia,NCBI_ID,1052865,Family=kareniaceae,(absent from chain),2,medplanktonset;whoi,'kareniaceae' is absent from the authority's classification of 1052865
24a51b909f8a,WARN,ncbi,ncbi_lineage_contradiction,kryptoperidinium foliaceum,NCBI_ID,160619,Family=peridiniaceae,(absent from chain),1,daplankton,'peridiniaceae' is absent from the authority's classification of 160619
ad0b9c92c413,WARN,ncbi,ncbi_lineage_contradiction,kryptoperidinium triquetrum,NCBI_ID,66468,Family=peridiniaceae,(absent from chain),1,whoi,'peridiniaceae' is absent from the authority's classification of 66468
99518eda2028,WARN,ncbi,ncbi_lineage_contradiction,laboea strobila,NCBI_ID,181653,Family=tontoniidae,(absent from chain),1,whoi,'tontoniidae' is absent from the authority's classification of 181653
f3b69a68ce00,WARN,ncbi,ncbi_lineage_contradiction,leptocylindrus mediterraneus,NCBI_ID,1785165,Family=leptocylindraceae,(absent from chain),2,planktoscope;whoi,'leptocylindraceae' is absent from the authority's classification of 1785165
17bb43e17092,WARN,ncbi,ncbi_lineage_contradiction,macrothrix,NCBI_ID,362306,Family=macrothricidae,(absent from chain),1,frepj,'macrothricidae' is absent from the authority's classification of 362306
7fb715ad423c,WARN,ncbi,ncbi_lineage_contradiction,meringosphaera mediterranea,NCBI_ID,2837474,Family=pleurochloridaceae,(absent from chain),1,medplanktonset,'pleurochloridaceae' is absent from the authority's classification of 2837474
49652629eac2,WARN,ncbi,ncbi_lineage_contradiction,merismopedia,NCBI_ID,53402,Family=microcystaceae,(absent from chain),1,syke_ifcb_2022,'microcystaceae' is absent from the authority's classification of 53402
85678f53ed0b,WARN,ncbi,ncbi_lineage_contradiction,mytilina,NCBI_ID,360680,Family=mytilinidae,(absent from chain),1,frepj,'mytilinidae' is absent from the authority's classification of 360680
c3b3bb2961d5,WARN,ncbi,ncbi_lineage_contradiction,mytilina trigona,NCBI_ID,2739567,Family=mytilinidae,(absent from chain),1,frepj,'mytilinidae' is absent from the authority's classification of 2739567
d4848dac40fe,WARN,ncbi,ncbi_lineage_contradiction,mytilina ventralis,NCBI_ID,360682,Family=mytilinidae,(absent from chain),1,frepj,'mytilinidae' is absent from the authority's classification of 360682
e29eeac7ed62,WARN,ncbi,ncbi_lineage_contradiction,nitzschia,NCBI_ID,651811,Family=bacillariaceae,(absent from chain),2,flowcamnet;tara_pacific_decknet,'bacillariaceae' is absent from the authority's classification of 651811
7279d8d1ad0e,WARN,ncbi,ncbi_lineage_contradiction,nodularia,NCBI_ID,1830174,Family=nodulariaceae,(absent from chain),1,global_uvp5,'nodulariaceae' is absent from the authority's classification of 1830174
fde797767009,WARN,ncbi,ncbi_lineage_contradiction,obelia,NCBI_ID,32569,Family=campanulariidae,(absent from chain),2,zoocamnet;zooscan,'campanulariidae' is absent from the authority's classification of 32569
c6d1c72710ec,WARN,ncbi,ncbi_lineage_contradiction,odontella,NCBI_ID,332376,Family=triceratiaceae,(absent from chain),4,flowcamnet;planktoscope;whoi,'triceratiaceae' is absent from the authority's classification of 332376
3e081b901cce,WARN,ncbi,ncbi_lineage_contradiction,odontella mobiliensis,NCBI_ID,655800,Family=triceratiaceae,(absent from chain),1,planktoscope,'triceratiaceae' is absent from the authority's classification of 655800
057eb4fb5d67,WARN,ncbi,ncbi_lineage_contradiction,odontella sinensis,NCBI_ID,1514140,Family=triceratiaceae,(absent from chain),1,planktoscope,'triceratiaceae' is absent from the authority's classification of 1514140
a88092393bd0,WARN,ncbi,ncbi_lineage_contradiction,parundella,NCBI_ID,1050071,Family=undellidae,(absent from chain),1,planktoscope,'undellidae' is absent from the authority's classification of 1050071
2a67001a1fa0,WARN,ncbi,ncbi_lineage_contradiction,pauliella taeniata,NCBI_ID,186025,Family=lithodesmiaceae,(absent from chain),1,syke_ifcb_2022,'lithodesmiaceae' is absent from the authority's classification of 186025
13cfc8c6f055,WARN,ncbi,ncbi_lineage_contradiction,peridiniella catenata,NCBI_ID,3111327,Family=cladopyxidaceae,(absent from chain),3,daplankton;syke_ifcb_2022,'cladopyxidaceae' is absent from the authority's classification of 3111327
a5a6bf7588be,WARN,ncbi,ncbi_lineage_contradiction,phalacroma,NCBI_ID,330137,Family=oxyphysaceae,(absent from chain),4,medplanktonset;planktoscope;tara_pacific_bongo;tara_pacific_decknet,'oxyphysaceae' is absent from the authority's classification of 330137
abb91345f5d1,WARN,ncbi,ncbi_lineage_contradiction,phalacroma oxytoxoides,NCBI_ID,447216,Family=oxyphysaceae,(absent from chain),1,medplanktonset,'oxyphysaceae' is absent from the authority's classification of 447216
d866b513fa55,WARN,ncbi,ncbi_lineage_contradiction,polykrikos kofoidii,NCBI_ID,271679,Family=polykrikaceae,(absent from chain),1,medplanktonset,'polykrikaceae' is absent from the authority's classification of 271679
87a517b3352f,WARN,ncbi,ncbi_lineage_contradiction,proboscia,NCBI_ID,216776,Family=rhizosoleniaceae,(absent from chain),1,planktoscope,'rhizosoleniaceae' is absent from the authority's classification of 216776
e498a434feef,WARN,ncbi,ncbi_lineage_contradiction,pseliodinium fusus,NCBI_ID,2893593,Family=ceratoperidiniaceae,(absent from chain),1,medplanktonset,'ceratoperidiniaceae' is absent from the authority's classification of 2893593
8606111b18e7,WARN,ncbi,ncbi_lineage_contradiction,pseudopedinella,NCBI_ID,35683,Family=actinomonadaceae,(absent from chain),2,daplankton;syke_ifcb_2022,'actinomonadaceae' is absent from the authority's classification of 35683
5aa275888d0a,WARN,ncbi,ncbi_lineage_contradiction,pyrophacus,NCBI_ID,261841,Family=pyrophacaceae,(absent from chain),4,flowcamnet;planktoscope;tara_pacific_bongo;tara_pacific_decknet,'pyrophacaceae' is absent from the authority's classification of 261841
ca94be187b84,WARN,ncbi,ncbi_lineage_contradiction,pyrophacus horologium,NCBI_ID,3111395,Family=pyrophacaceae,(absent from chain),1,medplanktonset,'pyrophacaceae' is absent from the authority's classification of 3111395
8a4cc8004c3a,WARN,ncbi,ncbi_lineage_contradiction,richelia,NCBI_ID,98443,Family=rivulariaceae,(absent from chain),3,flowcamnet;tara_pacific_bongo;tara_pacific_decknet,'rivulariaceae' is absent from the authority's classification of 98443
98db73135600,WARN,ncbi,ncbi_lineage_contradiction,scrippsiella,NCBI_ID,54902,Family=thoracosphaeraceae,(absent from chain),1,medplanktonset,'thoracosphaeraceae' is absent from the authority's classification of 54902
66b23fbe902c,WARN,ncbi,ncbi_lineage_contradiction,simocephalus serrulatus,NCBI_ID,117539,Family=daphniida,(absent from chain),1,frepj,'daphniida' is absent from the authority's classification of 117539
cb5a2a35c7d2,WARN,ncbi,ncbi_lineage_contradiction,simocephalus vetulus,NCBI_ID,77651,Family=daphniida,(absent from chain),1,frepj,'daphniida' is absent from the authority's classification of 77651
ba543cdd7231,WARN,ncbi,ncbi_lineage_contradiction,skeletonema,NCBI_ID,2842,Family=skeletonemaceae,(absent from chain),3,medplanktonset;planktoscope;whoi,'skeletonemaceae' is absent from the authority's classification of 2842
d180bd018182,WARN,ncbi,ncbi_lineage_contradiction,skeletonema marinoi,NCBI_ID,267567,Family=skeletonemaceae,(absent from chain),2,daplankton;syke_ifcb_2022,'skeletonemaceae' is absent from the authority's classification of 267567
fab9593f18f6,WARN,ncbi,ncbi_lineage_contradiction,skeletonema menzelii,NCBI_ID,216823,Family=skeletonemaceae,(absent from chain),1,medplanktonset,'skeletonemaceae' is absent from the authority's classification of 216823
990b1bb73641,WARN,ncbi,ncbi_lineage_contradiction,solmundella,NCBI_ID,497512,Family=solmundaeginidae,(absent from chain),1,planktonset1.0,'solmundaeginidae' is absent from the authority's classification of 497512
ef5cb38ce3ea,WARN,ncbi,ncbi_lineage_contradiction,solmundella bitentaculata,NCBI_ID,497513,Family=solmundaeginidae,(absent from chain),3,global_uvp5;zooscan,'solmundaeginidae' is absent from the authority's classification of 497513
3a149fdb741b,WARN,ncbi,ncbi_lineage_contradiction,sourniaea diacantha,NCBI_ID,2723146,Family=lingulodiniaceae,(absent from chain),1,medplanktonset,'lingulodiniaceae' is absent from the authority's classification of 2723146
129095629b80,WARN,ncbi,ncbi_lineage_contradiction,striatella,NCBI_ID,2963561,Family=striatellaceae,(absent from chain),2,planktoscope;tara_pacific_bongo,'striatellaceae' is absent from the authority's classification of 2963561
f4e7128aba62,WARN,ncbi,ncbi_lineage_contradiction,torodinium,NCBI_ID,1641412,Family=gymnodiniaceae,(absent from chain),1,medplanktonset,'gymnodiniaceae' is absent from the authority's classification of 1641412
0aa892aa6cf4,WARN,ncbi,ncbi_lineage_contradiction,trieres mobiliensis,NCBI_ID,655800,Family=triceratiaceae,(absent from chain),1,medplanktonset,'triceratiaceae' is absent from the authority's classification of 655800
5000148a0c4d,WARN,ncbi,ncbi_lineage_contradiction,trigonium,NCBI_ID,1003143,Family=biddulphiaceae,(absent from chain),1,planktoscope,'biddulphiaceae' is absent from the authority's classification of 1003143
32b430503ee0,WARN,ncbi,ncbi_lineage_contradiction,uroglena,NCBI_ID,98067,Family=ochromonadaceae,(absent from chain),1,zoolake,'ochromonadaceae' is absent from the authority's classification of 98067
37983bc1ad86,WARN,ncbi,ncbi_lineage_contradiction,uroglenopsis,NCBI_ID,2582958,Family=ochromonadaceae,(absent from chain),1,syke_ifcb_2022,'ochromonadaceae' is absent from the authority's classification of 2582958
c8b7f68259a4,WARN,ncbi,ncbi_lineage_contradiction,zoothamniidae,NCBI_ID,168255,Family=zoothamniidae,(absent from chain),2,planktoscope;tara_pacific_decknet,'zoothamniidae' is absent from the authority's classification of 168255
d1385fe92276,WARN,ncbi,ncbi_rank_slot_drift,actiniaria,NCBI_ID,6103,Class=hexacorallia,subclass=hexacorallia,1,zooscan,the authority places 'hexacorallia' at a different rank than the CSV column it occupies
9c3ddead1f3b,WARN,ncbi,ncbi_rank_slot_drift,amoeba,NCBI_ID,5774,Phylum=amoebozoa,clade=amoebozoa,1,whoi,the authority places 'amoebozoa' at a different rank than the CSV column it occupies
34e9eacba463,WARN,ncbi,ncbi_rank_slot_drift,amoeba,NCBI_ID,5774,Class=tubulinea,phylum=tubulinea,1,whoi,the authority places 'tubulinea' at a different rank than the CSV column it occupies
6ecac4e9e6f3,WARN,ncbi,ncbi_rank_slot_drift,anabaenopsis,NCBI_ID,110103,Kingdom=bacteria,domain=bacteria,4,daplankton;syke_ifcb_2022,the authority places 'bacteria' at a different rank than the CSV column it occupies
d55fecda0e69,WARN,ncbi,ncbi_rank_slot_drift,aphanizomenon,NCBI_ID,1175,Kingdom=bacteria,domain=bacteria,4,daplankton;global_uvp5;syke_ifcb_2022;zoolake,the authority places 'bacteria' at a different rank than the CSV column it occupies
8f3d42be3ee9,WARN,ncbi,ncbi_rank_slot_drift,aphanothece parallelliformis,NCBI_ID,1121,Kingdom=bacteria,domain=bacteria,1,syke_ifcb_2022,the authority places 'bacteria' at a different rank than the CSV column it occupies
2d19d9fa2c34,WARN,ncbi,ncbi_rank_slot_drift,arcella vulgaris,NCBI_ID,874295,Phylum=amoebozoa,clade=amoebozoa,1,lensless,the authority places 'amoebozoa' at a different rank than the CSV column it occupies
0e6a93cef178,WARN,ncbi,ncbi_rank_slot_drift,arcella vulgaris,NCBI_ID,874295,Class=tubulinea,phylum=tubulinea,1,lensless,the authority places 'tubulinea' at a different rank than the CSV column it occupies
b0abd4d59d0d,WARN,ncbi,ncbi_rank_slot_drift,azadinium caudatum,NCBI_ID,1129410,Order=dinophyceae,class=dinophyceae,1,medplanktonset,the authority places 'dinophyceae' at a different rank than the CSV column it occupies
a1693fae88c9,WARN,ncbi,ncbi_rank_slot_drift,bosmina,NCBI_ID,27402,Order=anomopoda,infraorder=anomopoda,3,frepj;sykezooscan2024;zoolake,the authority places 'anomopoda' at a different rank than the CSV column it occupies
b276dc45d6a7,WARN,ncbi,ncbi_rank_slot_drift,bosmina fatalis,NCBI_ID,27402,Order=anomopoda,infraorder=anomopoda,1,frepj,the authority places 'anomopoda' at a different rank than the CSV column it occupies
2145a7e54ff9,WARN,ncbi,ncbi_rank_slot_drift,bosmina freyi,NCBI_ID,27402,Order=anomopoda,infraorder=anomopoda,1,frepj,the authority places 'anomopoda' at a different rank than the CSV column it occupies
e3f1ac8057c2,WARN,ncbi,ncbi_rank_slot_drift,bosmina longirostris,NCBI_ID,27402,Order=anomopoda,infraorder=anomopoda,1,frepj,the authority places 'anomopoda' at a different rank than the CSV column it occupies
9dc131898603,WARN,ncbi,ncbi_rank_slot_drift,bosmina tanakai,NCBI_ID,27402,Order=anomopoda,infraorder=anomopoda,1,frepj,the authority places 'anomopoda' at a different rank than the CSV column it occupies
228bf8c609c5,WARN,ncbi,ncbi_rank_slot_drift,centropyxis,NCBI_ID,318527,Phylum=amoebozoa,clade=amoebozoa,1,frepj,the authority places 'amoebozoa' at a different rank than the CSV column it occupies
994087caf335,WARN,ncbi,ncbi_rank_slot_drift,centropyxis discoides,NCBI_ID,318527,Phylum=amoebozoa,clade=amoebozoa,1,frepj,the authority places 'amoebozoa' at a different rank than the CSV column it occupies
731ad24529fd,WARN,ncbi,ncbi_rank_slot_drift,ceriodaphnia,NCBI_ID,77671,Order=anomopoda,infraorder=anomopoda,3,frepj;sykezooscan2024,the authority places 'anomopoda' at a different rank than the CSV column it occupies
f4c1c13659ff,WARN,ncbi,ncbi_rank_slot_drift,ceriodaphnia cornuta,NCBI_ID,77671,Order=anomopoda,infraorder=anomopoda,1,frepj,the authority places 'anomopoda' at a different rank than the CSV column it occupies
5d49ddd19368,WARN,ncbi,ncbi_rank_slot_drift,ceriodaphnia dubia,NCBI_ID,77671,Order=anomopoda,infraorder=anomopoda,1,frepj,the authority places 'anomopoda' at a different rank than the CSV column it occupies
397ff0062e55,WARN,ncbi,ncbi_rank_slot_drift,ceriodaphnia pulchella,NCBI_ID,77671,Order=anomopoda,infraorder=anomopoda,1,frepj,the authority places 'anomopoda' at a different rank than the CSV column it occupies
7d885ed135b9,WARN,ncbi,ncbi_rank_slot_drift,chroococcales,NCBI_ID,1118,Kingdom=bacteria,domain=bacteria,2,daplankton;syke_ifcb_2022,the authority places 'bacteria' at a different rank than the CSV column it occupies
ce6d62b219a9,WARN,ncbi,ncbi_rank_slot_drift,chroococcus,NCBI_ID,70190,Kingdom=bacteria,domain=bacteria,1,syke_ifcb_2022,the authority places 'bacteria' at a different rank than the CSV column it occupies
29507e782588,WARN,ncbi,ncbi_rank_slot_drift,clupeidae,NCBI_ID,55118,Class=teleostei,infraclass=teleostei,1,global_uvp5,the authority places 'teleostei' at a different rank than the CSV column it occupies
d53fe9b17340,WARN,ncbi,ncbi_rank_slot_drift,clupeiformes,NCBI_ID,32446,Class=teleostei,infraclass=teleostei,2,zoocamnet,the authority places 'teleostei' at a different rank than the CSV column it occupies
2220fdb77fdf,WARN,ncbi,ncbi_rank_slot_drift,cyanobacteria,NCBI_ID,1117,Kingdom=bacteria,domain=bacteria,10,daplankton;flowcamnet;planktoscope;syke_ifcb_2022;tara_pacific_bongo;tara_pacific_decknet;tara_pacific_hsn,the authority places 'bacteria' at a different rank than the CSV column it occupies
e995a1c0009b,WARN,ncbi,ncbi_rank_slot_drift,cyanophyceae,NCBI_ID,3028117,Kingdom=bacteria,domain=bacteria,5,flowcamnet;tara_pacific_bongo;tara_pacific_decknet;zoolake,the authority places 'bacteria' at a different rank than the CSV column it occupies
500307e2a132,WARN,ncbi,ncbi_rank_slot_drift,daphnia,NCBI_ID,6668,Order=anomopoda,infraorder=anomopoda,5,frepj;sykezooscan2024;zoolake,the authority places 'anomopoda' at a different rank than the CSV column it occupies
e6011cc63a8c,WARN,ncbi,ncbi_rank_slot_drift,daphnia ambigua,NCBI_ID,6668,Order=anomopoda,infraorder=anomopoda,1,frepj,the authority places 'anomopoda' at a different rank than the CSV column it occupies
a6c072b15048,WARN,ncbi,ncbi_rank_slot_drift,daphnia cristata,NCBI_ID,6668,Order=anomopoda,infraorder=anomopoda,1,frepj,the authority places 'anomopoda' at a different rank than the CSV column it occupies
7eed56ac4a88,WARN,ncbi,ncbi_rank_slot_drift,daphnia dentifera,NCBI_ID,6668,Order=anomopoda,infraorder=anomopoda,1,frepj,the authority places 'anomopoda' at a different rank than the CSV column it occupies
d6475f51b621,WARN,ncbi,ncbi_rank_slot_drift,daphnia galeata,NCBI_ID,6668,Order=anomopoda,infraorder=anomopoda,1,frepj,the authority places 'anomopoda' at a different rank than the CSV column it occupies
4a6b667ca907,WARN,ncbi,ncbi_rank_slot_drift,daphnia longiremis,NCBI_ID,6668,Order=anomopoda,infraorder=anomopoda,1,frepj,the authority places 'anomopoda' at a different rank than the CSV column it occupies
b81e1f6e3db0,WARN,ncbi,ncbi_rank_slot_drift,daphnia mitsukuri,NCBI_ID,6668,Order=anomopoda,infraorder=anomopoda,1,frepj,the authority places 'anomopoda' at a different rank than the CSV column it occupies
1c11ef44f3b4,WARN,ncbi,ncbi_rank_slot_drift,daphnia pulex,NCBI_ID,6668,Order=anomopoda,infraorder=anomopoda,1,frepj,the authority places 'anomopoda' at a different rank than the CSV column it occupies
6af35aab1a7f,WARN,ncbi,ncbi_rank_slot_drift,daphnia tanakai,NCBI_ID,6668,Order=anomopoda,infraorder=anomopoda,1,frepj,the authority places 'anomopoda' at a different rank than the CSV column it occupies
c276cb6884e3,WARN,ncbi,ncbi_rank_slot_drift,diaphanosoma,NCBI_ID,117531,Order=ctenopoda,infraorder=ctenopoda,3,frepj;zoolake,the authority places 'ctenopoda' at a different rank than the CSV column it occupies
e730ed9c92b3,WARN,ncbi,ncbi_rank_slot_drift,diaphanosoma brachyurum,NCBI_ID,117531,Order=ctenopoda,infraorder=ctenopoda,1,frepj,the authority places 'ctenopoda' at a different rank than the CSV column it occupies
9958ef30ab64,WARN,ncbi,ncbi_rank_slot_drift,diaphanosoma dubium,NCBI_ID,117531,Order=ctenopoda,infraorder=ctenopoda,1,frepj,the authority places 'ctenopoda' at a different rank than the CSV column it occupies
d6d8ac172f0f,WARN,ncbi,ncbi_rank_slot_drift,diaphanosoma macrophthalma,NCBI_ID,117531,Order=ctenopoda,infraorder=ctenopoda,1,frepj,the authority places 'ctenopoda' at a different rank than the CSV column it occupies
93512d9a0195,WARN,ncbi,ncbi_rank_slot_drift,diaphanosoma nipponica,NCBI_ID,117531,Order=ctenopoda,infraorder=ctenopoda,1,frepj,the authority places 'ctenopoda' at a different rank than the CSV column it occupies
01b2de45ca25,WARN,ncbi,ncbi_rank_slot_drift,diaphanosoma orientalis,NCBI_ID,117531,Order=ctenopoda,infraorder=ctenopoda,1,frepj,the authority places 'ctenopoda' at a different rank than the CSV column it occupies
b0e30f27f535,WARN,ncbi,ncbi_rank_slot_drift,dictyocha,NCBI_ID,35686,Phylum=ochrophyta,clade=ochrophyta,3,planktoscope;tara_pacific_bongo;whoi,the authority places 'ochrophyta' at a different rank than the CSV column it occupies
9486f84623a9,WARN,ncbi,ncbi_rank_slot_drift,dictyocha fibula,NCBI_ID,214821,Phylum=ochrophyta,clade=ochrophyta,1,medplanktonset,the authority places 'ochrophyta' at a different rank than the CSV column it occupies
db4871802776,WARN,ncbi,ncbi_rank_slot_drift,dinobryon,NCBI_ID,98059,Phylum=ochrophyta,clade=ochrophyta,3,planktoscope;whoi;zoolake,the authority places 'ochrophyta' at a different rank than the CSV column it occupies
dde337cab0e9,WARN,ncbi,ncbi_rank_slot_drift,dinobryon coalescens,NCBI_ID,98059,Phylum=ochrophyta,clade=ochrophyta,1,medplanktonset,the authority places 'ochrophyta' at a different rank than the CSV column it occupies
60864c0346b5,WARN,ncbi,ncbi_rank_slot_drift,dissotrocha,NCBI_ID,392022,Order=bdelloidea,subclass=bdelloidea,1,frepj,the authority places 'bdelloidea' at a different rank than the CSV column it occupies
b34361b74c08,WARN,ncbi,ncbi_rank_slot_drift,dolichospermum,NCBI_ID,748770,Kingdom=bacteria,domain=bacteria,1,global_uvp5,the authority places 'bacteria' at a different rank than the CSV column it occupies
6b431a76d483,WARN,ncbi,ncbi_rank_slot_drift,echidnophaga,NCBI_ID,475928,Class=hexapoda,subphylum=hexapoda,1,global_uvp5,the authority places 'hexapoda' at a different rank than the CSV column it occupies
704ccf6bdaba,WARN,ncbi,ncbi_rank_slot_drift,engraulidae,NCBI_ID,43062,Class=teleostei,infraclass=teleostei,2,global_uvp5,the authority places 'teleostei' at a different rank than the CSV column it occupies
e47575fffc71,WARN,ncbi,ncbi_rank_slot_drift,ephemera,NCBI_ID,50582,Class=hexapoda,subphylum=hexapoda,1,whoi,the authority places 'hexapoda' at a different rank than the CSV column it occupies
63b604d34fd0,WARN,ncbi,ncbi_rank_slot_drift,eurypharynx pelecanoides,NCBI_ID,55117,Class=teleostei,infraclass=teleostei,1,global_uvp5,the authority places 'teleostei' at a different rank than the CSV column it occupies
31b208bfa06e,WARN,ncbi,ncbi_rank_slot_drift,evadne,NCBI_ID,141402,Order=onychopoda,infraorder=onychopoda,6,planktoscope;sykezooscan2024;tara_pacific_hsn;tara_pacific_manta;zoocamnet;zooscan,the authority places 'onychopoda' at a different rank than the CSV column it occupies
6f6257ca09d4,WARN,ncbi,ncbi_rank_slot_drift,habrotrochidae,NCBI_ID,104784,Order=bdelloidea,subclass=bdelloidea,1,frepj,the authority places 'bdelloidea' at a different rank than the CSV column it occupies
0bfd4086a942,WARN,ncbi,ncbi_rank_slot_drift,katagnymene spiralis,NCBI_ID,164816,Kingdom=bacteria,domain=bacteria,1,flowcamnet,the authority places 'bacteria' at a different rank than the CSV column it occupies
8533b233f5cd,WARN,ncbi,ncbi_rank_slot_drift,leptocephalus,NCBI_ID,556253,Class=teleostei,infraclass=teleostei,1,planktonset1.0,the authority places 'teleostei' at a different rank than the CSV column it occupies
29c6d3604409,WARN,ncbi,ncbi_rank_slot_drift,leptodora,NCBI_ID,77706,Order=haplopoda,infraorder=haplopoda,1,zoolake,the authority places 'haplopoda' at a different rank than the CSV column it occupies
207f6badc7bc,WARN,ncbi,ncbi_rank_slot_drift,leptodora kindtii,NCBI_ID,77706,Order=haplopoda,infraorder=haplopoda,1,frepj,the authority places 'haplopoda' at a different rank than the CSV column it occupies
7db6fc2e1188,WARN,ncbi,ncbi_rank_slot_drift,merismopedia,NCBI_ID,53402,Kingdom=bacteria,domain=bacteria,1,syke_ifcb_2022,the authority places 'bacteria' at a different rank than the CSV column it occupies
19faeb867226,WARN,ncbi,ncbi_rank_slot_drift,myctophidae,NCBI_ID,68515,Class=teleostei,infraclass=teleostei,1,planktonset1.0,the authority places 'teleostei' at a different rank than the CSV column it occupies
85ed8c923435,WARN,ncbi,ncbi_rank_slot_drift,nodularia spumigena,NCBI_ID,70799,Kingdom=bacteria,domain=bacteria,2,daplankton;syke_ifcb_2022,the authority places 'bacteria' at a different rank than the CSV column it occupies
bc1363dd9ff4,WARN,ncbi,ncbi_rank_slot_drift,octactis,NCBI_ID,3095340,Phylum=ochrophyta,clade=ochrophyta,1,planktoscope,the authority places 'ochrophyta' at a different rank than the CSV column it occupies
e00a749b2f61,WARN,ncbi,ncbi_rank_slot_drift,octactis octonaria,NCBI_ID,1104380,Phylum=ochrophyta,clade=ochrophyta,1,medplanktonset,the authority places 'ochrophyta' at a different rank than the CSV column it occupies
3b92862b0852,WARN,ncbi,ncbi_rank_slot_drift,oscillatoriales,NCBI_ID,1150,Kingdom=bacteria,domain=bacteria,1,syke_ifcb_2022,the authority places 'bacteria' at a different rank than the CSV column it occupies
e50fc888fb04,WARN,ncbi,ncbi_rank_slot_drift,penilia,NCBI_ID,124139,Order=ctenopoda,infraorder=ctenopoda,2,planktoscope;zoocamnet,the authority places 'ctenopoda' at a different rank than the CSV column it occupies
57bb87a98f71,WARN,ncbi,ncbi_rank_slot_drift,penilia avirostris,NCBI_ID,124140,Order=ctenopoda,infraorder=ctenopoda,1,zooscan,the authority places 'ctenopoda' at a different rank than the CSV column it occupies
b773b8b8b5ca,WARN,ncbi,ncbi_rank_slot_drift,philodinidae,NCBI_ID,44580,Order=bdelloidea,subclass=bdelloidea,1,frepj,the authority places 'bdelloidea' at a different rank than the CSV column it occupies
33b2cd932d0e,WARN,ncbi,ncbi_rank_slot_drift,podon,NCBI_ID,141399,Order=onychopoda,infraorder=onychopoda,5,planktoscope;sykezooscan2024;tara_pacific_hsn;zoocamnet;zooscan,the authority places 'onychopoda' at a different rank than the CSV column it occupies
499491ade3a3,WARN,ncbi,ncbi_rank_slot_drift,pseudochattonella farcimen,NCBI_ID,465777,Phylum=ochrophyta,clade=ochrophyta,1,whoi,the authority places 'ochrophyta' at a different rank than the CSV column it occupies
4c51587353ce,WARN,ncbi,ncbi_rank_slot_drift,pseudochattonella farcimen,NCBI_ID,465777,Family=florenciellales,order=florenciellales,1,whoi,the authority places 'florenciellales' at a different rank than the CSV column it occupies
a2468e890136,WARN,ncbi,ncbi_rank_slot_drift,pseudopedinella,NCBI_ID,35683,Phylum=ochrophyta,clade=ochrophyta,2,daplankton;syke_ifcb_2022,the authority places 'ochrophyta' at a different rank than the CSV column it occupies
034133bbf93a,WARN,ncbi,ncbi_rank_slot_drift,richelia,NCBI_ID,98443,Kingdom=bacteria,domain=bacteria,3,flowcamnet;tara_pacific_bongo;tara_pacific_decknet,the authority places 'bacteria' at a different rank than the CSV column it occupies
13db4237d3bd,WARN,ncbi,ncbi_rank_slot_drift,rotaria neptunia,NCBI_ID,231625,Order=bdelloidea,subclass=bdelloidea,1,frepj,the authority places 'bdelloidea' at a different rank than the CSV column it occupies
5e914fb1e970,WARN,ncbi,ncbi_rank_slot_drift,teleostei,NCBI_ID,32443,Class=teleostei,infraclass=teleostei,5,global_uvp5;planktonset1.0,the authority places 'teleostei' at a different rank than the CSV column it occupies
27b0c36b26d6,WARN,ncbi,ncbi_rank_slot_drift,thecosomata,NCBI_ID,158030,Order=thecosomata,suborder=thecosomata,3,global_uvp5;planktonset1.0,the authority places 'thecosomata' at a different rank than the CSV column it occupies
f59ef1fbe746,WARN,ncbi,ncbi_rank_slot_drift,trichodesmium,NCBI_ID,1205,Kingdom=bacteria,domain=bacteria,19,global_uvp5;jedioceans;planktonset1.0;planktoscope;tara_pacific_bongo;uvp6net;zoocamnet,the authority places 'bacteria' at a different rank than the CSV column it occupies
9178c744a3a9,WARN,ncbi,ncbi_rank_slot_drift,uroglena,NCBI_ID,98067,Phylum=ochrophyta,clade=ochrophyta,1,zoolake,the authority places 'ochrophyta' at a different rank than the CSV column it occupies
257d9caecbd6,WARN,ncbi,ncbi_rank_slot_drift,uroglenopsis,NCBI_ID,2582958,Phylum=ochrophyta,clade=ochrophyta,1,syke_ifcb_2022,the authority places 'ochrophyta' at a different rank than the CSV column it occupies
94969cd2476b,WARN,ncbi,ncbi_rank_slot_drift,woronichinia,NCBI_ID,283819,Kingdom=bacteria,domain=bacteria,2,daplankton;syke_ifcb_2022,the authority places 'bacteria' at a different rank than the CSV column it occupies
0cf26bd76674,WARN,ncbi,ncbi_rank_slot_drift,zoantharia,NCBI_ID,44927,Class=hexacorallia,subclass=hexacorallia,1,global_uvp5,the authority places 'hexacorallia' at a different rank than the CSV column it occupies
6670e00e11d1,WARN,wikidata,wikidata_id_coarser_than_label,asplanchna priodonta,wikidata_ID,Q737675,Species=asplanchna priodonta,Genus=Asplanchna,1,frepj,"the identifier resolves to the row's Genus, not to its Species"
34b860028e6c,WARN,wikidata,wikidata_id_coarser_than_label,asplanchna sieboldi,wikidata_ID,Q737675,Species=asplanchna sieboldi,Genus=Asplanchna,1,frepj,"the identifier resolves to the row's Genus, not to its Species"
27fc84937e4d,WARN,wikidata,wikidata_id_coarser_than_label,bosmina fatalis,wikidata_ID,Q618980,Species=bosmina fatalis,Genus=Bosmina,1,frepj,"the identifier resolves to the row's Genus, not to its Species"
87b14ab97688,WARN,wikidata,wikidata_id_coarser_than_label,bosmina freyi,wikidata_ID,Q618980,Species=bosmina freyi,Genus=Bosmina,1,frepj,"the identifier resolves to the row's Genus, not to its Species"
b99305cfea51,WARN,wikidata,wikidata_id_coarser_than_label,bosmina longirostris,wikidata_ID,Q618980,Species=bosmina longirostris,Genus=Bosmina,1,frepj,"the identifier resolves to the row's Genus, not to its Species"
0354d7db4647,WARN,wikidata,wikidata_id_coarser_than_label,bosmina tanakai,wikidata_ID,Q618980,Species=bosmina tanakai,Genus=Bosmina,1,frepj,"the identifier resolves to the row's Genus, not to its Species"
3eaf08d8200c,WARN,wikidata,wikidata_id_coarser_than_label,brachionus angularis,wikidata_ID,Q3516967,Species=brachionus angularis,Genus=Brachionus,1,frepj,"the identifier resolves to the row's Genus, not to its Species"
b2d75aa1cf94,WARN,wikidata,wikidata_id_coarser_than_label,brachionus budapestinensis,wikidata_ID,Q3516967,Species=brachionus budapestinensis,Genus=Brachionus,1,frepj,"the identifier resolves to the row's Genus, not to its Species"
0b2ef2a402d8,WARN,wikidata,wikidata_id_coarser_than_label,brachionus calyciflorus,wikidata_ID,Q3516967,Species=brachionus calyciflorus,Genus=Brachionus,1,frepj,"the identifier resolves to the row's Genus, not to its Species"
59ce9889c61b,WARN,wikidata,wikidata_id_coarser_than_label,brachionus caudatus,wikidata_ID,Q3516967,Species=brachionus caudatus,Genus=Brachionus,1,frepj,"the identifier resolves to the row's Genus, not to its Species"
3b122eb418e2,WARN,wikidata,wikidata_id_coarser_than_label,brachionus dimidiatus,wikidata_ID,Q3516967,Species=brachionus dimidiatus,Genus=Brachionus,1,frepj,"the identifier resolves to the row's Genus, not to its Species"
6a9d0de6b61d,WARN,wikidata,wikidata_id_coarser_than_label,brachionus diversicornis,wikidata_ID,Q3516967,Species=brachionus diversicornis,Genus=Brachionus,1,frepj,"the identifier resolves to the row's Genus, not to its Species"
1bdd876e3456,WARN,wikidata,wikidata_id_coarser_than_label,brachionus falcatus,wikidata_ID,Q3516967,Species=brachionus falcatus,Genus=Brachionus,1,frepj,"the identifier resolves to the row's Genus, not to its Species"
3eed7a1dddbe,WARN,wikidata,wikidata_id_coarser_than_label,brachionus forficula,wikidata_ID,Q3516967,Species=brachionus forficula,Genus=Brachionus,1,frepj,"the identifier resolves to the row's Genus, not to its Species"
197eda554c20,WARN,wikidata,wikidata_id_coarser_than_label,brachionus plicatilis,wikidata_ID,Q3516967,Species=brachionus plicatilis,Genus=Brachionus,1,frepj,"the identifier resolves to the row's Genus, not to its Species"
cb31e380586c,WARN,wikidata,wikidata_id_coarser_than_label,brachionus quadridentatus,wikidata_ID,Q3516967,Species=brachionus quadridentatus,Genus=Brachionus,1,frepj,"the identifier resolves to the row's Genus, not to its Species"
7194a1358e72,WARN,wikidata,wikidata_id_coarser_than_label,brachionus sessilis,wikidata_ID,Q3516967,Species=brachionus sessilis,Genus=Brachionus,1,frepj,"the identifier resolves to the row's Genus, not to its Species"
1f72628ae322,WARN,wikidata,wikidata_id_coarser_than_label,brachionus urceolaris,wikidata_ID,Q3516967,Species=brachionus urceolaris,Genus=Brachionus,1,frepj,"the identifier resolves to the row's Genus, not to its Species"
fc38b99cf9c5,WARN,wikidata,wikidata_id_coarser_than_label,centropyxis discoides,wikidata_ID,Q72663,Species=centropyxis discoides,Genus=Centropyxis,1,frepj,"the identifier resolves to the row's Genus, not to its Species"
8ebc0a538155,WARN,wikidata,wikidata_id_coarser_than_label,ceratium hirundinella,wikidata_ID,Q287907,Species=ceratium hirundinella,Genus=Ceratium,1,frepj,"the identifier resolves to the row's Genus, not to its Species"
a3c7ffa5e59b,WARN,wikidata,wikidata_id_coarser_than_label,ceriodaphnia cornuta,wikidata_ID,Q6549092,Species=ceriodaphnia cornuta,Genus=Ceriodaphnia,1,frepj,"the identifier resolves to the row's Genus, not to its Species"
652528f56cad,WARN,wikidata,wikidata_id_coarser_than_label,ceriodaphnia dubia,wikidata_ID,Q6549092,Species=ceriodaphnia dubia,Genus=Ceriodaphnia,1,frepj,"the identifier resolves to the row's Genus, not to its Species"
cd969385acaa,WARN,wikidata,wikidata_id_coarser_than_label,ceriodaphnia pulchella,wikidata_ID,Q6549092,Species=ceriodaphnia pulchella,Genus=Ceriodaphnia,1,frepj,"the identifier resolves to the row's Genus, not to its Species"
0f172b0ec01b,WARN,wikidata,wikidata_id_coarser_than_label,climacodium crocosphaera,wikidata_ID,Q25366289,Species=climacodium crocosphaera,Genus=Climacodium,2,flowcamnet;tara_pacific_decknet,"the identifier resolves to the row's Genus, not to its Species"
db13c2b1d9c1,WARN,wikidata,wikidata_id_coarser_than_label,conochiloides dossuarius,wikidata_ID,Q21349732,Species=conochiloides dossuarius,Genus=Conochiloides,1,frepj,"the identifier resolves to the row's Genus, not to its Species"
d33108909911,WARN,wikidata,wikidata_id_coarser_than_label,conochilus unicornis,wikidata_ID,Q4195327,Species=conochilus unicornis,Genus=Conochilus,1,frepj,"the identifier resolves to the row's Genus, not to its Species"
10168e86897e,WARN,wikidata,wikidata_id_coarser_than_label,cyclops kikuchii,wikidata_ID,Q1421606,Species=cyclops kikuchii,Genus=Cyclops,1,frepj,"the identifier resolves to the row's Genus, not to its Species"
f96220946691,WARN,wikidata,wikidata_id_coarser_than_label,cyclops vicinus,wikidata_ID,Q1421606,Species=cyclops vicinus,Genus=Cyclops,1,frepj,"the identifier resolves to the row's Genus, not to its Species"
95efb31042a2,WARN,wikidata,wikidata_id_coarser_than_label,daphnia ambigua,wikidata_ID,Q269354,Species=daphnia ambigua,Genus=Daphnia,1,frepj,"the identifier resolves to the row's Genus, not to its Species"
bef621af611b,WARN,wikidata,wikidata_id_coarser_than_label,daphnia cristata,wikidata_ID,Q269354,Species=daphnia cristata,Genus=Daphnia,1,frepj,"the identifier resolves to the row's Genus, not to its Species"
7c848ecb166e,WARN,wikidata,wikidata_id_coarser_than_label,daphnia dentifera,wikidata_ID,Q269354,Species=daphnia dentifera,Genus=Daphnia,1,frepj,"the identifier resolves to the row's Genus, not to its Species"
0f91416f0007,WARN,wikidata,wikidata_id_coarser_than_label,daphnia galeata,wikidata_ID,Q269354,Species=daphnia galeata,Genus=Daphnia,1,frepj,"the identifier resolves to the row's Genus, not to its Species"
a91476fbf374,WARN,wikidata,wikidata_id_coarser_than_label,daphnia longiremis,wikidata_ID,Q269354,Species=daphnia longiremis,Genus=Daphnia,1,frepj,"the identifier resolves to the row's Genus, not to its Species"
62c7b13719e9,WARN,wikidata,wikidata_id_coarser_than_label,daphnia mitsukuri,wikidata_ID,Q269354,Species=daphnia mitsukuri,Genus=Daphnia,1,frepj,"the identifier resolves to the row's Genus, not to its Species"
f9e9c2059d5c,WARN,wikidata,wikidata_id_coarser_than_label,daphnia pulex,wikidata_ID,Q269354,Species=daphnia pulex,Genus=Daphnia,1,frepj,"the identifier resolves to the row's Genus, not to its Species"
c6ccc5124655,WARN,wikidata,wikidata_id_coarser_than_label,daphnia tanakai,wikidata_ID,Q269354,Species=daphnia tanakai,Genus=Daphnia,1,frepj,"the identifier resolves to the row's Genus, not to its Species"
5cd99feb59d7,WARN,wikidata,wikidata_id_coarser_than_label,diacyclops biscuspidatus,wikidata_ID,Q6555177,Species=diacyclops biscuspidatus,Genus=Diacyclops,1,frepj,"the identifier resolves to the row's Genus, not to its Species"
0cbc29bfa862,WARN,wikidata,wikidata_id_coarser_than_label,diaphanosoma brachyurum,wikidata_ID,Q4561167,Species=diaphanosoma brachyurum,Genus=Diaphanosoma,1,frepj,"the identifier resolves to the row's Genus, not to its Species"
dc9eb5337a52,WARN,wikidata,wikidata_id_coarser_than_label,diaphanosoma dubium,wikidata_ID,Q4561167,Species=diaphanosoma dubium,Genus=Diaphanosoma,1,frepj,"the identifier resolves to the row's Genus, not to its Species"
206fb998b4fd,WARN,wikidata,wikidata_id_coarser_than_label,diaphanosoma macrophthalma,wikidata_ID,Q4561167,Species=diaphanosoma macrophthalma,Genus=Diaphanosoma,1,frepj,"the identifier resolves to the row's Genus, not to its Species"
7aa01867eed9,WARN,wikidata,wikidata_id_coarser_than_label,diaphanosoma nipponica,wikidata_ID,Q4561167,Species=diaphanosoma nipponica,Genus=Diaphanosoma,1,frepj,"the identifier resolves to the row's Genus, not to its Species"
72517254624b,WARN,wikidata,wikidata_id_coarser_than_label,diaphanosoma orientalis,wikidata_ID,Q4561167,Species=diaphanosoma orientalis,Genus=Diaphanosoma,1,frepj,"the identifier resolves to the row's Genus, not to its Species"
cce60b3c8c90,WARN,wikidata,wikidata_id_coarser_than_label,dicranophorus uncinatus,wikidata_ID,Q4169857,Species=dicranophorus uncinatus,Genus=Dicranophorus,1,frepj,"the identifier resolves to the row's Genus, not to its Species"
4d541000257f,WARN,wikidata,wikidata_id_coarser_than_label,dinobryon coalescens,wikidata_ID,Q1226656,Species=dinobryon coalescens,Genus=Dinobryon,1,medplanktonset,"the identifier resolves to the row's Genus, not to its Species"
535dc15db6e0,WARN,wikidata,wikidata_id_coarser_than_label,kellicottia bostoniensis,wikidata_ID,Q1738282,Species=kellicottia bostoniensis,Genus=Kellicottia,1,frepj,"the identifier resolves to the row's Genus, not to its Species"
5e7814850149,WARN,wikidata,wikidata_id_coarser_than_label,kellicottia longispina,wikidata_ID,Q1738282,Species=kellicottia longispina,Genus=Kellicottia,1,frepj,"the identifier resolves to the row's Genus, not to its Species"
6fc8f659b0ab,WARN,wikidata,wikidata_id_coarser_than_label,leptodora kindtii,wikidata_ID,Q15886001,Species=leptodora kindtii,Genus=Leptodora,1,frepj,"the identifier resolves to the row's Genus, not to its Species"
aaa9b65ac6f7,WARN,wikidata,wikidata_id_coarser_than_label,leydigia cliata,wikidata_ID,Q4559277,Species=leydigia cliata,Genus=Leydigia,1,frepj,"the identifier resolves to the row's Genus, not to its Species"
64ce3c4b8b6b,WARN,wikidata,wikidata_id_coarser_than_label,microstellaria,wikidata_ID,Q14550957,Genus=microstellaria,Family=Pyramidellidae,1,zoocamnet,"the identifier resolves to the row's Family, not to its Genus"
c0e771aa69bd,WARN,wikidata,wikidata_id_coarser_than_label,monostyla acus,wikidata_ID,Q21229661,Species=monostyla acus,Genus=Monostyla,1,frepj,"the identifier resolves to the row's Genus, not to its Species"
d20ff24fb06f,WARN,wikidata,wikidata_id_coarser_than_label,monostyla closterocerca,wikidata_ID,Q21229661,Species=monostyla closterocerca,Genus=Monostyla,1,frepj,"the identifier resolves to the row's Genus, not to its Species"
43d95b7e3661,WARN,wikidata,wikidata_id_coarser_than_label,monostyla furcata,wikidata_ID,Q21229661,Species=monostyla furcata,Genus=Monostyla,1,frepj,"the identifier resolves to the row's Genus, not to its Species"
2b05a73dabca,WARN,wikidata,wikidata_id_coarser_than_label,monostyla hamata,wikidata_ID,Q21229661,Species=monostyla hamata,Genus=Monostyla,1,frepj,"the identifier resolves to the row's Genus, not to its Species"
6aaadd339a34,WARN,wikidata,wikidata_id_coarser_than_label,monostyla opias,wikidata_ID,Q21229661,Species=monostyla opias,Genus=Monostyla,1,frepj,"the identifier resolves to the row's Genus, not to its Species"
d17d8fea349a,WARN,wikidata,wikidata_id_coarser_than_label,monostyla pyriformis,wikidata_ID,Q21229661,Species=monostyla pyriformis,Genus=Monostyla,1,frepj,"the identifier resolves to the row's Genus, not to its Species"
c67ed1a57f9e,WARN,wikidata,wikidata_id_coarser_than_label,monostyla quadridentata,wikidata_ID,Q21229661,Species=monostyla quadridentata,Genus=Monostyla,1,frepj,"the identifier resolves to the row's Genus, not to its Species"
f4acd1376067,WARN,wikidata,wikidata_id_coarser_than_label,neobrightwellia alternans,wikidata_ID,Q16831734,Species=neobrightwellia alternans,Family=Biddulphiaceae,1,medplanktonset,"the identifier resolves to the row's Family, not to its Species"
f76ea2affc4d,WARN,wikidata,wikidata_id_coarser_than_label,neomoelleria cornuta,wikidata_ID,Q2878349,Species=neomoelleria cornuta,Class=Bacillariophyceae,1,planktoscope,"the identifier resolves to the row's Class, not to its Species"
d90ee571163a,WARN,wikidata,wikidata_id_coarser_than_label,octactis octonaria,wikidata_ID,Q25367454,Species=octactis octonaria,Genus=Octactis,1,medplanktonset,"the identifier resolves to the row's Genus, not to its Species"
50493af15b01,WARN,wikidata,wikidata_id_coarser_than_label,parvicorbicula socialis,wikidata_ID,Q136207583,Species=parvicorbicula socialis,Genus=Parvicorbicula,1,whoi,"the identifier resolves to the row's Genus, not to its Species"
760d56064f35,WARN,wikidata,wikidata_id_coarser_than_label,polyarthra euryptera,wikidata_ID,Q2102727,Species=polyarthra euryptera,Genus=Polyarthra,1,frepj,"the identifier resolves to the row's Genus, not to its Species"
13b78ce4214e,WARN,wikidata,wikidata_id_coarser_than_label,polyarthra remata,wikidata_ID,Q2102727,Species=polyarthra remata,Genus=Polyarthra,1,frepj,"the identifier resolves to the row's Genus, not to its Species"
e1215aa7ce5c,WARN,wikidata,wikidata_id_coarser_than_label,polyarthra vulgaris,wikidata_ID,Q2102727,Species=polyarthra vulgaris,Genus=Polyarthra,1,frepj,"the identifier resolves to the row's Genus, not to its Species"
d41daf0766af,WARN,wikidata,wikidata_id_coarser_than_label,prorocentrum redfieldii,wikidata_ID,Q6087994,Species=prorocentrum redfieldii,Genus=Prorocentrum,1,medplanktonset,"the identifier resolves to the row's Genus, not to its Species"
15950f9b9b5b,WARN,wikidata,wikidata_id_coarser_than_label,sourniaea diacantha,wikidata_ID,Q106456471,Species=sourniaea diacantha,Family=Lingulodiniaceae,1,medplanktonset,"the identifier resolves to the row's Family, not to its Species"
0afc49ec91b7,WARN,wikidata,wikidata_id_coarser_than_label,synchaeta oblonga,wikidata_ID,Q1254189,Species=synchaeta oblonga,Genus=Synchaeta,1,frepj,"the identifier resolves to the row's Genus, not to its Species"
c3a122d6928e,WARN,wikidata,wikidata_id_coarser_than_label,synchaeta stylata,wikidata_ID,Q1254189,Species=synchaeta stylata,Genus=Synchaeta,1,frepj,"the identifier resolves to the row's Genus, not to its Species"
db548d26b58e,WARN,wikidata,wikidata_id_coarser_than_label,synchaeta tremula,wikidata_ID,Q1254189,Species=synchaeta tremula,Genus=Synchaeta,1,frepj,"the identifier resolves to the row's Genus, not to its Species"
01e0609208dc,WARN,wikidata,wikidata_id_coarser_than_label,tetramastix opoliensis,wikidata_ID,Q21224185,Species=tetramastix opoliensis,Genus=Tetramastix,1,frepj,"the identifier resolves to the row's Genus, not to its Species"
8138aded9879,WARN,wikidata,wikidata_id_coarser_than_label,trichocerca bicristata,wikidata_ID,Q2452640,Species=trichocerca bicristata,Genus=Trichocerca,1,frepj,"the identifier resolves to the row's Genus, not to its Species"
0be7f3310a40,WARN,wikidata,wikidata_id_coarser_than_label,trichocerca birostris,wikidata_ID,Q2452640,Species=trichocerca birostris,Genus=Trichocerca,1,frepj,"the identifier resolves to the row's Genus, not to its Species"
5553c8bcbb69,WARN,wikidata,wikidata_id_coarser_than_label,trichocerca capucina,wikidata_ID,Q2452640,Species=trichocerca capucina,Genus=Trichocerca,1,frepj,"the identifier resolves to the row's Genus, not to its Species"
8339bf39dece,WARN,wikidata,wikidata_id_coarser_than_label,trichocerca cylindrica,wikidata_ID,Q2452640,Species=trichocerca cylindrica,Genus=Trichocerca,1,frepj,"the identifier resolves to the row's Genus, not to its Species"
b47aff4cab23,WARN,wikidata,wikidata_id_coarser_than_label,trichocerca elongata,wikidata_ID,Q2452640,Species=trichocerca elongata,Genus=Trichocerca,1,frepj,"the identifier resolves to the row's Genus, not to its Species"
5dfd5fa9740b,WARN,wikidata,wikidata_id_coarser_than_label,trichocerca longiseta,wikidata_ID,Q2452640,Species=trichocerca longiseta,Genus=Trichocerca,1,frepj,"the identifier resolves to the row's Genus, not to its Species"
4eebc8fe5ef0,WARN,wikidata,wikidata_id_coarser_than_label,trichocerca mucosa,wikidata_ID,Q2452640,Species=trichocerca mucosa,Genus=Trichocerca,1,frepj,"the identifier resolves to the row's Genus, not to its Species"
12fee504a67a,WARN,wikidata,wikidata_id_coarser_than_label,trichocerca pusilla,wikidata_ID,Q2452640,Species=trichocerca pusilla,Genus=Trichocerca,1,frepj,"the identifier resolves to the row's Genus, not to its Species"
9c500cbd85b3,WARN,wikidata,wikidata_id_coarser_than_label,trichocerca rattus,wikidata_ID,Q2452640,Species=trichocerca rattus,Genus=Trichocerca,1,frepj,"the identifier resolves to the row's Genus, not to its Species"
108a1780a025,WARN,wikidata,wikidata_id_coarser_than_label,tripos geniculatus,wikidata_ID,Q18606362,Species=tripos geniculatus,Genus=Tripos,2,planktoscope;tara_pacific_decknet,"the identifier resolves to the row's Genus, not to its Species"
5082327c6cd4,WARN,wikidata,wikidata_id_coarser_than_label,tripos horridus,wikidata_ID,Q18606362,Species=tripos horridus,Genus=Tripos,1,medplanktonset,"the identifier resolves to the row's Genus, not to its Species"
59515a9d21ff,WARN,wikidata,wikidata_ncbi_claim_divergence,gonyaulax verior,NCBI_ID,2723146,2723146,261826,1,syke_ifcb_2022,Wikidata now asserts a different NCBI identifier than the CSV holds
b1ed2e47eff0,WARN,wikidata,wikidata_ncbi_claim_divergence,guinardia delicatula,NCBI_ID,1244696,1244696,216802,4,whoi,Wikidata now asserts a different NCBI identifier than the CSV holds
5ae97a2f6929,WARN,wikidata,wikidata_ncbi_claim_divergence,karenia,NCBI_ID,1052865,1052865,156229,2,medplanktonset;whoi,Wikidata now asserts a different NCBI identifier than the CSV holds
ec9a202f9fea,WARN,wikidata,wikidata_ncbi_claim_divergence,kryptoperidinium triquetrum,NCBI_ID,66468,66468,2864184,1,whoi,Wikidata now asserts a different NCBI identifier than the CSV holds
1a4ef14ddedb,WARN,wikidata,wikidata_ncbi_claim_divergence,polyarthra,NCBI_ID,3024083,3024083,360692,2,frepj;zoolake,Wikidata now asserts a different NCBI identifier than the CSV holds
8d6e8c07e075,WARN,wikidata,wikidata_ncbi_claim_divergence,polyarthra euryptera,NCBI_ID,3024083,3024083,360692,1,frepj,Wikidata now asserts a different NCBI identifier than the CSV holds
eb819d08669a,WARN,wikidata,wikidata_ncbi_claim_divergence,polyarthra remata,NCBI_ID,3024083,3024083,360692,1,frepj,Wikidata now asserts a different NCBI identifier than the CSV holds
4d771a85d058,WARN,wikidata,wikidata_ncbi_claim_divergence,polyarthra vulgaris,NCBI_ID,3024083,3024083,360692,1,frepj,Wikidata now asserts a different NCBI identifier than the CSV holds
96cde606b47d,WARN,wikidata,wikidata_ncbi_claim_divergence,rhodomonas salina,NCBI_ID,3034,3034,52970,1,daplankton,Wikidata now asserts a different NCBI identifier than the CSV holds
04b5007b8da0,WARN,wikidata,wikidata_ncbi_claim_divergence,sessilia,NCBI_ID,116172,116172,116167,1,sykezooscan2024,Wikidata now asserts a different NCBI identifier than the CSV holds
c827caff2f22,WARN,wikidata,wikidata_ncbi_claim_divergence,tripos lineatus,NCBI_ID,994785,994785,2795481,1,planktoscope,Wikidata now asserts a different NCBI identifier than the CSV holds
437e056a09d4,WARN,wikidata,wikidata_rank_mismatch,kapelodinium vestifici,wikidata_ID,Q25364681,Species,genus,1,medplanktonset,the P105 taxon rank disagrees with the deepest populated CSV rank
6d97fc490ae9,WARN,wikidata,wikidata_worms_claim_divergence,cladoceramus,aphia_ID,105,105,1062786,1,zoocamnet,Wikidata now asserts a different WoRMS identifier than the CSV holds
70298a1e7308,WARN,wikidata,wikidata_worms_claim_divergence,dinobryon coalescens,aphia_ID,573858,573858,157240,1,medplanktonset,Wikidata now asserts a different WoRMS identifier than the CSV holds
2aadacb0d984,WARN,wikidata,wikidata_worms_claim_divergence,discosphaera tubifera,aphia_ID,573399,573399,615464,1,medplanktonset,Wikidata now asserts a different WoRMS identifier than the CSV holds
ab2839951bb1,WARN,wikidata,wikidata_worms_claim_divergence,kapelodinium vestifici,aphia_ID,1368615,1368615,109479,1,medplanktonset,Wikidata now asserts a different WoRMS identifier than the CSV holds
a5cdbbbea233,WARN,wikidata,wikidata_worms_claim_divergence,microstellaria,aphia_ID,1761472,1761472,162,1,zoocamnet,Wikidata now asserts a different WoRMS identifier than the CSV holds
c1ca1001e7d3,WARN,wikidata,wikidata_worms_claim_divergence,neomoelleria cornuta,aphia_ID,1324082,1324082,148899,1,planktoscope,Wikidata now asserts a different WoRMS identifier than the CSV holds
9dc130b1cf48,WARN,wikidata,wikidata_worms_claim_divergence,octactis octonaria,aphia_ID,375970,375970,369960,1,medplanktonset,Wikidata now asserts a different WoRMS identifier than the CSV holds
8322b39152cc,WARN,wikidata,wikidata_worms_claim_divergence,parvicorbicula socialis,aphia_ID,105588,105588,105518,1,whoi,Wikidata now asserts a different WoRMS identifier than the CSV holds
7fde8361b6e3,WARN,wikidata,wikidata_worms_claim_divergence,prorocentrum redfieldii,aphia_ID,110310,110310,109566,1,medplanktonset,Wikidata now asserts a different WoRMS identifier than the CSV holds
920eec38f7f4,WARN,wikidata,wikidata_worms_claim_divergence,tripos geniculatus,aphia_ID,841242,841242,494057,2,planktoscope;tara_pacific_decknet,Wikidata now asserts a different WoRMS identifier than the CSV holds
fb514aa0a8af,WARN,wikidata,wikidata_worms_claim_divergence,tripos horridus,aphia_ID,837453,837453,494057,1,medplanktonset,Wikidata now asserts a different WoRMS identifier than the CSV holds
a9e307f3d5ff,WARN,worms,worms_id_coarser_than_label,asplanchna priodonta,aphia_ID,134935,Species=asplanchna priodonta,Genus=Asplanchna,1,frepj,"the identifier resolves to the row's Genus, not to its Species"
8744afba0250,WARN,worms,worms_id_coarser_than_label,asplanchna sieboldi,aphia_ID,134935,Species=asplanchna sieboldi,Genus=Asplanchna,1,frepj,"the identifier resolves to the row's Genus, not to its Species"
fc25fa082ff1,WARN,worms,worms_id_coarser_than_label,blepharisma americanum,aphia_ID,178694,Species=blepharisma americanum,Genus=Blepharisma,1,lensless,"the identifier resolves to the row's Genus, not to its Species"
fc45c2467bd3,WARN,worms,worms_id_coarser_than_label,bosmina fatalis,aphia_ID,106265,Species=bosmina fatalis,Genus=Bosmina,1,frepj,"the identifier resolves to the row's Genus, not to its Species"
dc9f8f7cece9,WARN,worms,worms_id_coarser_than_label,bosmina freyi,aphia_ID,106265,Species=bosmina freyi,Genus=Bosmina,1,frepj,"the identifier resolves to the row's Genus, not to its Species"
c48f6b613344,WARN,worms,worms_id_coarser_than_label,bosmina longirostris,aphia_ID,106265,Species=bosmina longirostris,Genus=Bosmina,1,frepj,"the identifier resolves to the row's Genus, not to its Species"
a277c9a95c0e,WARN,worms,worms_id_coarser_than_label,bosmina tanakai,aphia_ID,106265,Species=bosmina tanakai,Genus=Bosmina,1,frepj,"the identifier resolves to the row's Genus, not to its Species"
138b4a5444f3,WARN,worms,worms_id_coarser_than_label,brachionus angularis,aphia_ID,134937,Species=brachionus angularis,Genus=Brachionus,1,frepj,"the identifier resolves to the row's Genus, not to its Species"
63094effdfd4,WARN,worms,worms_id_coarser_than_label,brachionus budapestinensis,aphia_ID,134937,Species=brachionus budapestinensis,Genus=Brachionus,1,frepj,"the identifier resolves to the row's Genus, not to its Species"
3aefdf192d88,WARN,worms,worms_id_coarser_than_label,brachionus calyciflorus,aphia_ID,134937,Species=brachionus calyciflorus,Genus=Brachionus,1,frepj,"the identifier resolves to the row's Genus, not to its Species"
0afa54a0e534,WARN,worms,worms_id_coarser_than_label,brachionus caudatus,aphia_ID,134937,Species=brachionus caudatus,Genus=Brachionus,1,frepj,"the identifier resolves to the row's Genus, not to its Species"
01ab9fb613cc,WARN,worms,worms_id_coarser_than_label,brachionus dimidiatus,aphia_ID,134937,Species=brachionus dimidiatus,Genus=Brachionus,1,frepj,"the identifier resolves to the row's Genus, not to its Species"
c7faa093d833,WARN,worms,worms_id_coarser_than_label,brachionus diversicornis,aphia_ID,134937,Species=brachionus diversicornis,Genus=Brachionus,1,frepj,"the identifier resolves to the row's Genus, not to its Species"
593beec994f7,WARN,worms,worms_id_coarser_than_label,brachionus falcatus,aphia_ID,134937,Species=brachionus falcatus,Genus=Brachionus,1,frepj,"the identifier resolves to the row's Genus, not to its Species"
faef7d34297e,WARN,worms,worms_id_coarser_than_label,brachionus forficula,aphia_ID,134937,Species=brachionus forficula,Genus=Brachionus,1,frepj,"the identifier resolves to the row's Genus, not to its Species"
123e73924c9e,WARN,worms,worms_id_coarser_than_label,brachionus plicatilis,aphia_ID,134937,Species=brachionus plicatilis,Genus=Brachionus,1,frepj,"the identifier resolves to the row's Genus, not to its Species"
b91982145f01,WARN,worms,worms_id_coarser_than_label,brachionus quadridentatus,aphia_ID,134937,Species=brachionus quadridentatus,Genus=Brachionus,1,frepj,"the identifier resolves to the row's Genus, not to its Species"
a34e7f283719,WARN,worms,worms_id_coarser_than_label,brachionus sessilis,aphia_ID,134937,Species=brachionus sessilis,Genus=Brachionus,1,frepj,"the identifier resolves to the row's Genus, not to its Species"
8c05d1f0be00,WARN,worms,worms_id_coarser_than_label,brachionus urceolaris,aphia_ID,134937,Species=brachionus urceolaris,Genus=Brachionus,1,frepj,"the identifier resolves to the row's Genus, not to its Species"
7b867dbb4159,WARN,worms,worms_id_coarser_than_label,centropyxis discoides,aphia_ID,136759,Species=centropyxis discoides,Genus=Centropyxis,1,frepj,"the identifier resolves to the row's Genus, not to its Species"
32e44d677e9b,WARN,worms,worms_id_coarser_than_label,ceratium hirundinella,aphia_ID,109506,Species=ceratium hirundinella,Genus=Ceratium,1,frepj,"the identifier resolves to the row's Genus, not to its Species"
145289f28fa2,WARN,worms,worms_id_coarser_than_label,ceriodaphnia cornuta,aphia_ID,148376,Species=ceriodaphnia cornuta,Genus=Ceriodaphnia,1,frepj,"the identifier resolves to the row's Genus, not to its Species"
aeea27996ea8,WARN,worms,worms_id_coarser_than_label,ceriodaphnia dubia,aphia_ID,148376,Species=ceriodaphnia dubia,Genus=Ceriodaphnia,1,frepj,"the identifier resolves to the row's Genus, not to its Species"
4d1fe0a2674b,WARN,worms,worms_id_coarser_than_label,ceriodaphnia pulchella,aphia_ID,148376,Species=ceriodaphnia pulchella,Genus=Ceriodaphnia,1,frepj,"the identifier resolves to the row's Genus, not to its Species"
4c66147b795b,WARN,worms,worms_id_coarser_than_label,chaetoceros dadayi,aphia_ID,148985,Species=chaetoceros dadayi,Genus=Chaetoceros,1,planktoscope,"the identifier resolves to the row's Genus, not to its Species"
0372e45c7712,WARN,worms,worms_id_coarser_than_label,chaoborus,aphia_ID,118088,Genus=chaoborus,Order=Diptera,2,frepj;zoolake,"the identifier resolves to the row's Order, not to its Genus"
0932d5f9a6b4,WARN,worms,worms_id_coarser_than_label,cladoceramus,aphia_ID,105,Genus=cladoceramus,Class=Bivalvia,1,zoocamnet,"the identifier resolves to the row's Class, not to its Genus"
af5141dfce4d,WARN,worms,worms_id_coarser_than_label,climacodium crocosphaera,aphia_ID,196803,Species=climacodium crocosphaera,Genus=Climacodium,2,flowcamnet;tara_pacific_decknet,"the identifier resolves to the row's Genus, not to its Species"
87f359fdeaca,WARN,worms,worms_id_coarser_than_label,conochilus unicornis,aphia_ID,134930,Species=conochilus unicornis,Genus=Conochilus,1,frepj,"the identifier resolves to the row's Genus, not to its Species"
d16895b1d885,WARN,worms,worms_id_coarser_than_label,cyclops kikuchii,aphia_ID,149782,Species=cyclops kikuchii,Genus=Cyclops,1,frepj,"the identifier resolves to the row's Genus, not to its Species"
f872a47339ae,WARN,worms,worms_id_coarser_than_label,cyclops vicinus,aphia_ID,149782,Species=cyclops vicinus,Genus=Cyclops,1,frepj,"the identifier resolves to the row's Genus, not to its Species"
b15ba75a5bfe,WARN,worms,worms_id_coarser_than_label,daphnia ambigua,aphia_ID,148370,Species=daphnia ambigua,Genus=Daphnia,1,frepj,"the identifier resolves to the row's Genus, not to its Species"
8876520f6706,WARN,worms,worms_id_coarser_than_label,daphnia cristata,aphia_ID,148370,Species=daphnia cristata,Genus=Daphnia,1,frepj,"the identifier resolves to the row's Genus, not to its Species"
fb0c13475a5c,WARN,worms,worms_id_coarser_than_label,daphnia dentifera,aphia_ID,148370,Species=daphnia dentifera,Genus=Daphnia,1,frepj,"the identifier resolves to the row's Genus, not to its Species"
c5942cc9d723,WARN,worms,worms_id_coarser_than_label,daphnia galeata,aphia_ID,148370,Species=daphnia galeata,Genus=Daphnia,1,frepj,"the identifier resolves to the row's Genus, not to its Species"
6efa2e89dbb9,WARN,worms,worms_id_coarser_than_label,daphnia longiremis,aphia_ID,148370,Species=daphnia longiremis,Genus=Daphnia,1,frepj,"the identifier resolves to the row's Genus, not to its Species"
c0a859b2c932,WARN,worms,worms_id_coarser_than_label,daphnia mitsukuri,aphia_ID,148370,Species=daphnia mitsukuri,Genus=Daphnia,1,frepj,"the identifier resolves to the row's Genus, not to its Species"
17b9f82bc30f,WARN,worms,worms_id_coarser_than_label,daphnia pulex,aphia_ID,148370,Species=daphnia pulex,Genus=Daphnia,1,frepj,"the identifier resolves to the row's Genus, not to its Species"
862a6a9accbb,WARN,worms,worms_id_coarser_than_label,daphnia tanakai,aphia_ID,148370,Species=daphnia tanakai,Genus=Daphnia,1,frepj,"the identifier resolves to the row's Genus, not to its Species"
bdde7dc0e90a,WARN,worms,worms_id_coarser_than_label,diacyclops biscuspidatus,aphia_ID,149783,Species=diacyclops biscuspidatus,Genus=Diacyclops,1,frepj,"the identifier resolves to the row's Genus, not to its Species"
25b570cdb4e2,WARN,worms,worms_id_coarser_than_label,diaphanosoma brachyurum,aphia_ID,234062,Species=diaphanosoma brachyurum,Genus=Diaphanosoma,1,frepj,"the identifier resolves to the row's Genus, not to its Species"
4548b6c1bd21,WARN,worms,worms_id_coarser_than_label,diaphanosoma dubium,aphia_ID,234062,Species=diaphanosoma dubium,Genus=Diaphanosoma,1,frepj,"the identifier resolves to the row's Genus, not to its Species"
2cd80926c05a,WARN,worms,worms_id_coarser_than_label,diaphanosoma macrophthalma,aphia_ID,234062,Species=diaphanosoma macrophthalma,Genus=Diaphanosoma,1,frepj,"the identifier resolves to the row's Genus, not to its Species"
f7ddd88e8c10,WARN,worms,worms_id_coarser_than_label,diaphanosoma nipponica,aphia_ID,234062,Species=diaphanosoma nipponica,Genus=Diaphanosoma,1,frepj,"the identifier resolves to the row's Genus, not to its Species"
a0bce07be2c8,WARN,worms,worms_id_coarser_than_label,diaphanosoma orientalis,aphia_ID,234062,Species=diaphanosoma orientalis,Genus=Diaphanosoma,1,frepj,"the identifier resolves to the row's Genus, not to its Species"
96bb2f1786ac,WARN,worms,worms_id_coarser_than_label,dicranophorus uncinatus,aphia_ID,368545,Species=dicranophorus uncinatus,Genus=Dicranophorus,1,frepj,"the identifier resolves to the row's Genus, not to its Species"
5687274d1bc3,WARN,worms,worms_id_coarser_than_label,echidnophaga,aphia_ID,112045,Genus=echidnophaga,Order=Siphonaptera,1,global_uvp5,"the identifier resolves to the row's Order, not to its Genus"
0c225ffe2694,WARN,worms,worms_id_coarser_than_label,helix aspersa,aphia_ID,153970,Species=helix aspersa,Genus=Helix,1,global_uvp5,"the identifier resolves to the row's Genus, not to its Species"
655092152886,WARN,worms,worms_id_coarser_than_label,kellicottia bostoniensis,aphia_ID,134940,Species=kellicottia bostoniensis,Genus=Kellicottia,1,frepj,"the identifier resolves to the row's Genus, not to its Species"
99155f0712ee,WARN,worms,worms_id_coarser_than_label,kellicottia longispina,aphia_ID,134940,Species=kellicottia longispina,Genus=Kellicottia,1,frepj,"the identifier resolves to the row's Genus, not to its Species"
24774b1563e3,WARN,worms,worms_id_coarser_than_label,leptodora kindtii,aphia_ID,247922,Species=leptodora kindtii,Genus=Leptodora,1,frepj,"the identifier resolves to the row's Genus, not to its Species"
3f25d392e9bb,WARN,worms,worms_id_coarser_than_label,leydigia cliata,aphia_ID,148386,Species=leydigia cliata,Genus=Leydigia,1,frepj,"the identifier resolves to the row's Genus, not to its Species"
a3ac2ca734e2,WARN,worms,worms_id_coarser_than_label,melosira arctica,aphia_ID,149042,Species=melosira arctica,Genus=Melosira,2,daplankton;syke_ifcb_2022,"the identifier resolves to the row's Genus, not to its Species"
fb8380aa077d,WARN,worms,worms_id_coarser_than_label,neobrightwellia alternans,aphia_ID,148966,Species=neobrightwellia alternans,Family=Biddulphiaceae,1,medplanktonset,"the identifier resolves to the row's Family, not to its Species"
78a59aaf65a3,WARN,worms,worms_id_coarser_than_label,polyarthra euryptera,aphia_ID,134957,Species=polyarthra euryptera,Genus=Polyarthra,1,frepj,"the identifier resolves to the row's Genus, not to its Species"
2d90b6bf049a,WARN,worms,worms_id_coarser_than_label,polyarthra remata,aphia_ID,134957,Species=polyarthra remata,Genus=Polyarthra,1,frepj,"the identifier resolves to the row's Genus, not to its Species"
b333763fb10d,WARN,worms,worms_id_coarser_than_label,polyarthra vulgaris,aphia_ID,134957,Species=polyarthra vulgaris,Genus=Polyarthra,1,frepj,"the identifier resolves to the row's Genus, not to its Species"
c20dafea055d,WARN,worms,worms_id_coarser_than_label,synchaeta oblonga,aphia_ID,134958,Species=synchaeta oblonga,Genus=Synchaeta,1,frepj,"the identifier resolves to the row's Genus, not to its Species"
b1f532258bae,WARN,worms,worms_id_coarser_than_label,synchaeta stylata,aphia_ID,134958,Species=synchaeta stylata,Genus=Synchaeta,1,frepj,"the identifier resolves to the row's Genus, not to its Species"
33b7f87130b1,WARN,worms,worms_id_coarser_than_label,synchaeta tremula,aphia_ID,134958,Species=synchaeta tremula,Genus=Synchaeta,1,frepj,"the identifier resolves to the row's Genus, not to its Species"
863af66af650,WARN,worms,worms_id_coarser_than_label,tenuicylindrus belgicus,aphia_ID,149037,Species=tenuicylindrus belgicus,Family=Leptocylindraceae,1,medplanktonset,"the identifier resolves to the row's Family, not to its Species"
7bdbbe6c5dbf,WARN,worms,worms_id_coarser_than_label,trichocerca bicristata,aphia_ID,134959,Species=trichocerca bicristata,Genus=Trichocerca,1,frepj,"the identifier resolves to the row's Genus, not to its Species"
e442482b5ae1,WARN,worms,worms_id_coarser_than_label,trichocerca birostris,aphia_ID,134959,Species=trichocerca birostris,Genus=Trichocerca,1,frepj,"the identifier resolves to the row's Genus, not to its Species"
312c8949f637,WARN,worms,worms_id_coarser_than_label,trichocerca capucina,aphia_ID,134959,Species=trichocerca capucina,Genus=Trichocerca,1,frepj,"the identifier resolves to the row's Genus, not to its Species"
6f152da92d77,WARN,worms,worms_id_coarser_than_label,trichocerca cylindrica,aphia_ID,134959,Species=trichocerca cylindrica,Genus=Trichocerca,1,frepj,"the identifier resolves to the row's Genus, not to its Species"
0520530c3a49,WARN,worms,worms_id_coarser_than_label,trichocerca elongata,aphia_ID,134959,Species=trichocerca elongata,Genus=Trichocerca,1,frepj,"the identifier resolves to the row's Genus, not to its Species"
16d6801ee56d,WARN,worms,worms_id_coarser_than_label,trichocerca longiseta,aphia_ID,134959,Species=trichocerca longiseta,Genus=Trichocerca,1,frepj,"the identifier resolves to the row's Genus, not to its Species"
5a9d57c43493,WARN,worms,worms_id_coarser_than_label,trichocerca mucosa,aphia_ID,134959,Species=trichocerca mucosa,Genus=Trichocerca,1,frepj,"the identifier resolves to the row's Genus, not to its Species"
676b2666b1a4,WARN,worms,worms_id_coarser_than_label,trichocerca pusilla,aphia_ID,134959,Species=trichocerca pusilla,Genus=Trichocerca,1,frepj,"the identifier resolves to the row's Genus, not to its Species"
7713d9e1e3ad,WARN,worms,worms_id_coarser_than_label,trichocerca rattus,aphia_ID,134959,Species=trichocerca rattus,Genus=Trichocerca,1,frepj,"the identifier resolves to the row's Genus, not to its Species"
0289293b7b3c,WARN,worms,worms_rank_mismatch,actinosphaerium nucleofilum,aphia_ID,590589,Species,Family,1,lensless,the deepest populated CSV rank disagrees with the AphiaID's own rank
9ec66ed438b9,WARN,worms,worms_rank_slot_drift,alona,aphia_ID,148383,Order=diplostraca,superorder=diplostraca,1,frepj,the authority places 'diplostraca' at a different rank than the CSV column it occupies
3236a56a40ab,WARN,worms,worms_rank_slot_drift,alona guttata,aphia_ID,593151,Order=diplostraca,superorder=diplostraca,1,frepj,the authority places 'diplostraca' at a different rank than the CSV column it occupies
a5721d0bade3,WARN,worms,worms_rank_slot_drift,alona intermedia,aphia_ID,1302235,Order=diplostraca,superorder=diplostraca,1,frepj,the authority places 'diplostraca' at a different rank than the CSV column it occupies
457172dcc453,WARN,worms,worms_rank_slot_drift,alonella excisa,aphia_ID,1302980,Order=diplostraca,superorder=diplostraca,1,frepj,the authority places 'diplostraca' at a different rank than the CSV column it occupies
a9bba1fd7b19,WARN,worms,worms_rank_slot_drift,azadinium caudatum,aphia_ID,837075,Order=dinophyceae,class=dinophyceae,1,medplanktonset,the authority places 'dinophyceae' at a different rank than the CSV column it occupies
1933e06d4d56,WARN,worms,worms_rank_slot_drift,bacteriastrum,aphia_ID,149118,Order=chaetocerotanae,superorder=chaetocerotanae,6,flowcamnet;medplanktonset;planktoscope;tara_pacific_bongo;tara_pacific_decknet,the authority places 'chaetocerotanae' at a different rank than the CSV column it occupies
a298c04c77c1,WARN,worms,worms_rank_slot_drift,bosminopsis deitersi,aphia_ID,933270,Order=diplostraca,superorder=diplostraca,1,frepj,the authority places 'diplostraca' at a different rank than the CSV column it occupies
b6cec853258e,WARN,worms,worms_rank_slot_drift,camptocercus,aphia_ID,593107,Order=diplostraca,superorder=diplostraca,1,frepj,the authority places 'diplostraca' at a different rank than the CSV column it occupies
8fdf390eb0c5,WARN,worms,worms_rank_slot_drift,camptocercus australis,aphia_ID,1302341,Order=diplostraca,superorder=diplostraca,1,frepj,the authority places 'diplostraca' at a different rank than the CSV column it occupies
7809aeb7230b,WARN,worms,worms_rank_slot_drift,centropyxis,aphia_ID,136759,Class=lobosa,subphylum=lobosa,1,frepj,the authority places 'lobosa' at a different rank than the CSV column it occupies
0837aea112f9,WARN,worms,worms_rank_slot_drift,centropyxis discoides,aphia_ID,136759,Class=lobosa,subphylum=lobosa,1,frepj,the authority places 'lobosa' at a different rank than the CSV column it occupies
d9fbde20e8db,WARN,worms,worms_rank_slot_drift,chaetoceros,aphia_ID,148985,Order=chaetocerotanae,superorder=chaetocerotanae,17,daplankton;flowcamnet;medplanktonset;planktoscope;syke_ifcb_2022;tara_pacific_bongo;tara_pacific_decknet;whoi,the authority places 'chaetocerotanae' at a different rank than the CSV column it occupies
9baa15ac1c03,WARN,worms,worms_rank_slot_drift,chaetoceros affinis,aphia_ID,149241,Order=chaetocerotanae,superorder=chaetocerotanae,1,planktoscope,the authority places 'chaetocerotanae' at a different rank than the CSV column it occupies
d75ec07137b0,WARN,worms,worms_rank_slot_drift,chaetoceros anastomosans,aphia_ID,149292,Order=chaetocerotanae,superorder=chaetocerotanae,1,medplanktonset,the authority places 'chaetocerotanae' at a different rank than the CSV column it occupies
ff0db7aab851,WARN,worms,worms_rank_slot_drift,chaetoceros dadayi,aphia_ID,148985,Order=chaetocerotanae,superorder=chaetocerotanae,1,planktoscope,the authority places 'chaetocerotanae' at a different rank than the CSV column it occupies
27fadbf9a774,WARN,worms,worms_rank_slot_drift,chaetoceros danicus,aphia_ID,149120,Order=chaetocerotanae,superorder=chaetocerotanae,2,medplanktonset;planktoscope,the authority places 'chaetocerotanae' at a different rank than the CSV column it occupies
e9e3cbfa7989,WARN,worms,worms_rank_slot_drift,chaetoceros decipiens,aphia_ID,149126,Order=chaetocerotanae,superorder=chaetocerotanae,1,medplanktonset,the authority places 'chaetocerotanae' at a different rank than the CSV column it occupies
2ba39753717b,WARN,worms,worms_rank_slot_drift,chaetoceros didymus,aphia_ID,149122,Order=chaetocerotanae,superorder=chaetocerotanae,2,whoi,the authority places 'chaetocerotanae' at a different rank than the CSV column it occupies
3605e95b68d5,WARN,worms,worms_rank_slot_drift,chaetoceros diversus,aphia_ID,157431,Order=chaetocerotanae,superorder=chaetocerotanae,1,medplanktonset,the authority places 'chaetocerotanae' at a different rank than the CSV column it occupies
e015cfc26de0,WARN,worms,worms_rank_slot_drift,chaetoceros peruvianus,aphia_ID,178185,Order=chaetocerotanae,superorder=chaetocerotanae,4,flowcamnet;medplanktonset;planktoscope;tara_pacific_decknet,the authority places 'chaetocerotanae' at a different rank than the CSV column it occupies
7ad1ea1a71f3,WARN,worms,worms_rank_slot_drift,chaetoceros protuberans,aphia_ID,163055,Order=chaetocerotanae,superorder=chaetocerotanae,1,tara_pacific_decknet,the authority places 'chaetocerotanae' at a different rank than the CSV column it occupies
4045cb16b255,WARN,worms,worms_rank_slot_drift,chaetoceros socialis,aphia_ID,149123,Order=chaetocerotanae,superorder=chaetocerotanae,1,medplanktonset,the authority places 'chaetocerotanae' at a different rank than the CSV column it occupies
0e06b83e8297,WARN,worms,worms_rank_slot_drift,chaetoceros tortissimus,aphia_ID,163161,Order=chaetocerotanae,superorder=chaetocerotanae,1,medplanktonset,the authority places 'chaetocerotanae' at a different rank than the CSV column it occupies
40138053a6ef,WARN,worms,worms_rank_slot_drift,chydoridae,aphia_ID,148356,Order=diplostraca,superorder=diplostraca,1,frepj,the authority places 'diplostraca' at a different rank than the CSV column it occupies
739206dc2e3f,WARN,worms,worms_rank_slot_drift,chydorus,aphia_ID,148377,Order=diplostraca,superorder=diplostraca,1,frepj,the authority places 'diplostraca' at a different rank than the CSV column it occupies
f55e5246079d,WARN,worms,worms_rank_slot_drift,chydorus brevilabris,aphia_ID,1302406,Order=diplostraca,superorder=diplostraca,1,frepj,the authority places 'diplostraca' at a different rank than the CSV column it occupies
53185c77ae51,WARN,worms,worms_rank_slot_drift,chydorus sphaericus,aphia_ID,148406,Order=diplostraca,superorder=diplostraca,1,frepj,the authority places 'diplostraca' at a different rank than the CSV column it occupies
cce99e80fdc4,WARN,worms,worms_rank_slot_drift,disparalona rostrata,aphia_ID,148402,Order=diplostraca,superorder=diplostraca,1,frepj,the authority places 'diplostraca' at a different rank than the CSV column it occupies
76e2c777a7d4,WARN,worms,worms_rank_slot_drift,dissotrocha,aphia_ID,148363,Order=bdelloidea,subclass=bdelloidea,1,frepj,the authority places 'bdelloidea' at a different rank than the CSV column it occupies
96e23bb4ad32,WARN,worms,worms_rank_slot_drift,echidnophaga,aphia_ID,112045,Order=siphonaptera,genus=siphonaptera,1,global_uvp5,the authority places 'siphonaptera' at a different rank than the CSV column it occupies
fff70ed1d74c,WARN,worms,worms_rank_slot_drift,ephemera,aphia_ID,235815,Class=hexapoda,subphylum=hexapoda,1,whoi,the authority places 'hexapoda' at a different rank than the CSV column it occupies
815d84590000,WARN,worms,worms_rank_slot_drift,gerridae,aphia_ID,160268,Class=hexapoda,subphylum=hexapoda,1,tara_pacific_manta,the authority places 'hexapoda' at a different rank than the CSV column it occupies
ba36a8fb21bd,WARN,worms,worms_rank_slot_drift,habrotrochidae,aphia_ID,886238,Order=bdelloidea,subclass=bdelloidea,1,frepj,the authority places 'bdelloidea' at a different rank than the CSV column it occupies
a8c5fe249356,WARN,worms,worms_rank_slot_drift,halobates,aphia_ID,204105,Class=hexapoda,subphylum=hexapoda,1,tara_pacific_hsn,the authority places 'hexapoda' at a different rank than the CSV column it occupies
b91230d992c4,WARN,worms,worms_rank_slot_drift,holopedium gibberum,aphia_ID,160273,Order=diplostraca,superorder=diplostraca,1,frepj,the authority places 'diplostraca' at a different rank than the CSV column it occupies
6ce66cf2e983,WARN,worms,worms_rank_slot_drift,katablepharis remigera,aphia_ID,627117,Class=cryptophyta,phylum=cryptophyta,2,daplankton;syke_ifcb_2022,the authority places 'cryptophyta' at a different rank than the CSV column it occupies
cc056e35f228,WARN,worms,worms_rank_slot_drift,leydigia cliata,aphia_ID,148386,Order=diplostraca,superorder=diplostraca,1,frepj,the authority places 'diplostraca' at a different rank than the CSV column it occupies
fde9b677461e,WARN,worms,worms_rank_slot_drift,leydigia leydigi,aphia_ID,148411,Order=diplostraca,superorder=diplostraca,1,frepj,the authority places 'diplostraca' at a different rank than the CSV column it occupies
726b8746f4a9,WARN,worms,worms_rank_slot_drift,macrothrix,aphia_ID,593153,Order=diplostraca,superorder=diplostraca,1,frepj,the authority places 'diplostraca' at a different rank than the CSV column it occupies
d92a04e4bf00,WARN,worms,worms_rank_slot_drift,microstellaria,aphia_ID,1761472,Order=pylopulmonata,superorder=pylopulmonata,1,zoocamnet,the authority places 'pylopulmonata' at a different rank than the CSV column it occupies
660e6dd3607b,WARN,worms,worms_rank_slot_drift,moina affinis,aphia_ID,412855,Order=diplostraca,superorder=diplostraca,1,frepj,the authority places 'diplostraca' at a different rank than the CSV column it occupies
2610aeddde72,WARN,worms,worms_rank_slot_drift,moina micrura,aphia_ID,345486,Order=diplostraca,superorder=diplostraca,2,frepj,the authority places 'diplostraca' at a different rank than the CSV column it occupies
d0e0d539dfb0,WARN,worms,worms_rank_slot_drift,monospilus dispar,aphia_ID,412824,Order=diplostraca,superorder=diplostraca,1,frepj,the authority places 'diplostraca' at a different rank than the CSV column it occupies
24547d15a7a4,WARN,worms,worms_rank_slot_drift,neomoelleria cornuta,aphia_ID,1324082,Order=bacillariophyceae,class=bacillariophyceae,1,planktoscope,the authority places 'bacillariophyceae' at a different rank than the CSV column it occupies
2250390a0fb6,WARN,worms,worms_rank_slot_drift,neomoelleria cornuta,aphia_ID,1324082,Family=bacillariophyceae,class=bacillariophyceae,1,planktoscope,the authority places 'bacillariophyceae' at a different rank than the CSV column it occupies
d8e53d4b6936,WARN,worms,worms_rank_slot_drift,philodinidae,aphia_ID,134913,Order=bdelloidea,subclass=bdelloidea,1,frepj,the authority places 'bdelloidea' at a different rank than the CSV column it occupies
4410ec6d5eba,WARN,worms,worms_rank_slot_drift,pleuroxus hamulatus,aphia_ID,1303559,Order=diplostraca,superorder=diplostraca,1,frepj,the authority places 'diplostraca' at a different rank than the CSV column it occupies
ab349b956d0b,WARN,worms,worms_rank_slot_drift,pleuroxus laevis,aphia_ID,1303978,Order=diplostraca,superorder=diplostraca,1,frepj,the authority places 'diplostraca' at a different rank than the CSV column it occupies
4f7c02fe7b19,WARN,worms,worms_rank_slot_drift,pseudochattonella farcimen,aphia_ID,531467,Family=florenciellales,order=florenciellales,1,whoi,the authority places 'florenciellales' at a different rank than the CSV column it occupies
525b84e224a4,WARN,worms,worms_rank_slot_drift,rotaria neptunia,aphia_ID,148368,Order=bdelloidea,subclass=bdelloidea,1,frepj,the authority places 'bdelloidea' at a different rank than the CSV column it occupies
675c80e98d93,WARN,worms,worms_rank_slot_drift,simocephalus serrulatus,aphia_ID,412852,Order=diplostraca,superorder=diplostraca,1,frepj,the authority places 'diplostraca' at a different rank than the CSV column it occupies
40b408136eb8,WARN,worms,worms_rank_slot_drift,simocephalus vetulus,aphia_ID,148404,Order=diplostraca,superorder=diplostraca,1,frepj,the authority places 'diplostraca' at a different rank than the CSV column it occupies
af6aad2aa8fc,WARN,worms,worms_status_not_accepted,asterionellopsis glacialis,aphia_ID,149139,asterionellopsis glacialis,unassessed; current name Asterionella glacialis (148955),1,medplanktonset,nomenclatural status is not 'accepted'
292972477bfa,WARN,worms,worms_status_not_accepted,beroe,aphia_ID,106331,beroe,unaccepted; current name Beroe (1434803),1,global_uvp5,pre-Linnean
d23ba5bad38f,WARN,worms,worms_status_not_accepted,ceratoneis closterium,aphia_ID,163932,ceratoneis closterium,unassessed; current name Ceratoneis closterium (163932),1,syke_ifcb_2022,nomenclatural status is not 'accepted'
6f0f391555ed,WARN,worms,worms_status_not_accepted,chaetoceros danicus,aphia_ID,149120,chaetoceros danicus,unassessed; current name Chaetoceros danicus (149120),2,medplanktonset;planktoscope,nomenclatural status is not 'accepted'
e8938cdc04b3,WARN,worms,worms_status_not_accepted,chaetoceros protuberans,aphia_ID,163055,chaetoceros protuberans,unassessed; current name Chaetoceros protuberans (163055),1,tara_pacific_decknet,nomenclatural status is not 'accepted'
d1bf6122dd99,WARN,worms,worms_status_not_accepted,chaetoceros tortissimus,aphia_ID,163161,chaetoceros tortissimus,unassessed; current name Chaetoceros tortissimus (163161),1,medplanktonset,nomenclatural status is not 'accepted'
a84f5c4785ab,WARN,worms,worms_status_not_accepted,chlorococcales,aphia_ID,17111,chlorococcales,unaccepted; current name Chlamydomonadales (732333),2,daplankton;syke_ifcb_2022,nomenclatural status is not 'accepted'
e398529ddf82,WARN,worms,worms_status_not_accepted,cyclotella choctawhatcheeana,aphia_ID,148908,cyclotella choctawhatcheeana,unassessed; current name Cyclotella choctawhatcheeana (148908),2,daplankton;syke_ifcb_2022,nomenclatural status is not 'accepted'
ab99fe0a050f,WARN,worms,worms_status_not_accepted,dactyliosolen blavyanus,aphia_ID,179786,dactyliosolen blavyanus,unassessed; current name Guinardia blavyana var. blavyana (975336),1,medplanktonset,nomenclatural status is not 'accepted'
36c7ca6d0966,WARN,worms,worms_status_not_accepted,dactyliosolen fragilissimus,aphia_ID,149310,dactyliosolen fragilissimus,unassessed; current name Rhizosolenia fragilissima f. fragilissima (985165),1,medplanktonset,nomenclatural status is not 'accepted'
121e4b8b96da,WARN,worms,worms_status_not_accepted,echidnophaga,aphia_ID,112045,echidnophaga,unaccepted; current name Siphonaperta (415984),1,global_uvp5,Incorrect subsequent spelling of the genus
ce9f7bace3eb,WARN,worms,worms_status_not_accepted,ethmodiscus gazellae,aphia_ID,573421,ethmodiscus gazellae,unassessed; current name Coscinodiscus gazellae (573420),1,planktoscope,nomenclatural status is not 'accepted'
8b6f8144a4ac,WARN,worms,worms_status_not_accepted,eucampia cornuta,aphia_ID,248058,eucampia cornuta,unassessed; current name Neomoelleria cornuta (1324082),1,medplanktonset,nomenclatural status is not 'accepted'
07c2c3905076,WARN,worms,worms_status_not_accepted,eurytemora affinis,aphia_ID,104872,eurytemora affinis,alternative representation; current name Eurytemora affinis affinis (1416974),1,frepj,nomenclatural status is not 'accepted'
c7627694ca9c,WARN,worms,worms_status_not_accepted,gonyaulax verior,aphia_ID,110045,gonyaulax verior,junior subjective synonym; current name Sourniaea diacantha (1760858),1,syke_ifcb_2022,nomenclatural status is not 'accepted'
43fb98b508f9,WARN,worms,worms_status_not_accepted,guinardia delicatula,aphia_ID,149112,guinardia delicatula,unassessed; current name Rhizosolenia delicatula (149114),4,whoi,nomenclatural status is not 'accepted'
d6d37c006367,WARN,worms,worms_status_not_accepted,guinardia flaccida,aphia_ID,149132,guinardia flaccida,unassessed; current name Rhizosolenia flaccida (160530),3,medplanktonset;planktoscope;whoi,nomenclatural status is not 'accepted'
f82969ff06fb,WARN,worms,worms_status_not_accepted,guinardia striata,aphia_ID,149113,guinardia striata,unassessed; current name Eucampia striata (163243),1,whoi,nomenclatural status is not 'accepted'
1609a3b7b9f6,WARN,worms,worms_status_not_accepted,helicotheca tamesis,aphia_ID,157440,helicotheca tamesis,unassessed; current name Helicotheca tamesis (157440),2,medplanktonset;planktoscope,nomenclatural status is not 'accepted'
d8747963d42b,WARN,worms,worms_status_not_accepted,heterocapsa triquetra,aphia_ID,110153,heterocapsa triquetra,unaccepted; current name Kryptoperidinium triquetrum (1346683),2,daplankton;syke_ifcb_2022,nomenclatural status is not 'accepted'
b9f0934375ca,WARN,worms,worms_status_not_accepted,kryptoperidinium foliaceum,aphia_ID,110154,kryptoperidinium foliaceum,junior subjective synonym; current name Kryptoperidinium triquetrum (1346683),1,daplankton,nomenclatural status is not 'accepted'
caeef90272b8,WARN,worms,worms_status_not_accepted,lauderia annulata,aphia_ID,149135,lauderia annulata,unassessed; current name Lauderia annulata (149135),1,medplanktonset,nomenclatural status is not 'accepted'
7cd92fd05b51,WARN,worms,worms_status_not_accepted,lepadella acuminata,aphia_ID,148318,lepadella acuminata,alternative representation; current name Lepadella acuminata (1390810),1,frepj,nomenclatural status is not 'accepted'
9c888eb75115,WARN,worms,worms_status_not_accepted,lepadella ovalis,aphia_ID,148317,lepadella ovalis,alternative representation; current name Lepadella ovalis (1390811),1,frepj,nomenclatural status is not 'accepted'
a3e6ec80c1d2,WARN,worms,worms_status_not_accepted,leptocephalus,aphia_ID,843623,leptocephalus,temporary name; current name Leptocephalus (843623),1,planktonset1.0,nomenclatural status is not 'accepted'
4cc9f4dc3da0,WARN,worms,worms_status_not_accepted,leptocylindrus mediterraneus,aphia_ID,149230,leptocylindrus mediterraneus,unassessed; current name Lauderia mediterranea (163261),2,planktoscope;whoi,nomenclatural status is not 'accepted'
e78d5d70c3f2,WARN,worms,worms_status_not_accepted,lithodesmium variabile,aphia_ID,840518,lithodesmium variabile,unassessed; current name Lithodesmium variabile (840518),1,medplanktonset,nomenclatural status is not 'accepted'
c2e8c9137550,WARN,worms,worms_status_not_accepted,megacyclops viridis,aphia_ID,157736,megacyclops viridis,alternative representation; current name Megacyclops viridis viridis (729868),1,frepj,nomenclatural status is not 'accepted'
06872623e7ad,WARN,worms,worms_status_not_accepted,nitzschia paleacea,aphia_ID,609727,nitzschia paleacea,unassessed; current name Nitzschia paleacea (609727),2,daplankton;syke_ifcb_2022,nomenclatural status is not 'accepted'
88052a9389cc,WARN,worms,worms_status_not_accepted,odontella mobiliensis,aphia_ID,164116,odontella mobiliensis,unassessed; current name Odontella mobiliensis (164116),1,planktoscope,nomenclatural status is not 'accepted'
ac12254dc84c,WARN,worms,worms_status_not_accepted,odontella sinensis,aphia_ID,149095,odontella sinensis,unassessed; current name Biddulphia sinensis (148969),1,planktoscope,nomenclatural status is not 'accepted'
ac90e7c04c4b,WARN,worms,worms_status_not_accepted,pauliella taeniata,aphia_ID,163624,pauliella taeniata,unassessed; current name Pauliella taeniata (163624),1,syke_ifcb_2022,nomenclatural status is not 'accepted'
0b784bc2bb22,WARN,worms,worms_status_not_accepted,planktoniella sol,aphia_ID,196815,planktoniella sol,unassessed; current name Coscinodiscus sol (573437),3,flowcamnet;planktoscope;tara_pacific_decknet,nomenclatural status is not 'accepted'
386bef88cbe7,WARN,worms,worms_status_not_accepted,pleuromamma abdominalis,aphia_ID,104637,pleuromamma abdominalis,alternative representation; current name Pleuromamma abdominalis abdominalis (596242),3,tara_pacific_hsn;tara_pacific_manta;zooscan,nomenclatural status is not 'accepted'
1f71f1b5e939,WARN,worms,worms_status_not_accepted,pleuroxus hamulatus,aphia_ID,1303559,pleuroxus hamulatus,unaccepted; current name Disparalona hamata (1303031),1,frepj,nomenclatural status is not 'accepted'
e13dec9555c8,WARN,worms,worms_status_not_accepted,pleuroxus laevis,aphia_ID,1303978,pleuroxus laevis,unaccepted; current name Picripleuroxus laevis (1303102),1,frepj,nomenclatural status is not 'accepted'
c03ef691ca83,WARN,worms,worms_status_not_accepted,protoperidinium diabolus,aphia_ID,110218,protoperidinium diabolus,unaccepted; current name Protoperidinium diabolus (172460),1,medplanktonset,spelling mistake
e75d12378cc6,WARN,worms,worms_status_not_accepted,sessilia,aphia_ID,106033,sessilia,uncertain; current name Sessilia (106033),1,sykezooscan2024,nomenclatural status is not 'accepted'
e8eb0fa00381,WARN,worms,worms_status_not_accepted,sinocalanus tenellus,aphia_ID,355664,sinocalanus tenellus,alternative representation; current name Sinocalanus tenellus tenellus (1458694),1,frepj,nomenclatural status is not 'accepted'
a6df9ccafd23,WARN,worms,worms_status_not_accepted,sinodiaptomus sarsi,aphia_ID,355669,sinodiaptomus sarsi,alternative representation; current name Sinodiaptomus sarsi sarsi (1568733),1,frepj,nomenclatural status is not 'accepted'
fd7b3c904523,WARN,worms,worms_status_not_accepted,skeletonema marinoi,aphia_ID,376667,skeletonema marinoi,unassessed; current name Skeletonema marinoi (376667),2,daplankton;syke_ifcb_2022,nomenclatural status is not 'accepted'
3c5a7a814439,WARN,worms,worms_status_not_accepted,skeletonema menzelii,aphia_ID,376361,skeletonema menzelii,unassessed; current name Skeletonema menzelii (376361),1,medplanktonset,nomenclatural status is not 'accepted'
161cf69a9aa5,WARN,worms,worms_status_not_accepted,strombidium oculatum,aphia_ID,101320,strombidium oculatum,unaccepted; current name Strombidium tintinnodes (101337),1,whoi,synonym
ea777a73a67e,WARN,worms,worms_status_not_accepted,thalassiosira levanderi,aphia_ID,149308,thalassiosira levanderi,unassessed; current name Thalassiosira levanderi (149308),1,syke_ifcb_2022,nomenclatural status is not 'accepted'
0e13e65c53c1,WARN,worms,worms_status_not_accepted,thecosomata,aphia_ID,13703,thecosomata,unaccepted; current name None (None),3,global_uvp5;planktonset1.0,"abandoned concept, including Euthecosomata and Pseudothecosomata"
cf9b79ed6395,WARN,worms,worms_status_not_accepted,thermocyclops crassus,aphia_ID,149777,thermocyclops crassus,unaccepted; current name Thermocyclops crassus crassus (1363400),1,frepj,nomenclatural status is not 'accepted'
e254246bc1e3,WARN,worms,worms_status_not_accepted,tintinnida,aphia_ID,425497,tintinnida,unaccepted; current name Tintinnina (732976),1,whoi,nomenclatural status is not 'accepted'
840d2ec287d5,WARN,worms,worms_status_not_accepted,tontonia gracillima,aphia_ID,101347,tontonia gracillima,unaccepted; current name Paratontonia gracillima (101268),1,whoi,nomenclatural status is not 'accepted'
9672816b1722,WARN,worms,worms_status_not_accepted,trieres mobiliensis,aphia_ID,839991,trieres mobiliensis,unassessed; current name Trieres mobiliensis (839991),1,medplanktonset,nomenclatural status is not 'accepted'
78239ef2a318,WARN,worms,worms_status_not_accepted,tripos geniculatus,aphia_ID,841242,tripos geniculatus,uncertain; current name None (None),2,planktoscope;tara_pacific_decknet,nomenclatural status is not 'accepted'
86076f87c696,WARN,worms,worms_status_not_accepted,tripos horridus,aphia_ID,837453,tripos horridus,uncertain; current name None (None),1,medplanktonset,nomenclatural status is not 'accepted'
626ed8b62093,INFO,ncbi,ncbi_higher_rank_divergence,abylidae,NCBI_ID,316207,Kingdom=animalia,(absent from chain),4,planktonset1.0;tara_pacific_hsn,expected above family: the two registers use different higher classifications
c17ddf394f25,INFO,ncbi,ncbi_higher_rank_divergence,abylopsis tetragona,NCBI_ID,316209,Kingdom=animalia,(absent from chain),13,tara_pacific_hsn;tara_pacific_manta;zooscan,expected above family: the two registers use different higher classifications
8a3979761f25,INFO,ncbi,ncbi_higher_rank_divergence,acantharia,NCBI_ID,65574,Kingdom=chromista,(absent from chain),18,global_uvp5;isiisnet;planktonset1.0;planktoscope;tara_pacific_bongo;tara_pacific_decknet;tara_pacific_hsn;uvp6net,expected above family: the two registers use different higher classifications
7b3d2426e251,INFO,ncbi,ncbi_higher_rank_divergence,acantharia,NCBI_ID,65574,Phylum=radiozoa,(absent from chain),18,global_uvp5;isiisnet;planktonset1.0;planktoscope;tara_pacific_bongo;tara_pacific_decknet;tara_pacific_hsn;uvp6net,expected above family: the two registers use different higher classifications
70cb0dc65e08,INFO,ncbi,ncbi_higher_rank_divergence,acantharia,NCBI_ID,65574,Class=acantharia,(absent from chain),18,global_uvp5;isiisnet;planktonset1.0;planktoscope;tara_pacific_bongo;tara_pacific_decknet;tara_pacific_hsn;uvp6net,expected above family: the two registers use different higher classifications
b81660dbf640,INFO,ncbi,ncbi_higher_rank_divergence,acanthocyclops,NCBI_ID,245076,Kingdom=animalia,(absent from chain),1,frepj,expected above family: the two registers use different higher classifications
5ae604c8083a,INFO,ncbi,ncbi_higher_rank_divergence,acanthodiaptomus pacificus,NCBI_ID,452306,Kingdom=animalia,(absent from chain),1,frepj,expected above family: the two registers use different higher classifications
59f6254beff7,INFO,ncbi,ncbi_higher_rank_divergence,acartiidae,NCBI_ID,121147,Kingdom=animalia,(absent from chain),5,planktoscope;tara_pacific_hsn;tara_pacific_manta;zoocamnet;zooscan,expected above family: the two registers use different higher classifications
8efed70f2179,INFO,ncbi,ncbi_higher_rank_divergence,acrocirridae,NCBI_ID,278013,Kingdom=animalia,(absent from chain),1,global_uvp5,expected above family: the two registers use different higher classifications
a3b82c1f27ef,INFO,ncbi,ncbi_higher_rank_divergence,actiniaria,NCBI_ID,6103,Kingdom=animalia,(absent from chain),1,zooscan,expected above family: the two registers use different higher classifications
6660672b355b,INFO,ncbi,ncbi_higher_rank_divergence,actinommidae,NCBI_ID,414914,Kingdom=chromista,(absent from chain),1,planktoscope,expected above family: the two registers use different higher classifications
a2133f6be927,INFO,ncbi,ncbi_higher_rank_divergence,actinommidae,NCBI_ID,414914,Phylum=radiozoa,(absent from chain),1,planktoscope,expected above family: the two registers use different higher classifications
a4b6ca9afc18,INFO,ncbi,ncbi_higher_rank_divergence,actinommidae,NCBI_ID,414914,Class=polycystina,(absent from chain),1,planktoscope,expected above family: the two registers use different higher classifications
a3314c6ba0e0,INFO,ncbi,ncbi_higher_rank_divergence,actinosphaerium nucleofilum,NCBI_ID,238767,Kingdom=chromista,(absent from chain),1,lensless,expected above family: the two registers use different higher classifications
2b1ebab78db5,INFO,ncbi,ncbi_higher_rank_divergence,actinosphaerium nucleofilum,NCBI_ID,238767,Phylum=ochrophyta,(absent from chain),1,lensless,expected above family: the two registers use different higher classifications
33a609911bbb,INFO,ncbi,ncbi_higher_rank_divergence,actinosphaerium nucleofilum,NCBI_ID,238767,Class=raphidophyceae,(absent from chain),1,lensless,expected above family: the two registers use different higher classifications
63e4a49e40ef,INFO,ncbi,ncbi_higher_rank_divergence,actinosphaerium nucleofilum,NCBI_ID,238767,Order=actinophryida,(absent from chain),1,lensless,expected above family: the two registers use different higher classifications
dc98b7bdbb42,INFO,ncbi,ncbi_higher_rank_divergence,aegina,NCBI_ID,168709,Kingdom=animalia,(absent from chain),1,global_uvp5,expected above family: the two registers use different higher classifications
fbef751f2cb0,INFO,ncbi,ncbi_higher_rank_divergence,aegina citrea,NCBI_ID,168710,Kingdom=animalia,(absent from chain),1,global_uvp5,expected above family: the two registers use different higher classifications
586c6373366f,INFO,ncbi,ncbi_higher_rank_divergence,aequorea,NCBI_ID,6099,Kingdom=animalia,(absent from chain),1,global_uvp5,expected above family: the two registers use different higher classifications
f7b83b612996,INFO,ncbi,ncbi_higher_rank_divergence,aequoreidae,NCBI_ID,128126,Kingdom=animalia,(absent from chain),1,global_uvp5,expected above family: the two registers use different higher classifications
602063bdccca,INFO,ncbi,ncbi_higher_rank_divergence,aglantha,NCBI_ID,56244,Kingdom=animalia,(absent from chain),1,global_uvp5,expected above family: the two registers use different higher classifications
d77f7b3435a6,INFO,ncbi,ncbi_higher_rank_divergence,aglantha digitale,NCBI_ID,56245,Kingdom=animalia,(absent from chain),1,global_uvp5,expected above family: the two registers use different higher classifications
e689ff73c0f2,INFO,ncbi,ncbi_higher_rank_divergence,aglaura,NCBI_ID,497489,Kingdom=animalia,(absent from chain),1,planktonset1.0,expected above family: the two registers use different higher classifications
8afbd4c98e9c,INFO,ncbi,ncbi_higher_rank_divergence,aglaura hemistoma,NCBI_ID,497490,Kingdom=animalia,(absent from chain),2,tara_pacific_manta;zooscan,expected above family: the two registers use different higher classifications
2de9da3a0b60,INFO,ncbi,ncbi_higher_rank_divergence,akashiwo,NCBI_ID,143671,Kingdom=chromista,(absent from chain),1,whoi,expected above family: the two registers use different higher classifications
0c2b64d3df76,INFO,ncbi,ncbi_higher_rank_divergence,akashiwo,NCBI_ID,143671,Phylum=myzozoa,(absent from chain),1,whoi,expected above family: the two registers use different higher classifications
fddb290ac6a9,INFO,ncbi,ncbi_higher_rank_divergence,akashiwo sanguinea,NCBI_ID,143672,Kingdom=chromista,(absent from chain),1,medplanktonset,expected above family: the two registers use different higher classifications
c73866a5fe5f,INFO,ncbi,ncbi_higher_rank_divergence,akashiwo sanguinea,NCBI_ID,143672,Phylum=myzozoa,(absent from chain),1,medplanktonset,expected above family: the two registers use different higher classifications
8dbd5d8c96b9,INFO,ncbi,ncbi_higher_rank_divergence,alexandrium,NCBI_ID,2924,Kingdom=chromista,(absent from chain),1,medplanktonset,expected above family: the two registers use different higher classifications
4b3608f44d5e,INFO,ncbi,ncbi_higher_rank_divergence,alexandrium,NCBI_ID,2924,Phylum=myzozoa,(absent from chain),1,medplanktonset,expected above family: the two registers use different higher classifications
59e7efd6aaba,INFO,ncbi,ncbi_higher_rank_divergence,alona,NCBI_ID,362317,Kingdom=animalia,(absent from chain),1,frepj,expected above family: the two registers use different higher classifications
4e5c90803859,INFO,ncbi,ncbi_higher_rank_divergence,alona guttata,NCBI_ID,1917096,Kingdom=animalia,(absent from chain),1,frepj,expected above family: the two registers use different higher classifications
006b05897e49,INFO,ncbi,ncbi_higher_rank_divergence,alonella excisa,NCBI_ID,1071220,Kingdom=animalia,(absent from chain),1,frepj,expected above family: the two registers use different higher classifications
c0c6441cece7,INFO,ncbi,ncbi_higher_rank_divergence,amoeba,NCBI_ID,5774,Kingdom=protozoa,(absent from chain),1,whoi,expected above family: the two registers use different higher classifications
1511f7dc2574,INFO,ncbi,ncbi_higher_rank_divergence,amphibelone,NCBI_ID,278120,Kingdom=chromista,(absent from chain),3,flowcamnet;planktoscope;tara_pacific_decknet,expected above family: the two registers use different higher classifications
0d4f0040f3ce,INFO,ncbi,ncbi_higher_rank_divergence,amphibelone,NCBI_ID,278120,Phylum=radiozoa,(absent from chain),3,flowcamnet;planktoscope;tara_pacific_decknet,expected above family: the two registers use different higher classifications
3362a779c7bf,INFO,ncbi,ncbi_higher_rank_divergence,amphibelone,NCBI_ID,278120,Class=acantharia,(absent from chain),3,flowcamnet;planktoscope;tara_pacific_decknet,expected above family: the two registers use different higher classifications
e154146061bf,INFO,ncbi,ncbi_higher_rank_divergence,amphidinium,NCBI_ID,2960,Kingdom=chromista,(absent from chain),2,medplanktonset;whoi,expected above family: the two registers use different higher classifications
6230f6dfcf8c,INFO,ncbi,ncbi_higher_rank_divergence,amphidinium,NCBI_ID,2960,Phylum=myzozoa,(absent from chain),2,medplanktonset;whoi,expected above family: the two registers use different higher classifications
4fe7ac177dc8,INFO,ncbi,ncbi_higher_rank_divergence,amphipoda,NCBI_ID,6821,Kingdom=animalia,(absent from chain),11,global_uvp5;planktonset1.0;tara_pacific_hsn;tara_pacific_manta;uvp6net;zoocamnet;zooscan,expected above family: the two registers use different higher classifications
b8f5cf30a295,INFO,ncbi,ncbi_higher_rank_divergence,amphisolenia,NCBI_ID,584886,Kingdom=chromista,(absent from chain),2,planktoscope;tara_pacific_decknet,expected above family: the two registers use different higher classifications
222edceaf0ed,INFO,ncbi,ncbi_higher_rank_divergence,amphisolenia,NCBI_ID,584886,Phylum=myzozoa,(absent from chain),2,planktoscope;tara_pacific_decknet,expected above family: the two registers use different higher classifications
e329531fa24d,INFO,ncbi,ncbi_higher_rank_divergence,amphorellopsis,NCBI_ID,513203,Kingdom=chromista,(absent from chain),1,planktoscope,expected above family: the two registers use different higher classifications
d86eab456dbd,INFO,ncbi,ncbi_higher_rank_divergence,amphorellopsis,NCBI_ID,513203,Class=oligotrichea,(absent from chain),1,planktoscope,expected above family: the two registers use different higher classifications
6c5feaae65da,INFO,ncbi,ncbi_higher_rank_divergence,amphorellopsis,NCBI_ID,513203,Order=choreotrichida,(absent from chain),1,planktoscope,expected above family: the two registers use different higher classifications
2638ac0b7471,INFO,ncbi,ncbi_higher_rank_divergence,amphorides,NCBI_ID,1049792,Kingdom=chromista,(absent from chain),4,flowcamnet;planktoscope;tara_pacific_bongo;tara_pacific_decknet,expected above family: the two registers use different higher classifications
a1db1e9ed19a,INFO,ncbi,ncbi_higher_rank_divergence,amphorides,NCBI_ID,1049792,Class=oligotrichea,(absent from chain),4,flowcamnet;planktoscope;tara_pacific_bongo;tara_pacific_decknet,expected above family: the two registers use different higher classifications
4256addf9fa9,INFO,ncbi,ncbi_higher_rank_divergence,amphorides,NCBI_ID,1049792,Order=choreotrichida,(absent from chain),4,flowcamnet;planktoscope;tara_pacific_bongo;tara_pacific_decknet,expected above family: the two registers use different higher classifications
f38515e1738d,INFO,ncbi,ncbi_higher_rank_divergence,amylax triacantha,NCBI_ID,447208,Kingdom=chromista,(absent from chain),1,syke_ifcb_2022,expected above family: the two registers use different higher classifications
223a987766cc,INFO,ncbi,ncbi_higher_rank_divergence,amylax triacantha,NCBI_ID,447208,Phylum=myzozoa,(absent from chain),1,syke_ifcb_2022,expected above family: the two registers use different higher classifications
469df73dd72a,INFO,ncbi,ncbi_higher_rank_divergence,anabaenopsis,NCBI_ID,110103,Phylum=cyanobacteria,(absent from chain),4,daplankton;syke_ifcb_2022,expected above family: the two registers use different higher classifications
3612e656c151,INFO,ncbi,ncbi_higher_rank_divergence,animalia,NCBI_ID,33208,Kingdom=animalia,(absent from chain),3,planktonset1.0;tara_pacific_bongo;tara_pacific_decknet,expected above family: the two registers use different higher classifications
578418f93464,INFO,ncbi,ncbi_higher_rank_divergence,annelida,NCBI_ID,6340,Kingdom=animalia,(absent from chain),18,global_uvp5;isiisnet;planktoscope;tara_pacific_bongo;tara_pacific_decknet;tara_pacific_hsn;tara_pacific_manta;zoocamnet;zooscan,expected above family: the two registers use different higher classifications
0a0b0a9a11f0,INFO,ncbi,ncbi_higher_rank_divergence,anthoathecata,NCBI_ID,406427,Kingdom=animalia,(absent from chain),1,global_uvp5,expected above family: the two registers use different higher classifications
d7b55a105910,INFO,ncbi,ncbi_higher_rank_divergence,anuraeopsis,NCBI_ID,885373,Kingdom=animalia,(absent from chain),1,frepj,expected above family: the two registers use different higher classifications
c20cca7c3c3a,INFO,ncbi,ncbi_higher_rank_divergence,anuraeopsis fissa,NCBI_ID,885374,Kingdom=animalia,(absent from chain),1,frepj,expected above family: the two registers use different higher classifications
cd5096b5fa89,INFO,ncbi,ncbi_higher_rank_divergence,aphanizomenon,NCBI_ID,1175,Phylum=cyanobacteria,(absent from chain),4,daplankton;global_uvp5;syke_ifcb_2022;zoolake,expected above family: the two registers use different higher classifications
c4abbbf41f9e,INFO,ncbi,ncbi_higher_rank_divergence,aphanothece parallelliformis,NCBI_ID,1121,Phylum=cyanobacteria,(absent from chain),1,syke_ifcb_2022,expected above family: the two registers use different higher classifications
f61a8058fa8b,INFO,ncbi,ncbi_higher_rank_divergence,apocalathium malmogiense,NCBI_ID,3098606,Kingdom=chromista,(absent from chain),1,daplankton,expected above family: the two registers use different higher classifications
4ce32156222c,INFO,ncbi,ncbi_higher_rank_divergence,apocalathium malmogiense,NCBI_ID,3098606,Phylum=myzozoa,(absent from chain),1,daplankton,expected above family: the two registers use different higher classifications
ee1c42fdf329,INFO,ncbi,ncbi_higher_rank_divergence,appendicularia,NCBI_ID,30302,Kingdom=animalia,(absent from chain),31,flowcamnet;global_uvp5;isiisnet;jedioceans;medplanktonset;planktonset1.0;planktoscope;tara_pacific_decknet;tara_pacific_hsn;tara_pacific_manta;uvp6net;zoocamnet;zooscan,expected above family: the two registers use different higher classifications
c8d7726a35df,INFO,ncbi,ncbi_higher_rank_divergence,arcella vulgaris,NCBI_ID,874295,Kingdom=protozoa,(absent from chain),1,lensless,expected above family: the two registers use different higher classifications
161e341c4387,INFO,ncbi,ncbi_higher_rank_divergence,arthropoda,NCBI_ID,6656,Kingdom=animalia,(absent from chain),35,flowcamnet;global_uvp5;isiisnet;jedioceans;planktonset1.0;planktoscope;tara_pacific_bongo;tara_pacific_decknet;tara_pacific_hsn;tara_pacific_manta;zoocamnet;zooscan,expected above family: the two registers use different higher classifications
cfeaca17420d,INFO,ncbi,ncbi_higher_rank_divergence,ascomorpha,NCBI_ID,360654,Kingdom=animalia,(absent from chain),1,frepj,expected above family: the two registers use different higher classifications
4f5e342af745,INFO,ncbi,ncbi_higher_rank_divergence,asplanchna,NCBI_ID,84396,Kingdom=animalia,(absent from chain),2,frepj;zoolake,expected above family: the two registers use different higher classifications
3aa898893c53,INFO,ncbi,ncbi_higher_rank_divergence,asplanchna priodonta,NCBI_ID,84396,Kingdom=animalia,(absent from chain),1,frepj,expected above family: the two registers use different higher classifications
7eeaef886105,INFO,ncbi,ncbi_higher_rank_divergence,asplanchna sieboldi,NCBI_ID,84396,Kingdom=animalia,(absent from chain),1,frepj,expected above family: the two registers use different higher classifications
4164c6a97f00,INFO,ncbi,ncbi_higher_rank_divergence,asplanchnopus,NCBI_ID,338267,Kingdom=animalia,(absent from chain),1,frepj,expected above family: the two registers use different higher classifications
94a23da26924,INFO,ncbi,ncbi_higher_rank_divergence,asterionella,NCBI_ID,35129,Kingdom=chromista,(absent from chain),3,planktoscope;tara_pacific_bongo;zoolake,expected above family: the two registers use different higher classifications
66cd7ac03ee5,INFO,ncbi,ncbi_higher_rank_divergence,asterionella,NCBI_ID,35129,Phylum=heterokontophyta,(absent from chain),3,planktoscope;tara_pacific_bongo;zoolake,expected above family: the two registers use different higher classifications
23a8f1e68ed3,INFO,ncbi,ncbi_higher_rank_divergence,asterionella,NCBI_ID,35129,Class=bacillariophyceae,(absent from chain),3,planktoscope;tara_pacific_bongo;zoolake,expected above family: the two registers use different higher classifications
8368a1c95d68,INFO,ncbi,ncbi_higher_rank_divergence,asterionella,NCBI_ID,35129,Order=fragilariales,(absent from chain),3,planktoscope;tara_pacific_bongo;zoolake,expected above family: the two registers use different higher classifications
a902d9bda048,INFO,ncbi,ncbi_higher_rank_divergence,asterionella bleakeleyi,NCBI_ID,35129,Kingdom=chromista,(absent from chain),1,planktoscope,expected above family: the two registers use different higher classifications
e228820bcf70,INFO,ncbi,ncbi_higher_rank_divergence,asterionella bleakeleyi,NCBI_ID,35129,Phylum=heterokontophyta,(absent from chain),1,planktoscope,expected above family: the two registers use different higher classifications
361632ed79f5,INFO,ncbi,ncbi_higher_rank_divergence,asterionella bleakeleyi,NCBI_ID,35129,Class=bacillariophyceae,(absent from chain),1,planktoscope,expected above family: the two registers use different higher classifications
a7ceafb6d964,INFO,ncbi,ncbi_higher_rank_divergence,asterionella bleakeleyi,NCBI_ID,35129,Order=fragilariales,(absent from chain),1,planktoscope,expected above family: the two registers use different higher classifications
876514c8d20d,INFO,ncbi,ncbi_higher_rank_divergence,asterionellopsis,NCBI_ID,33639,Kingdom=chromista,(absent from chain),3,planktoscope;tara_pacific_decknet;whoi,expected above family: the two registers use different higher classifications
be87934b4e40,INFO,ncbi,ncbi_higher_rank_divergence,asterionellopsis,NCBI_ID,33639,Phylum=heterokontophyta,(absent from chain),3,planktoscope;tara_pacific_decknet;whoi,expected above family: the two registers use different higher classifications
b5ecfbfd2805,INFO,ncbi,ncbi_higher_rank_divergence,asterionellopsis,NCBI_ID,33639,Class=bacillariophyceae,(absent from chain),3,planktoscope;tara_pacific_decknet;whoi,expected above family: the two registers use different higher classifications
ab1a4bb14679,INFO,ncbi,ncbi_higher_rank_divergence,asterionellopsis,NCBI_ID,33639,Order=fragilariales,(absent from chain),3,planktoscope;tara_pacific_decknet;whoi,expected above family: the two registers use different higher classifications
d99f29cf95c2,INFO,ncbi,ncbi_higher_rank_divergence,asterionellopsis glacialis,NCBI_ID,33640,Kingdom=chromista,(absent from chain),1,medplanktonset,expected above family: the two registers use different higher classifications
4afbb8ad3567,INFO,ncbi,ncbi_higher_rank_divergence,asterionellopsis glacialis,NCBI_ID,33640,Phylum=heterokontophyta,(absent from chain),1,medplanktonset,expected above family: the two registers use different higher classifications
0e3de6d2f39e,INFO,ncbi,ncbi_higher_rank_divergence,asterionellopsis glacialis,NCBI_ID,33640,Class=bacillariophyceae,(absent from chain),1,medplanktonset,expected above family: the two registers use different higher classifications
053a3ce700b1,INFO,ncbi,ncbi_higher_rank_divergence,asterionellopsis glacialis,NCBI_ID,33640,Order=fragilariales,(absent from chain),1,medplanktonset,expected above family: the two registers use different higher classifications
bff731c0c202,INFO,ncbi,ncbi_higher_rank_divergence,asteroidea,NCBI_ID,7588,Kingdom=animalia,(absent from chain),3,planktonset1.0;planktoscope,expected above family: the two registers use different higher classifications
c1fb9c16a60b,INFO,ncbi,ncbi_higher_rank_divergence,asteromphalus,NCBI_ID,1529359,Kingdom=chromista,(absent from chain),1,medplanktonset,expected above family: the two registers use different higher classifications
0cac41c072e8,INFO,ncbi,ncbi_higher_rank_divergence,asteromphalus,NCBI_ID,1529359,Phylum=heterokontophyta,(absent from chain),1,medplanktonset,expected above family: the two registers use different higher classifications
b7591fcda7c9,INFO,ncbi,ncbi_higher_rank_divergence,asteromphalus,NCBI_ID,1529359,Class=bacillariophyceae,(absent from chain),1,medplanktonset,expected above family: the two registers use different higher classifications
d412c7d07afd,INFO,ncbi,ncbi_higher_rank_divergence,asteromphalus,NCBI_ID,1529359,Order=asterolamprales,(absent from chain),1,medplanktonset,expected above family: the two registers use different higher classifications
d8cc87a8439b,INFO,ncbi,ncbi_higher_rank_divergence,asteromphalus sarcophagus,NCBI_ID,1529359,Kingdom=chromista,(absent from chain),1,medplanktonset,expected above family: the two registers use different higher classifications
b76a2dcf6095,INFO,ncbi,ncbi_higher_rank_divergence,asteromphalus sarcophagus,NCBI_ID,1529359,Phylum=heterokontophyta,(absent from chain),1,medplanktonset,expected above family: the two registers use different higher classifications
a116ec9f7f76,INFO,ncbi,ncbi_higher_rank_divergence,asteromphalus sarcophagus,NCBI_ID,1529359,Class=bacillariophyceae,(absent from chain),1,medplanktonset,expected above family: the two registers use different higher classifications
1520d6dda888,INFO,ncbi,ncbi_higher_rank_divergence,asteromphalus sarcophagus,NCBI_ID,1529359,Order=asterolamprales,(absent from chain),1,medplanktonset,expected above family: the two registers use different higher classifications
237c0f5620c7,INFO,ncbi,ncbi_higher_rank_divergence,atlantidae,NCBI_ID,649145,Kingdom=animalia,(absent from chain),3,tara_pacific_hsn;tara_pacific_manta;zooscan,expected above family: the two registers use different higher classifications
713475d9ea6d,INFO,ncbi,ncbi_higher_rank_divergence,atolla,NCBI_ID,86042,Kingdom=animalia,(absent from chain),1,global_uvp5,expected above family: the two registers use different higher classifications
2f4a38171bc6,INFO,ncbi,ncbi_higher_rank_divergence,aulacantha,NCBI_ID,238792,Kingdom=chromista,(absent from chain),1,global_uvp5,expected above family: the two registers use different higher classifications
7c3aacc51d55,INFO,ncbi,ncbi_higher_rank_divergence,aulacanthidae,NCBI_ID,238791,Kingdom=chromista,(absent from chain),3,global_uvp5;isiisnet;uvp6net,expected above family: the two registers use different higher classifications
69bb1c15b179,INFO,ncbi,ncbi_higher_rank_divergence,aulographis,NCBI_ID,1332241,Kingdom=chromista,(absent from chain),1,global_uvp5,expected above family: the two registers use different higher classifications
9f7de153379e,INFO,ncbi,ncbi_higher_rank_divergence,aulosphaeridae,NCBI_ID,238780,Kingdom=chromista,(absent from chain),6,global_uvp5;uvp6net,expected above family: the two registers use different higher classifications
8e59a4c0fdcb,INFO,ncbi,ncbi_higher_rank_divergence,azadinium caudatum,NCBI_ID,1129410,Kingdom=chromista,(absent from chain),1,medplanktonset,expected above family: the two registers use different higher classifications
919af3b32b75,INFO,ncbi,ncbi_higher_rank_divergence,azadinium caudatum,NCBI_ID,1129410,Phylum=myzozoa,(absent from chain),1,medplanktonset,expected above family: the two registers use different higher classifications
cc51ab4006c9,INFO,ncbi,ncbi_higher_rank_divergence,bacillaria,NCBI_ID,3002,Kingdom=chromista,(absent from chain),2,planktoscope;whoi,expected above family: the two registers use different higher classifications
df907b255087,INFO,ncbi,ncbi_higher_rank_divergence,bacillaria,NCBI_ID,3002,Phylum=heterokontophyta,(absent from chain),2,planktoscope;whoi,expected above family: the two registers use different higher classifications
ae8aaa17a95d,INFO,ncbi,ncbi_higher_rank_divergence,bacillariaceae,NCBI_ID,33852,Kingdom=chromista,(absent from chain),2,planktoscope;tara_pacific_decknet,expected above family: the two registers use different higher classifications
7737c221c0ab,INFO,ncbi,ncbi_higher_rank_divergence,bacillariaceae,NCBI_ID,33852,Phylum=heterokontophyta,(absent from chain),2,planktoscope;tara_pacific_decknet,expected above family: the two registers use different higher classifications
7741e8807f13,INFO,ncbi,ncbi_higher_rank_divergence,bacillariophyceae,NCBI_ID,33849,Kingdom=chromista,(absent from chain),14,flowcamnet;isiisnet;jedioceans;planktonset1.0;planktoscope;tara_pacific_bongo;tara_pacific_decknet;whoi;zoolake,expected above family: the two registers use different higher classifications
6566d8452561,INFO,ncbi,ncbi_higher_rank_divergence,bacillariophyceae,NCBI_ID,33849,Phylum=heterokontophyta,(absent from chain),14,flowcamnet;isiisnet;jedioceans;planktonset1.0;planktoscope;tara_pacific_bongo;tara_pacific_decknet;whoi;zoolake,expected above family: the two registers use different higher classifications
324a882f7bc7,INFO,ncbi,ncbi_higher_rank_divergence,bacteriastrum,NCBI_ID,426670,Kingdom=chromista,(absent from chain),6,flowcamnet;medplanktonset;planktoscope;tara_pacific_bongo;tara_pacific_decknet,expected above family: the two registers use different higher classifications
2bb80c082db7,INFO,ncbi,ncbi_higher_rank_divergence,bacteriastrum,NCBI_ID,426670,Phylum=heterokontophyta,(absent from chain),6,flowcamnet;medplanktonset;planktoscope;tara_pacific_bongo;tara_pacific_decknet,expected above family: the two registers use different higher classifications
54fc3cd820ba,INFO,ncbi,ncbi_higher_rank_divergence,bacteriastrum,NCBI_ID,426670,Class=bacillariophyceae,(absent from chain),6,flowcamnet;medplanktonset;planktoscope;tara_pacific_bongo;tara_pacific_decknet,expected above family: the two registers use different higher classifications
002900fd4a11,INFO,ncbi,ncbi_higher_rank_divergence,bacteriastrum,NCBI_ID,426670,Order=chaetocerotanae,(absent from chain),6,flowcamnet;medplanktonset;planktoscope;tara_pacific_bongo;tara_pacific_decknet,expected above family: the two registers use different higher classifications
e7966d4b3b7f,INFO,ncbi,ncbi_higher_rank_divergence,bassia bassensis,NCBI_ID,645412,Kingdom=animalia,(absent from chain),7,global_uvp5;tara_pacific_hsn;tara_pacific_manta;zooscan,expected above family: the two registers use different higher classifications
e614564a5d41,INFO,ncbi,ncbi_higher_rank_divergence,bellerochea,NCBI_ID,210443,Kingdom=chromista,(absent from chain),1,planktoscope,expected above family: the two registers use different higher classifications
3f6b84fbe032,INFO,ncbi,ncbi_higher_rank_divergence,bellerochea,NCBI_ID,210443,Phylum=heterokontophyta,(absent from chain),1,planktoscope,expected above family: the two registers use different higher classifications
1f09b935b4bc,INFO,ncbi,ncbi_higher_rank_divergence,bellerochea,NCBI_ID,210443,Class=bacillariophyceae,(absent from chain),1,planktoscope,expected above family: the two registers use different higher classifications
fa8447b3485c,INFO,ncbi,ncbi_higher_rank_divergence,bellerochea,NCBI_ID,210443,Order=hemiaulales,(absent from chain),1,planktoscope,expected above family: the two registers use different higher classifications
65727b318cd9,INFO,ncbi,ncbi_higher_rank_divergence,beroe,NCBI_ID,10199,Kingdom=animalia,(absent from chain),1,global_uvp5,expected above family: the two registers use different higher classifications
63dbde48d8cd,INFO,ncbi,ncbi_higher_rank_divergence,beroida,NCBI_ID,37538,Kingdom=animalia,(absent from chain),1,global_uvp5,expected above family: the two registers use different higher classifications
1c1636bf5b94,INFO,ncbi,ncbi_higher_rank_divergence,biddulphia,NCBI_ID,420276,Kingdom=chromista,(absent from chain),3,planktoscope;tara_pacific_bongo;whoi,expected above family: the two registers use different higher classifications
0131107113ba,INFO,ncbi,ncbi_higher_rank_divergence,biddulphia,NCBI_ID,420276,Phylum=heterokontophyta,(absent from chain),3,planktoscope;tara_pacific_bongo;whoi,expected above family: the two registers use different higher classifications
4ce2fb00935f,INFO,ncbi,ncbi_higher_rank_divergence,biddulphia,NCBI_ID,420276,Class=bacillariophyceae,(absent from chain),3,planktoscope;tara_pacific_bongo;whoi,expected above family: the two registers use different higher classifications
ce9981368880,INFO,ncbi,ncbi_higher_rank_divergence,bivalvia,NCBI_ID,6544,Kingdom=animalia,(absent from chain),8,jedioceans;planktoscope;sykezooscan2024;tara_pacific_hsn;tara_pacific_manta;zoocamnet;zooscan,expected above family: the two registers use different higher classifications
11db7a2c1490,INFO,ncbi,ncbi_higher_rank_divergence,bleakeleya,NCBI_ID,915294,Kingdom=chromista,(absent from chain),1,planktoscope,expected above family: the two registers use different higher classifications
dbb1081f692e,INFO,ncbi,ncbi_higher_rank_divergence,bleakeleya,NCBI_ID,915294,Phylum=heterokontophyta,(absent from chain),1,planktoscope,expected above family: the two registers use different higher classifications
b790140be390,INFO,ncbi,ncbi_higher_rank_divergence,bleakeleya,NCBI_ID,915294,Class=bacillariophyceae,(absent from chain),1,planktoscope,expected above family: the two registers use different higher classifications
713ca82d8413,INFO,ncbi,ncbi_higher_rank_divergence,bleakeleya,NCBI_ID,915294,Order=fragilariales,(absent from chain),1,planktoscope,expected above family: the two registers use different higher classifications
cde07259dbd0,INFO,ncbi,ncbi_higher_rank_divergence,blepharisma americanum,NCBI_ID,5960,Kingdom=chromista,(absent from chain),1,lensless,expected above family: the two registers use different higher classifications
a0edb865ff58,INFO,ncbi,ncbi_higher_rank_divergence,bodonida,NCBI_ID,5653,Kingdom=protozoa,(absent from chain),1,whoi,expected above family: the two registers use different higher classifications
2d92c3a6452b,INFO,ncbi,ncbi_higher_rank_divergence,bosmina,NCBI_ID,27402,Kingdom=animalia,(absent from chain),3,frepj;sykezooscan2024;zoolake,expected above family: the two registers use different higher classifications
c47ad7b2944d,INFO,ncbi,ncbi_higher_rank_divergence,bosmina fatalis,NCBI_ID,27402,Kingdom=animalia,(absent from chain),1,frepj,expected above family: the two registers use different higher classifications
0090f6a06e48,INFO,ncbi,ncbi_higher_rank_divergence,bosmina freyi,NCBI_ID,27402,Kingdom=animalia,(absent from chain),1,frepj,expected above family: the two registers use different higher classifications
4c1d62c884e4,INFO,ncbi,ncbi_higher_rank_divergence,bosmina longirostris,NCBI_ID,27402,Kingdom=animalia,(absent from chain),1,frepj,expected above family: the two registers use different higher classifications
5eefce5cb37b,INFO,ncbi,ncbi_higher_rank_divergence,bosmina tanakai,NCBI_ID,27402,Kingdom=animalia,(absent from chain),1,frepj,expected above family: the two registers use different higher classifications
7ded41020c04,INFO,ncbi,ncbi_higher_rank_divergence,bosminopsis deitersi,NCBI_ID,189689,Kingdom=animalia,(absent from chain),1,frepj,expected above family: the two registers use different higher classifications
9ef03ee285c0,INFO,ncbi,ncbi_higher_rank_divergence,botrynema,NCBI_ID,497495,Kingdom=animalia,(absent from chain),1,uvp6net,expected above family: the two registers use different higher classifications
42aebfdaaacb,INFO,ncbi,ncbi_higher_rank_divergence,botrynema brucei,NCBI_ID,497498,Kingdom=animalia,(absent from chain),1,global_uvp5,expected above family: the two registers use different higher classifications
756fda62637e,INFO,ncbi,ncbi_higher_rank_divergence,brachionus,NCBI_ID,10194,Kingdom=animalia,(absent from chain),1,zoolake,expected above family: the two registers use different higher classifications
4325cb3f603a,INFO,ncbi,ncbi_higher_rank_divergence,brachionus angularis,NCBI_ID,10194,Kingdom=animalia,(absent from chain),1,frepj,expected above family: the two registers use different higher classifications
d7c9330ecf65,INFO,ncbi,ncbi_higher_rank_divergence,brachionus budapestinensis,NCBI_ID,10194,Kingdom=animalia,(absent from chain),1,frepj,expected above family: the two registers use different higher classifications
a30cf942b141,INFO,ncbi,ncbi_higher_rank_divergence,brachionus calyciflorus,NCBI_ID,10194,Kingdom=animalia,(absent from chain),1,frepj,expected above family: the two registers use different higher classifications
a6e8cd97fbb1,INFO,ncbi,ncbi_higher_rank_divergence,brachionus caudatus,NCBI_ID,10194,Kingdom=animalia,(absent from chain),1,frepj,expected above family: the two registers use different higher classifications
cf28540c5785,INFO,ncbi,ncbi_higher_rank_divergence,brachionus dimidiatus,NCBI_ID,10194,Kingdom=animalia,(absent from chain),1,frepj,expected above family: the two registers use different higher classifications
b521b0a3ce80,INFO,ncbi,ncbi_higher_rank_divergence,brachionus diversicornis,NCBI_ID,10194,Kingdom=animalia,(absent from chain),1,frepj,expected above family: the two registers use different higher classifications
1648c15d8155,INFO,ncbi,ncbi_higher_rank_divergence,brachionus falcatus,NCBI_ID,10194,Kingdom=animalia,(absent from chain),1,frepj,expected above family: the two registers use different higher classifications
7ff8f96228c2,INFO,ncbi,ncbi_higher_rank_divergence,brachionus forficula,NCBI_ID,10194,Kingdom=animalia,(absent from chain),1,frepj,expected above family: the two registers use different higher classifications
060319d42a68,INFO,ncbi,ncbi_higher_rank_divergence,brachionus plicatilis,NCBI_ID,10194,Kingdom=animalia,(absent from chain),1,frepj,expected above family: the two registers use different higher classifications
3d53d7296b91,INFO,ncbi,ncbi_higher_rank_divergence,brachionus quadridentatus,NCBI_ID,10194,Kingdom=animalia,(absent from chain),1,frepj,expected above family: the two registers use different higher classifications
39c9bd9eb7c5,INFO,ncbi,ncbi_higher_rank_divergence,brachionus sessilis,NCBI_ID,10194,Kingdom=animalia,(absent from chain),1,frepj,expected above family: the two registers use different higher classifications
eedf3fca56a1,INFO,ncbi,ncbi_higher_rank_divergence,brachionus urceolaris,NCBI_ID,10194,Kingdom=animalia,(absent from chain),1,frepj,expected above family: the two registers use different higher classifications
61919ef3ab5b,INFO,ncbi,ncbi_higher_rank_divergence,branchiopoda,NCBI_ID,6658,Kingdom=animalia,(absent from chain),1,global_uvp5,expected above family: the two registers use different higher classifications
ba08e267982d,INFO,ncbi,ncbi_higher_rank_divergence,bryozoa,NCBI_ID,10205,Kingdom=animalia,(absent from chain),6,tara_pacific_hsn;tara_pacific_manta;zoocamnet;zooscan,expected above family: the two registers use different higher classifications
336e1c5e7381,INFO,ncbi,ncbi_higher_rank_divergence,bythotiaridae,NCBI_ID,500002,Kingdom=animalia,(absent from chain),1,global_uvp5,expected above family: the two registers use different higher classifications
0e3996a80f66,INFO,ncbi,ncbi_higher_rank_divergence,calanidae,NCBI_ID,6835,Kingdom=animalia,(absent from chain),5,tara_pacific_hsn;tara_pacific_manta;uvp6net;zoocamnet;zooscan,expected above family: the two registers use different higher classifications
08d3514d44ef,INFO,ncbi,ncbi_higher_rank_divergence,calanoida,NCBI_ID,6833,Kingdom=animalia,(absent from chain),18,flowcamnet;global_uvp5;planktonset1.0;planktoscope;sykezooscan2024;tara_pacific_bongo;tara_pacific_hsn;tara_pacific_manta;uvp6net;zoocamnet;zooscan,expected above family: the two registers use different higher classifications
fecb6afc6716,INFO,ncbi,ncbi_higher_rank_divergence,calciopappus caudatus,NCBI_ID,418932,Kingdom=chromista,(absent from chain),1,medplanktonset,expected above family: the two registers use different higher classifications
d79348894f19,INFO,ncbi,ncbi_higher_rank_divergence,calciopappus caudatus,NCBI_ID,418932,Class=coccolithophyceae,(absent from chain),1,medplanktonset,expected above family: the two registers use different higher classifications
a8294dbb2f5a,INFO,ncbi,ncbi_higher_rank_divergence,calciosolenia brasiliensis,NCBI_ID,418928,Kingdom=chromista,(absent from chain),1,medplanktonset,expected above family: the two registers use different higher classifications
680e0d655955,INFO,ncbi,ncbi_higher_rank_divergence,calciosolenia brasiliensis,NCBI_ID,418928,Class=coccolithophyceae,(absent from chain),1,medplanktonset,expected above family: the two registers use different higher classifications
2a07c8d8919f,INFO,ncbi,ncbi_higher_rank_divergence,callimitra,NCBI_ID,3138939,Kingdom=chromista,(absent from chain),1,planktoscope,expected above family: the two registers use different higher classifications
224b0a5abe46,INFO,ncbi,ncbi_higher_rank_divergence,callimitra,NCBI_ID,3138939,Phylum=radiozoa,(absent from chain),1,planktoscope,expected above family: the two registers use different higher classifications
026895865b54,INFO,ncbi,ncbi_higher_rank_divergence,callimitra,NCBI_ID,3138939,Class=polycystina,(absent from chain),1,planktoscope,expected above family: the two registers use different higher classifications
2cb655799070,INFO,ncbi,ncbi_higher_rank_divergence,calocalanus,NCBI_ID,749175,Kingdom=animalia,(absent from chain),2,planktoscope;zoocamnet,expected above family: the two registers use different higher classifications
08995ce7720a,INFO,ncbi,ncbi_higher_rank_divergence,calocalanus pavo,NCBI_ID,749177,Kingdom=animalia,(absent from chain),3,tara_pacific_hsn;tara_pacific_manta;zooscan,expected above family: the two registers use different higher classifications
8f189500ae8a,INFO,ncbi,ncbi_higher_rank_divergence,camptocercus,NCBI_ID,362319,Kingdom=animalia,(absent from chain),1,frepj,expected above family: the two registers use different higher classifications
e8d8511ab201,INFO,ncbi,ncbi_higher_rank_divergence,candaciidae,NCBI_ID,207962,Kingdom=animalia,(absent from chain),4,tara_pacific_hsn;tara_pacific_manta;zoocamnet;zooscan,expected above family: the two registers use different higher classifications
de98495e81cf,INFO,ncbi,ncbi_higher_rank_divergence,cannosphaeridae,NCBI_ID,3077087,Kingdom=chromista,(absent from chain),2,global_uvp5,expected above family: the two registers use different higher classifications
edcc781d2ecf,INFO,ncbi,ncbi_higher_rank_divergence,castanellidae,NCBI_ID,3457918,Kingdom=chromista,(absent from chain),1,global_uvp5,expected above family: the two registers use different higher classifications
7a55a290ba3b,INFO,ncbi,ncbi_higher_rank_divergence,castanellidae,NCBI_ID,3457918,Order=phaeocalpida,(absent from chain),1,global_uvp5,expected above family: the two registers use different higher classifications
5ee4adb1ec44,INFO,ncbi,ncbi_higher_rank_divergence,cavolinia inflexa,NCBI_ID,1323122,Kingdom=animalia,(absent from chain),3,tara_pacific_hsn;uvp6net;zooscan,expected above family: the two registers use different higher classifications
ee7788236d18,INFO,ncbi,ncbi_higher_rank_divergence,cavoliniidae,NCBI_ID,216329,Kingdom=animalia,(absent from chain),4,global_uvp5;tara_pacific_hsn;tara_pacific_manta;zoocamnet,expected above family: the two registers use different higher classifications
601ad1a1b8a3,INFO,ncbi,ncbi_higher_rank_divergence,centrales,NCBI_ID,33849,Kingdom=chromista,(absent from chain),3,daplankton;medplanktonset;syke_ifcb_2022,expected above family: the two registers use different higher classifications
15c4d0bfe4dd,INFO,ncbi,ncbi_higher_rank_divergence,centrales,NCBI_ID,33849,Phylum=heterokontophyta,(absent from chain),3,daplankton;medplanktonset;syke_ifcb_2022,expected above family: the two registers use different higher classifications
9c1221d356c0,INFO,ncbi,ncbi_higher_rank_divergence,centropages,NCBI_ID,136182,Kingdom=animalia,(absent from chain),1,planktoscope,expected above family: the two registers use different higher classifications
72ec1d72e365,INFO,ncbi,ncbi_higher_rank_divergence,centropagidae,NCBI_ID,136181,Kingdom=animalia,(absent from chain),5,planktoscope;tara_pacific_hsn;tara_pacific_manta;zoocamnet;zooscan,expected above family: the two registers use different higher classifications
442b62e408b6,INFO,ncbi,ncbi_higher_rank_divergence,centropyxis,NCBI_ID,318527,Kingdom=protozoa,(absent from chain),1,frepj,expected above family: the two registers use different higher classifications
4c91831819d3,INFO,ncbi,ncbi_higher_rank_divergence,centropyxis,NCBI_ID,318527,Class=lobosa,(absent from chain),1,frepj,expected above family: the two registers use different higher classifications
923fff6dbce7,INFO,ncbi,ncbi_higher_rank_divergence,centropyxis discoides,NCBI_ID,318527,Kingdom=protozoa,(absent from chain),1,frepj,expected above family: the two registers use different higher classifications
c1c8457f5063,INFO,ncbi,ncbi_higher_rank_divergence,centropyxis discoides,NCBI_ID,318527,Class=lobosa,(absent from chain),1,frepj,expected above family: the two registers use different higher classifications
7b4411b8b7c2,INFO,ncbi,ncbi_higher_rank_divergence,cephalodella,NCBI_ID,231615,Kingdom=animalia,(absent from chain),1,frepj,expected above family: the two registers use different higher classifications
0540481c2e26,INFO,ncbi,ncbi_higher_rank_divergence,cephalopoda,NCBI_ID,6605,Kingdom=animalia,(absent from chain),3,global_uvp5;tara_pacific_hsn;tara_pacific_manta,expected above family: the two registers use different higher classifications
8108648cbb0d,INFO,ncbi,ncbi_higher_rank_divergence,cerataulina,NCBI_ID,1003030,Kingdom=chromista,(absent from chain),4,planktoscope;whoi,expected above family: the two registers use different higher classifications
84341adf40f6,INFO,ncbi,ncbi_higher_rank_divergence,cerataulina,NCBI_ID,1003030,Phylum=heterokontophyta,(absent from chain),4,planktoscope;whoi,expected above family: the two registers use different higher classifications
8627afa5fe16,INFO,ncbi,ncbi_higher_rank_divergence,cerataulina,NCBI_ID,1003030,Class=bacillariophyceae,(absent from chain),4,planktoscope;whoi,expected above family: the two registers use different higher classifications
3c00eded0936,INFO,ncbi,ncbi_higher_rank_divergence,cerataulina,NCBI_ID,1003030,Order=hemiaulales,(absent from chain),4,planktoscope;whoi,expected above family: the two registers use different higher classifications
85191ccdc0c9,INFO,ncbi,ncbi_higher_rank_divergence,cerataulina pelagica,NCBI_ID,1003031,Kingdom=chromista,(absent from chain),1,medplanktonset,expected above family: the two registers use different higher classifications
5ab003912426,INFO,ncbi,ncbi_higher_rank_divergence,cerataulina pelagica,NCBI_ID,1003031,Phylum=heterokontophyta,(absent from chain),1,medplanktonset,expected above family: the two registers use different higher classifications
0cd1a73c98e0,INFO,ncbi,ncbi_higher_rank_divergence,cerataulina pelagica,NCBI_ID,1003031,Class=bacillariophyceae,(absent from chain),1,medplanktonset,expected above family: the two registers use different higher classifications
5f98f38d276a,INFO,ncbi,ncbi_higher_rank_divergence,cerataulina pelagica,NCBI_ID,1003031,Order=hemiaulales,(absent from chain),1,medplanktonset,expected above family: the two registers use different higher classifications
2b87cf0a89a7,INFO,ncbi,ncbi_higher_rank_divergence,ceratium,NCBI_ID,2915,Kingdom=chromista,(absent from chain),2,whoi;zoolake,expected above family: the two registers use different higher classifications
2fef037e040e,INFO,ncbi,ncbi_higher_rank_divergence,ceratium,NCBI_ID,2915,Phylum=myzozoa,(absent from chain),2,whoi;zoolake,expected above family: the two registers use different higher classifications
7b107bf39759,INFO,ncbi,ncbi_higher_rank_divergence,ceratium hirundinella,NCBI_ID,2915,Kingdom=chromista,(absent from chain),1,frepj,expected above family: the two registers use different higher classifications
c53e10615dd6,INFO,ncbi,ncbi_higher_rank_divergence,ceratium hirundinella,NCBI_ID,2915,Phylum=myzozoa,(absent from chain),1,frepj,expected above family: the two registers use different higher classifications
5b9e84bc32ff,INFO,ncbi,ncbi_higher_rank_divergence,ceratocorys,NCBI_ID,66799,Kingdom=chromista,(absent from chain),3,flowcamnet;planktoscope;tara_pacific_decknet,expected above family: the two registers use different higher classifications
294aefa2b720,INFO,ncbi,ncbi_higher_rank_divergence,ceratocorys,NCBI_ID,66799,Phylum=myzozoa,(absent from chain),3,flowcamnet;planktoscope;tara_pacific_decknet,expected above family: the two registers use different higher classifications
daa1d807009d,INFO,ncbi,ncbi_higher_rank_divergence,ceratocorys horrida,NCBI_ID,66800,Kingdom=chromista,(absent from chain),1,planktoscope,expected above family: the two registers use different higher classifications
09681c8ebec3,INFO,ncbi,ncbi_higher_rank_divergence,ceratocorys horrida,NCBI_ID,66800,Phylum=myzozoa,(absent from chain),1,planktoscope,expected above family: the two registers use different higher classifications
7c17c03058d2,INFO,ncbi,ncbi_higher_rank_divergence,ceratoneis closterium,NCBI_ID,2856,Kingdom=chromista,(absent from chain),1,syke_ifcb_2022,expected above family: the two registers use different higher classifications
0988b3e02a74,INFO,ncbi,ncbi_higher_rank_divergence,ceratoneis closterium,NCBI_ID,2856,Phylum=heterokontophyta,(absent from chain),1,syke_ifcb_2022,expected above family: the two registers use different higher classifications
1a4c6482a2e2,INFO,ncbi,ncbi_higher_rank_divergence,ceratoneis closterium,NCBI_ID,2856,Order=fragilariales,(absent from chain),1,syke_ifcb_2022,expected above family: the two registers use different higher classifications
c99736cb7f00,INFO,ncbi,ncbi_higher_rank_divergence,ceratoperidinium margalefii,NCBI_ID,1389943,Kingdom=chromista,(absent from chain),1,medplanktonset,expected above family: the two registers use different higher classifications
87cc09e45877,INFO,ncbi,ncbi_higher_rank_divergence,ceratoperidinium margalefii,NCBI_ID,1389943,Phylum=myzozoa,(absent from chain),1,medplanktonset,expected above family: the two registers use different higher classifications
c3606d8d3878,INFO,ncbi,ncbi_higher_rank_divergence,ceriantharia,NCBI_ID,37512,Kingdom=animalia,(absent from chain),1,global_uvp5,expected above family: the two registers use different higher classifications
3f4370e6fd7b,INFO,ncbi,ncbi_higher_rank_divergence,ceriantharia,NCBI_ID,37512,Class=hexacorallia,(absent from chain),1,global_uvp5,expected above family: the two registers use different higher classifications
29cb0b0a60e0,INFO,ncbi,ncbi_higher_rank_divergence,ceriodaphnia,NCBI_ID,77671,Kingdom=animalia,(absent from chain),3,frepj;sykezooscan2024,expected above family: the two registers use different higher classifications
dd2370f824c7,INFO,ncbi,ncbi_higher_rank_divergence,ceriodaphnia cornuta,NCBI_ID,77671,Kingdom=animalia,(absent from chain),1,frepj,expected above family: the two registers use different higher classifications
1ef4af2838e5,INFO,ncbi,ncbi_higher_rank_divergence,ceriodaphnia dubia,NCBI_ID,77671,Kingdom=animalia,(absent from chain),1,frepj,expected above family: the two registers use different higher classifications
741aac9177fe,INFO,ncbi,ncbi_higher_rank_divergence,ceriodaphnia pulchella,NCBI_ID,77671,Kingdom=animalia,(absent from chain),1,frepj,expected above family: the two registers use different higher classifications
cf6504c14e73,INFO,ncbi,ncbi_higher_rank_divergence,cestidae,NCBI_ID,27920,Kingdom=animalia,(absent from chain),2,global_uvp5;planktonset1.0,expected above family: the two registers use different higher classifications
b968b0575be0,INFO,ncbi,ncbi_higher_rank_divergence,chaetoceros,NCBI_ID,49237,Kingdom=chromista,(absent from chain),17,daplankton;flowcamnet;medplanktonset;planktoscope;syke_ifcb_2022;tara_pacific_bongo;tara_pacific_decknet;whoi,expected above family: the two registers use different higher classifications
3001e12be1b0,INFO,ncbi,ncbi_higher_rank_divergence,chaetoceros,NCBI_ID,49237,Phylum=heterokontophyta,(absent from chain),17,daplankton;flowcamnet;medplanktonset;planktoscope;syke_ifcb_2022;tara_pacific_bongo;tara_pacific_decknet;whoi,expected above family: the two registers use different higher classifications
fedbab897407,INFO,ncbi,ncbi_higher_rank_divergence,chaetoceros,NCBI_ID,49237,Class=bacillariophyceae,(absent from chain),17,daplankton;flowcamnet;medplanktonset;planktoscope;syke_ifcb_2022;tara_pacific_bongo;tara_pacific_decknet;whoi,expected above family: the two registers use different higher classifications
4bc14ebbec35,INFO,ncbi,ncbi_higher_rank_divergence,chaetoceros,NCBI_ID,49237,Order=chaetocerotanae,(absent from chain),17,daplankton;flowcamnet;medplanktonset;planktoscope;syke_ifcb_2022;tara_pacific_bongo;tara_pacific_decknet;whoi,expected above family: the two registers use different higher classifications
efedf572f6f9,INFO,ncbi,ncbi_higher_rank_divergence,chaetoceros affinis,NCBI_ID,426623,Kingdom=chromista,(absent from chain),1,planktoscope,expected above family: the two registers use different higher classifications
431910a864f4,INFO,ncbi,ncbi_higher_rank_divergence,chaetoceros affinis,NCBI_ID,426623,Phylum=heterokontophyta,(absent from chain),1,planktoscope,expected above family: the two registers use different higher classifications
caebb3aa98eb,INFO,ncbi,ncbi_higher_rank_divergence,chaetoceros affinis,NCBI_ID,426623,Class=bacillariophyceae,(absent from chain),1,planktoscope,expected above family: the two registers use different higher classifications
fe59223e342d,INFO,ncbi,ncbi_higher_rank_divergence,chaetoceros affinis,NCBI_ID,426623,Order=chaetocerotanae,(absent from chain),1,planktoscope,expected above family: the two registers use different higher classifications
0470194f3006,INFO,ncbi,ncbi_higher_rank_divergence,chaetoceros anastomosans,NCBI_ID,2082233,Kingdom=chromista,(absent from chain),1,medplanktonset,expected above family: the two registers use different higher classifications
677c65c6a251,INFO,ncbi,ncbi_higher_rank_divergence,chaetoceros anastomosans,NCBI_ID,2082233,Phylum=heterokontophyta,(absent from chain),1,medplanktonset,expected above family: the two registers use different higher classifications
78b0b33c266e,INFO,ncbi,ncbi_higher_rank_divergence,chaetoceros anastomosans,NCBI_ID,2082233,Class=bacillariophyceae,(absent from chain),1,medplanktonset,expected above family: the two registers use different higher classifications
7775ecd66b2c,INFO,ncbi,ncbi_higher_rank_divergence,chaetoceros anastomosans,NCBI_ID,2082233,Order=chaetocerotanae,(absent from chain),1,medplanktonset,expected above family: the two registers use different higher classifications
ad009697b56b,INFO,ncbi,ncbi_higher_rank_divergence,chaetoceros dadayi,NCBI_ID,49237,Kingdom=chromista,(absent from chain),1,planktoscope,expected above family: the two registers use different higher classifications
7e9636701c1e,INFO,ncbi,ncbi_higher_rank_divergence,chaetoceros dadayi,NCBI_ID,49237,Phylum=heterokontophyta,(absent from chain),1,planktoscope,expected above family: the two registers use different higher classifications
2aa489289b23,INFO,ncbi,ncbi_higher_rank_divergence,chaetoceros dadayi,NCBI_ID,49237,Class=bacillariophyceae,(absent from chain),1,planktoscope,expected above family: the two registers use different higher classifications
9442d1a8e7a7,INFO,ncbi,ncbi_higher_rank_divergence,chaetoceros dadayi,NCBI_ID,49237,Order=chaetocerotanae,(absent from chain),1,planktoscope,expected above family: the two registers use different higher classifications
d01eae2c0707,INFO,ncbi,ncbi_higher_rank_divergence,chaetoceros danicus,NCBI_ID,426631,Kingdom=chromista,(absent from chain),2,medplanktonset;planktoscope,expected above family: the two registers use different higher classifications
fd6740f244db,INFO,ncbi,ncbi_higher_rank_divergence,chaetoceros danicus,NCBI_ID,426631,Phylum=heterokontophyta,(absent from chain),2,medplanktonset;planktoscope,expected above family: the two registers use different higher classifications
60f1cace7f38,INFO,ncbi,ncbi_higher_rank_divergence,chaetoceros danicus,NCBI_ID,426631,Class=bacillariophyceae,(absent from chain),2,medplanktonset;planktoscope,expected above family: the two registers use different higher classifications
fd9168c4abb0,INFO,ncbi,ncbi_higher_rank_divergence,chaetoceros danicus,NCBI_ID,426631,Order=chaetocerotanae,(absent from chain),2,medplanktonset;planktoscope,expected above family: the two registers use different higher classifications
92cab7d2ddf0,INFO,ncbi,ncbi_higher_rank_divergence,chaetoceros decipiens,NCBI_ID,655751,Kingdom=chromista,(absent from chain),1,medplanktonset,expected above family: the two registers use different higher classifications
b5d34ca8f623,INFO,ncbi,ncbi_higher_rank_divergence,chaetoceros decipiens,NCBI_ID,655751,Phylum=heterokontophyta,(absent from chain),1,medplanktonset,expected above family: the two registers use different higher classifications
e58a3dafe57a,INFO,ncbi,ncbi_higher_rank_divergence,chaetoceros decipiens,NCBI_ID,655751,Class=bacillariophyceae,(absent from chain),1,medplanktonset,expected above family: the two registers use different higher classifications
d7082a3684d8,INFO,ncbi,ncbi_higher_rank_divergence,chaetoceros decipiens,NCBI_ID,655751,Order=chaetocerotanae,(absent from chain),1,medplanktonset,expected above family: the two registers use different higher classifications
3e1ecfcf2cf4,INFO,ncbi,ncbi_higher_rank_divergence,chaetoceros didymus,NCBI_ID,49238,Kingdom=chromista,(absent from chain),2,whoi,expected above family: the two registers use different higher classifications
e718bcbcf188,INFO,ncbi,ncbi_higher_rank_divergence,chaetoceros didymus,NCBI_ID,49238,Phylum=heterokontophyta,(absent from chain),2,whoi,expected above family: the two registers use different higher classifications
19028c8f1ee1,INFO,ncbi,ncbi_higher_rank_divergence,chaetoceros didymus,NCBI_ID,49238,Class=bacillariophyceae,(absent from chain),2,whoi,expected above family: the two registers use different higher classifications
b308e42dbf69,INFO,ncbi,ncbi_higher_rank_divergence,chaetoceros didymus,NCBI_ID,49238,Order=chaetocerotanae,(absent from chain),2,whoi,expected above family: the two registers use different higher classifications
314eab0b903e,INFO,ncbi,ncbi_higher_rank_divergence,chaetoceros diversus,NCBI_ID,426633,Kingdom=chromista,(absent from chain),1,medplanktonset,expected above family: the two registers use different higher classifications
316af4ce91bd,INFO,ncbi,ncbi_higher_rank_divergence,chaetoceros diversus,NCBI_ID,426633,Phylum=heterokontophyta,(absent from chain),1,medplanktonset,expected above family: the two registers use different higher classifications
27f72a031dc6,INFO,ncbi,ncbi_higher_rank_divergence,chaetoceros diversus,NCBI_ID,426633,Class=bacillariophyceae,(absent from chain),1,medplanktonset,expected above family: the two registers use different higher classifications
3924fe745ff3,INFO,ncbi,ncbi_higher_rank_divergence,chaetoceros diversus,NCBI_ID,426633,Order=chaetocerotanae,(absent from chain),1,medplanktonset,expected above family: the two registers use different higher classifications
651cb0c68f72,INFO,ncbi,ncbi_higher_rank_divergence,chaetoceros peruvianus,NCBI_ID,426635,Kingdom=chromista,(absent from chain),4,flowcamnet;medplanktonset;planktoscope;tara_pacific_decknet,expected above family: the two registers use different higher classifications
7ccf06c5e6bc,INFO,ncbi,ncbi_higher_rank_divergence,chaetoceros peruvianus,NCBI_ID,426635,Phylum=heterokontophyta,(absent from chain),4,flowcamnet;medplanktonset;planktoscope;tara_pacific_decknet,expected above family: the two registers use different higher classifications
43914b65a372,INFO,ncbi,ncbi_higher_rank_divergence,chaetoceros peruvianus,NCBI_ID,426635,Class=bacillariophyceae,(absent from chain),4,flowcamnet;medplanktonset;planktoscope;tara_pacific_decknet,expected above family: the two registers use different higher classifications
89abe509a94b,INFO,ncbi,ncbi_higher_rank_divergence,chaetoceros peruvianus,NCBI_ID,426635,Order=chaetocerotanae,(absent from chain),4,flowcamnet;medplanktonset;planktoscope;tara_pacific_decknet,expected above family: the two registers use different higher classifications
ba62f260df3a,INFO,ncbi,ncbi_higher_rank_divergence,chaetoceros socialis,NCBI_ID,163503,Kingdom=chromista,(absent from chain),1,medplanktonset,expected above family: the two registers use different higher classifications
56fefacb008f,INFO,ncbi,ncbi_higher_rank_divergence,chaetoceros socialis,NCBI_ID,163503,Phylum=heterokontophyta,(absent from chain),1,medplanktonset,expected above family: the two registers use different higher classifications
96a01390521e,INFO,ncbi,ncbi_higher_rank_divergence,chaetoceros socialis,NCBI_ID,163503,Class=bacillariophyceae,(absent from chain),1,medplanktonset,expected above family: the two registers use different higher classifications
f46d6a106938,INFO,ncbi,ncbi_higher_rank_divergence,chaetoceros socialis,NCBI_ID,163503,Order=chaetocerotanae,(absent from chain),1,medplanktonset,expected above family: the two registers use different higher classifications
4d844001cbcf,INFO,ncbi,ncbi_higher_rank_divergence,chaetoceros tortissimus,NCBI_ID,2082241,Kingdom=chromista,(absent from chain),1,medplanktonset,expected above family: the two registers use different higher classifications
c16bd3d3a5d6,INFO,ncbi,ncbi_higher_rank_divergence,chaetoceros tortissimus,NCBI_ID,2082241,Phylum=heterokontophyta,(absent from chain),1,medplanktonset,expected above family: the two registers use different higher classifications
fd3da09e8e1c,INFO,ncbi,ncbi_higher_rank_divergence,chaetoceros tortissimus,NCBI_ID,2082241,Class=bacillariophyceae,(absent from chain),1,medplanktonset,expected above family: the two registers use different higher classifications
8cf67d7e61d2,INFO,ncbi,ncbi_higher_rank_divergence,chaetoceros tortissimus,NCBI_ID,2082241,Order=chaetocerotanae,(absent from chain),1,medplanktonset,expected above family: the two registers use different higher classifications
ecf4b25cdd32,INFO,ncbi,ncbi_higher_rank_divergence,chaetognatha,NCBI_ID,10229,Kingdom=animalia,(absent from chain),21,global_uvp5;isiisnet;jedioceans;planktonset1.0;planktoscope;tara_pacific_hsn;tara_pacific_manta;uvp6net;zoocamnet;zooscan,expected above family: the two registers use different higher classifications
9fc7fb8db6e3,INFO,ncbi,ncbi_higher_rank_divergence,challengeron,NCBI_ID,332298,Kingdom=chromista,(absent from chain),1,planktoscope,expected above family: the two registers use different higher classifications
dd362526fc16,INFO,ncbi,ncbi_higher_rank_divergence,chaoborus,NCBI_ID,41812,Kingdom=animalia,(absent from chain),2,frepj;zoolake,expected above family: the two registers use different higher classifications
e2f646530658,INFO,ncbi,ncbi_higher_rank_divergence,chironomidae,NCBI_ID,7149,Kingdom=animalia,(absent from chain),1,frepj,expected above family: the two registers use different higher classifications
939df98d2fab,INFO,ncbi,ncbi_higher_rank_divergence,chlorococcales,NCBI_ID,3042,Kingdom=plantae,(absent from chain),2,daplankton;syke_ifcb_2022,expected above family: the two registers use different higher classifications
64a922921a18,INFO,ncbi,ncbi_higher_rank_divergence,chlorococcales,NCBI_ID,3042,Order=chlorococcales,(absent from chain),2,daplankton;syke_ifcb_2022,expected above family: the two registers use different higher classifications
fed3eeaab938,INFO,ncbi,ncbi_higher_rank_divergence,choanoflagellatea,NCBI_ID,28009,Kingdom=protozoa,(absent from chain),2,whoi,expected above family: the two registers use different higher classifications
9c84dff85e30,INFO,ncbi,ncbi_higher_rank_divergence,choanoflagellatea,NCBI_ID,28009,Phylum=choanozoa,(absent from chain),2,whoi,expected above family: the two registers use different higher classifications
a242f80f3f3f,INFO,ncbi,ncbi_higher_rank_divergence,choanoflagellatea,NCBI_ID,28009,Class=choanoflagellatea,(absent from chain),2,whoi,expected above family: the two registers use different higher classifications
48e6bec52392,INFO,ncbi,ncbi_higher_rank_divergence,chordata,NCBI_ID,7711,Kingdom=animalia,(absent from chain),23,global_uvp5;isiisnet;jedioceans;planktonset1.0;tara_pacific_decknet;tara_pacific_hsn;tara_pacific_manta;uvp6net;zoocamnet;zoolake;zooscan,expected above family: the two registers use different higher classifications
e47bf9f0094b,INFO,ncbi,ncbi_higher_rank_divergence,choreotrichida,NCBI_ID,200605,Kingdom=chromista,(absent from chain),7,flowcamnet;jedioceans;medplanktonset;planktoscope;tara_pacific_bongo;tara_pacific_decknet,expected above family: the two registers use different higher classifications
6e06d895e0d1,INFO,ncbi,ncbi_higher_rank_divergence,choreotrichida,NCBI_ID,200605,Class=oligotrichea,(absent from chain),7,flowcamnet;jedioceans;medplanktonset;planktoscope;tara_pacific_bongo;tara_pacific_decknet,expected above family: the two registers use different higher classifications
fde1e1fd16cd,INFO,ncbi,ncbi_higher_rank_divergence,chroococcales,NCBI_ID,1118,Phylum=cyanobacteria,(absent from chain),2,daplankton;syke_ifcb_2022,expected above family: the two registers use different higher classifications
617b1ee26c69,INFO,ncbi,ncbi_higher_rank_divergence,chroococcus,NCBI_ID,70190,Phylum=cyanobacteria,(absent from chain),1,syke_ifcb_2022,expected above family: the two registers use different higher classifications
89d1cfd452a3,INFO,ncbi,ncbi_higher_rank_divergence,chrysochromulina,NCBI_ID,35140,Kingdom=chromista,(absent from chain),1,whoi,expected above family: the two registers use different higher classifications
254f27216158,INFO,ncbi,ncbi_higher_rank_divergence,chrysochromulina,NCBI_ID,35140,Class=coccolithophyceae,(absent from chain),1,whoi,expected above family: the two registers use different higher classifications
f0329535b3c1,INFO,ncbi,ncbi_higher_rank_divergence,chrysochromulina lanceolata,NCBI_ID,35140,Kingdom=chromista,(absent from chain),1,medplanktonset,expected above family: the two registers use different higher classifications
4ae65a42d6a6,INFO,ncbi,ncbi_higher_rank_divergence,chrysochromulina lanceolata,NCBI_ID,35140,Class=coccolithophyceae,(absent from chain),1,medplanktonset,expected above family: the two registers use different higher classifications
cc0784d6db06,INFO,ncbi,ncbi_higher_rank_divergence,chrysochromulina parkeae,NCBI_ID,418974,Kingdom=chromista,(absent from chain),1,medplanktonset,expected above family: the two registers use different higher classifications
e9b0fc9297cf,INFO,ncbi,ncbi_higher_rank_divergence,chrysochromulina parkeae,NCBI_ID,418974,Class=coccolithophyceae,(absent from chain),1,medplanktonset,expected above family: the two registers use different higher classifications
4ae0e4c478bb,INFO,ncbi,ncbi_higher_rank_divergence,chrysotila roscoffensis,NCBI_ID,418908,Kingdom=chromista,(absent from chain),1,daplankton,expected above family: the two registers use different higher classifications
57f17d1ba47e,INFO,ncbi,ncbi_higher_rank_divergence,chrysotila roscoffensis,NCBI_ID,418908,Class=coccolithophyceae,(absent from chain),1,daplankton,expected above family: the two registers use different higher classifications
f48b5193b604,INFO,ncbi,ncbi_higher_rank_divergence,chydoridae,NCBI_ID,77713,Kingdom=animalia,(absent from chain),1,frepj,expected above family: the two registers use different higher classifications
206f5cc84a51,INFO,ncbi,ncbi_higher_rank_divergence,chydorus,NCBI_ID,77744,Kingdom=animalia,(absent from chain),1,frepj,expected above family: the two registers use different higher classifications
937ae3c43fe8,INFO,ncbi,ncbi_higher_rank_divergence,chydorus brevilabris,NCBI_ID,362310,Kingdom=animalia,(absent from chain),1,frepj,expected above family: the two registers use different higher classifications
e1465b9da6d9,INFO,ncbi,ncbi_higher_rank_divergence,chydorus sphaericus,NCBI_ID,77745,Kingdom=animalia,(absent from chain),1,frepj,expected above family: the two registers use different higher classifications
30cc37377d4a,INFO,ncbi,ncbi_higher_rank_divergence,ciliophora,NCBI_ID,5878,Kingdom=chromista,(absent from chain),12,daplankton;flowcamnet;jedioceans;medplanktonset;planktoscope;syke_ifcb_2022;tara_pacific_bongo;tara_pacific_decknet;whoi,expected above family: the two registers use different higher classifications
966f6f526209,INFO,ncbi,ncbi_higher_rank_divergence,circoporidae,NCBI_ID,3077321,Kingdom=chromista,(absent from chain),1,global_uvp5,expected above family: the two registers use different higher classifications
5c2b5a3726d9,INFO,ncbi,ncbi_higher_rank_divergence,cladoceramus,NCBI_ID,6544,Kingdom=animalia,(absent from chain),1,zoocamnet,expected above family: the two registers use different higher classifications
458a1972e849,INFO,ncbi,ncbi_higher_rank_divergence,cladopyxis,NCBI_ID,1129411,Kingdom=chromista,(absent from chain),4,flowcamnet;planktoscope;tara_pacific_bongo;tara_pacific_decknet,expected above family: the two registers use different higher classifications
44e5a072aeae,INFO,ncbi,ncbi_higher_rank_divergence,cladopyxis,NCBI_ID,1129411,Phylum=myzozoa,(absent from chain),4,flowcamnet;planktoscope;tara_pacific_bongo;tara_pacific_decknet,expected above family: the two registers use different higher classifications
a42722ac4075,INFO,ncbi,ncbi_higher_rank_divergence,cladopyxis brachiolata,NCBI_ID,1129411,Kingdom=chromista,(absent from chain),1,medplanktonset,expected above family: the two registers use different higher classifications
f448219ccefd,INFO,ncbi,ncbi_higher_rank_divergence,cladopyxis brachiolata,NCBI_ID,1129411,Phylum=myzozoa,(absent from chain),1,medplanktonset,expected above family: the two registers use different higher classifications
b349efb48284,INFO,ncbi,ncbi_higher_rank_divergence,climacocylis,NCBI_ID,1176320,Kingdom=chromista,(absent from chain),1,planktoscope,expected above family: the two registers use different higher classifications
07aff8e6abae,INFO,ncbi,ncbi_higher_rank_divergence,climacocylis,NCBI_ID,1176320,Class=oligotrichea,(absent from chain),1,planktoscope,expected above family: the two registers use different higher classifications
c3ee2df0663b,INFO,ncbi,ncbi_higher_rank_divergence,climacocylis,NCBI_ID,1176320,Order=choreotrichida,(absent from chain),1,planktoscope,expected above family: the two registers use different higher classifications
539011f6bc9b,INFO,ncbi,ncbi_higher_rank_divergence,climacodium,NCBI_ID,2022333,Kingdom=chromista,(absent from chain),3,flowcamnet;planktoscope;tara_pacific_decknet,expected above family: the two registers use different higher classifications
58a12308f27a,INFO,ncbi,ncbi_higher_rank_divergence,climacodium,NCBI_ID,2022333,Phylum=heterokontophyta,(absent from chain),3,flowcamnet;planktoscope;tara_pacific_decknet,expected above family: the two registers use different higher classifications
0b555e0a257f,INFO,ncbi,ncbi_higher_rank_divergence,climacodium,NCBI_ID,2022333,Class=bacillariophyceae,(absent from chain),3,flowcamnet;planktoscope;tara_pacific_decknet,expected above family: the two registers use different higher classifications
ff383850bf32,INFO,ncbi,ncbi_higher_rank_divergence,climacodium,NCBI_ID,2022333,Order=hemiaulales,(absent from chain),3,flowcamnet;planktoscope;tara_pacific_decknet,expected above family: the two registers use different higher classifications
2edc3edf41ad,INFO,ncbi,ncbi_higher_rank_divergence,climacodium crocosphaera,NCBI_ID,2022333,Kingdom=chromista,(absent from chain),2,flowcamnet;tara_pacific_decknet,expected above family: the two registers use different higher classifications
6adce7975272,INFO,ncbi,ncbi_higher_rank_divergence,climacodium crocosphaera,NCBI_ID,2022333,Phylum=heterokontophyta,(absent from chain),2,flowcamnet;tara_pacific_decknet,expected above family: the two registers use different higher classifications
a321a25b8fa9,INFO,ncbi,ncbi_higher_rank_divergence,climacodium crocosphaera,NCBI_ID,2022333,Class=bacillariophyceae,(absent from chain),2,flowcamnet;tara_pacific_decknet,expected above family: the two registers use different higher classifications
26a656eff2e4,INFO,ncbi,ncbi_higher_rank_divergence,climacodium crocosphaera,NCBI_ID,2022333,Order=hemiaulales,(absent from chain),2,flowcamnet;tara_pacific_decknet,expected above family: the two registers use different higher classifications
2544368b6718,INFO,ncbi,ncbi_higher_rank_divergence,climacosphenia,NCBI_ID,449129,Kingdom=chromista,(absent from chain),1,planktoscope,expected above family: the two registers use different higher classifications
60c2c510adad,INFO,ncbi,ncbi_higher_rank_divergence,climacosphenia,NCBI_ID,449129,Phylum=heterokontophyta,(absent from chain),1,planktoscope,expected above family: the two registers use different higher classifications
1d13e4e7d636,INFO,ncbi,ncbi_higher_rank_divergence,climacosphenia,NCBI_ID,449129,Class=bacillariophyceae,(absent from chain),1,planktoscope,expected above family: the two registers use different higher classifications
5dbf160f1f5e,INFO,ncbi,ncbi_higher_rank_divergence,climacosphenia,NCBI_ID,449129,Order=climacospheniales,(absent from chain),1,planktoscope,expected above family: the two registers use different higher classifications
12600b81430f,INFO,ncbi,ncbi_higher_rank_divergence,clio pyramidata,NCBI_ID,356475,Kingdom=animalia,(absent from chain),3,tara_pacific_hsn;tara_pacific_manta;zooscan,expected above family: the two registers use different higher classifications
4b23c11c97b2,INFO,ncbi,ncbi_higher_rank_divergence,clupeidae,NCBI_ID,55118,Kingdom=animalia,(absent from chain),1,global_uvp5,expected above family: the two registers use different higher classifications
af1d755fc176,INFO,ncbi,ncbi_higher_rank_divergence,clupeiformes,NCBI_ID,32446,Kingdom=animalia,(absent from chain),2,zoocamnet,expected above family: the two registers use different higher classifications
5c8561ecb197,INFO,ncbi,ncbi_higher_rank_divergence,cnidaria,NCBI_ID,6073,Kingdom=animalia,(absent from chain),15,global_uvp5;isiisnet;jedioceans;planktonset1.0;tara_pacific_hsn;tara_pacific_manta;zoocamnet;zooscan,expected above family: the two registers use different higher classifications
e46c0d3e62fe,INFO,ncbi,ncbi_higher_rank_divergence,coccodiscidae,NCBI_ID,299202,Kingdom=chromista,(absent from chain),1,planktoscope,expected above family: the two registers use different higher classifications
d8c2f15a14d5,INFO,ncbi,ncbi_higher_rank_divergence,coccodiscidae,NCBI_ID,299202,Phylum=radiozoa,(absent from chain),1,planktoscope,expected above family: the two registers use different higher classifications
d3561fb5d693,INFO,ncbi,ncbi_higher_rank_divergence,coccodiscidae,NCBI_ID,299202,Class=polycystina,(absent from chain),1,planktoscope,expected above family: the two registers use different higher classifications
4b6a58861f83,INFO,ncbi,ncbi_higher_rank_divergence,cochlodinium,NCBI_ID,77299,Kingdom=chromista,(absent from chain),1,whoi,expected above family: the two registers use different higher classifications
2d929ce30279,INFO,ncbi,ncbi_higher_rank_divergence,cochlodinium,NCBI_ID,77299,Phylum=myzozoa,(absent from chain),1,whoi,expected above family: the two registers use different higher classifications
ee1cda489459,INFO,ncbi,ncbi_higher_rank_divergence,codonaria,NCBI_ID,1176323,Kingdom=chromista,(absent from chain),3,flowcamnet;planktoscope;tara_pacific_decknet,expected above family: the two registers use different higher classifications
994480c6eecb,INFO,ncbi,ncbi_higher_rank_divergence,codonaria,NCBI_ID,1176323,Class=oligotrichea,(absent from chain),3,flowcamnet;planktoscope;tara_pacific_decknet,expected above family: the two registers use different higher classifications
0995b117df35,INFO,ncbi,ncbi_higher_rank_divergence,codonaria,NCBI_ID,1176323,Order=choreotrichida,(absent from chain),3,flowcamnet;planktoscope;tara_pacific_decknet,expected above family: the two registers use different higher classifications
680a418700d3,INFO,ncbi,ncbi_higher_rank_divergence,codonella,NCBI_ID,382707,Kingdom=chromista,(absent from chain),1,planktoscope,expected above family: the two registers use different higher classifications
b64ee6d8d6e0,INFO,ncbi,ncbi_higher_rank_divergence,codonella,NCBI_ID,382707,Class=oligotrichea,(absent from chain),1,planktoscope,expected above family: the two registers use different higher classifications
a646a9d176d2,INFO,ncbi,ncbi_higher_rank_divergence,codonella,NCBI_ID,382707,Order=choreotrichida,(absent from chain),1,planktoscope,expected above family: the two registers use different higher classifications
3fbe1f79204b,INFO,ncbi,ncbi_higher_rank_divergence,codonella amphorella,NCBI_ID,1049796,Kingdom=chromista,(absent from chain),1,planktoscope,expected above family: the two registers use different higher classifications
1635e5b74e0f,INFO,ncbi,ncbi_higher_rank_divergence,codonella amphorella,NCBI_ID,1049796,Class=oligotrichea,(absent from chain),1,planktoscope,expected above family: the two registers use different higher classifications
f0a184fdf2d3,INFO,ncbi,ncbi_higher_rank_divergence,codonella amphorella,NCBI_ID,1049796,Order=choreotrichida,(absent from chain),1,planktoscope,expected above family: the two registers use different higher classifications
13d672f25369,INFO,ncbi,ncbi_higher_rank_divergence,codonellopsis,NCBI_ID,211021,Kingdom=chromista,(absent from chain),1,planktoscope,expected above family: the two registers use different higher classifications
2d6978dd04cf,INFO,ncbi,ncbi_higher_rank_divergence,codonellopsis,NCBI_ID,211021,Class=oligotrichea,(absent from chain),1,planktoscope,expected above family: the two registers use different higher classifications
ff7f4638b325,INFO,ncbi,ncbi_higher_rank_divergence,codonellopsis,NCBI_ID,211021,Order=choreotrichida,(absent from chain),1,planktoscope,expected above family: the two registers use different higher classifications
27a67f655930,INFO,ncbi,ncbi_higher_rank_divergence,codonellopsis morchella,NCBI_ID,1049798,Kingdom=chromista,(absent from chain),2,flowcamnet;tara_pacific_decknet,expected above family: the two registers use different higher classifications
43f361e85e67,INFO,ncbi,ncbi_higher_rank_divergence,codonellopsis morchella,NCBI_ID,1049798,Class=oligotrichea,(absent from chain),2,flowcamnet;tara_pacific_decknet,expected above family: the two registers use different higher classifications
4d7655a2b0bf,INFO,ncbi,ncbi_higher_rank_divergence,codonellopsis morchella,NCBI_ID,1049798,Order=choreotrichida,(absent from chain),2,flowcamnet;tara_pacific_decknet,expected above family: the two registers use different higher classifications
33f5e8afaa6d,INFO,ncbi,ncbi_higher_rank_divergence,codonellopsis orthoceras,NCBI_ID,1176356,Kingdom=chromista,(absent from chain),2,planktoscope;tara_pacific_decknet,expected above family: the two registers use different higher classifications
56c475712490,INFO,ncbi,ncbi_higher_rank_divergence,codonellopsis orthoceras,NCBI_ID,1176356,Class=oligotrichea,(absent from chain),2,planktoscope;tara_pacific_decknet,expected above family: the two registers use different higher classifications
504da80a25fc,INFO,ncbi,ncbi_higher_rank_divergence,codonellopsis orthoceras,NCBI_ID,1176356,Order=choreotrichida,(absent from chain),2,planktoscope;tara_pacific_decknet,expected above family: the two registers use different higher classifications
9218e8befb76,INFO,ncbi,ncbi_higher_rank_divergence,coelodendridae,NCBI_ID,238787,Kingdom=chromista,(absent from chain),5,global_uvp5;uvp6net,expected above family: the two registers use different higher classifications
9180318eae30,INFO,ncbi,ncbi_higher_rank_divergence,coelodendridae,NCBI_ID,238787,Order=phaeodendrida,(absent from chain),5,global_uvp5;uvp6net,expected above family: the two registers use different higher classifications
6fa7680bfc25,INFO,ncbi,ncbi_higher_rank_divergence,coelodendrum,NCBI_ID,238788,Kingdom=chromista,(absent from chain),1,global_uvp5,expected above family: the two registers use different higher classifications
80ff4d9f683b,INFO,ncbi,ncbi_higher_rank_divergence,coelodendrum,NCBI_ID,238788,Order=phaeodendrida,(absent from chain),1,global_uvp5,expected above family: the two registers use different higher classifications
035863ab4014,INFO,ncbi,ncbi_higher_rank_divergence,collotheca,NCBI_ID,360644,Kingdom=animalia,(absent from chain),1,frepj,expected above family: the two registers use different higher classifications
182c82a9477a,INFO,ncbi,ncbi_higher_rank_divergence,collotheca,NCBI_ID,360644,Order=collothecacea,(absent from chain),1,frepj,expected above family: the two registers use different higher classifications
b055ad04f01a,INFO,ncbi,ncbi_higher_rank_divergence,collozoum,NCBI_ID,65591,Kingdom=chromista,(absent from chain),1,planktoscope,expected above family: the two registers use different higher classifications
8e4acce8b4ae,INFO,ncbi,ncbi_higher_rank_divergence,collozoum,NCBI_ID,65591,Phylum=radiozoa,(absent from chain),1,planktoscope,expected above family: the two registers use different higher classifications
60bd770d154b,INFO,ncbi,ncbi_higher_rank_divergence,collozoum,NCBI_ID,65591,Class=polycystina,(absent from chain),1,planktoscope,expected above family: the two registers use different higher classifications
e98b0be953cc,INFO,ncbi,ncbi_higher_rank_divergence,collozoum,NCBI_ID,65591,Order=nassellaria,(absent from chain),1,planktoscope,expected above family: the two registers use different higher classifications
8a61c55f3f46,INFO,ncbi,ncbi_higher_rank_divergence,colurella,NCBI_ID,1926390,Kingdom=animalia,(absent from chain),1,frepj,expected above family: the two registers use different higher classifications
0c1f003a6e26,INFO,ncbi,ncbi_higher_rank_divergence,conochiloides,NCBI_ID,1917124,Kingdom=animalia,(absent from chain),1,frepj,expected above family: the two registers use different higher classifications
2ad0cdb3e623,INFO,ncbi,ncbi_higher_rank_divergence,conochiloides dossuarius,NCBI_ID,1917124,Kingdom=animalia,(absent from chain),1,frepj,expected above family: the two registers use different higher classifications
ed7ce1e563c5,INFO,ncbi,ncbi_higher_rank_divergence,conochilus,NCBI_ID,360647,Kingdom=animalia,(absent from chain),2,frepj;zoolake,expected above family: the two registers use different higher classifications
780df6ab6c60,INFO,ncbi,ncbi_higher_rank_divergence,conochilus unicornis,NCBI_ID,360647,Kingdom=animalia,(absent from chain),1,frepj,expected above family: the two registers use different higher classifications
7e71c3815463,INFO,ncbi,ncbi_higher_rank_divergence,copepoda,NCBI_ID,6830,Kingdom=animalia,(absent from chain),39,flowcamnet;global_uvp5;isiisnet;jedioceans;medplanktonset;planktonset1.0;planktoscope;tara_pacific_bongo;tara_pacific_decknet;tara_pacific_hsn;tara_pacific_manta;uvp6net;zoocamnet;zoolake,expected above family: the two registers use different higher classifications
63e7a0d542b6,INFO,ncbi,ncbi_higher_rank_divergence,copilia,NCBI_ID,545085,Kingdom=animalia,(absent from chain),4,planktonset1.0;tara_pacific_hsn;tara_pacific_manta;zooscan,expected above family: the two registers use different higher classifications
19f68ef5959e,INFO,ncbi,ncbi_higher_rank_divergence,copilia,NCBI_ID,545085,Order=cyclopoida,(absent from chain),4,planktonset1.0;tara_pacific_hsn;tara_pacific_manta;zooscan,expected above family: the two registers use different higher classifications
d3277eeb0855,INFO,ncbi,ncbi_higher_rank_divergence,corethron,NCBI_ID,49242,Kingdom=chromista,(absent from chain),3,planktoscope;tara_pacific_decknet;whoi,expected above family: the two registers use different higher classifications
cbebc9a5782a,INFO,ncbi,ncbi_higher_rank_divergence,corethron,NCBI_ID,49242,Phylum=heterokontophyta,(absent from chain),3,planktoscope;tara_pacific_decknet;whoi,expected above family: the two registers use different higher classifications
f870dd68e0b9,INFO,ncbi,ncbi_higher_rank_divergence,corethron,NCBI_ID,49242,Class=bacillariophyceae,(absent from chain),3,planktoscope;tara_pacific_decknet;whoi,expected above family: the two registers use different higher classifications
ce4493984534,INFO,ncbi,ncbi_higher_rank_divergence,coronatae,NCBI_ID,86058,Kingdom=animalia,(absent from chain),1,global_uvp5,expected above family: the two registers use different higher classifications
33030d2b381b,INFO,ncbi,ncbi_higher_rank_divergence,corycaeidae,NCBI_ID,749182,Kingdom=animalia,(absent from chain),6,planktoscope;tara_pacific_bongo;tara_pacific_hsn;tara_pacific_manta;zoocamnet;zooscan,expected above family: the two registers use different higher classifications
03a6196be34f,INFO,ncbi,ncbi_higher_rank_divergence,corycaeidae,NCBI_ID,749182,Order=cyclopoida,(absent from chain),6,planktoscope;tara_pacific_bongo;tara_pacific_hsn;tara_pacific_manta;zoocamnet;zooscan,expected above family: the two registers use different higher classifications
0e804c7bba2f,INFO,ncbi,ncbi_higher_rank_divergence,corythodinium,NCBI_ID,240356,Kingdom=chromista,(absent from chain),1,planktoscope,expected above family: the two registers use different higher classifications
a7d9c3564e60,INFO,ncbi,ncbi_higher_rank_divergence,corythodinium,NCBI_ID,240356,Phylum=myzozoa,(absent from chain),1,planktoscope,expected above family: the two registers use different higher classifications
79a3af1f28b1,INFO,ncbi,ncbi_higher_rank_divergence,corythodinium constrictum,NCBI_ID,240356,Kingdom=chromista,(absent from chain),2,medplanktonset;planktoscope,expected above family: the two registers use different higher classifications
b0c1ef9ca3cc,INFO,ncbi,ncbi_higher_rank_divergence,corythodinium constrictum,NCBI_ID,240356,Phylum=myzozoa,(absent from chain),2,medplanktonset;planktoscope,expected above family: the two registers use different higher classifications
e8c7c88ad74a,INFO,ncbi,ncbi_higher_rank_divergence,corythodinium milneri,NCBI_ID,240356,Kingdom=chromista,(absent from chain),1,medplanktonset,expected above family: the two registers use different higher classifications
f53738c2b926,INFO,ncbi,ncbi_higher_rank_divergence,corythodinium milneri,NCBI_ID,240356,Phylum=myzozoa,(absent from chain),1,medplanktonset,expected above family: the two registers use different higher classifications
1e24e5561d91,INFO,ncbi,ncbi_higher_rank_divergence,corythodinium tesselatum,NCBI_ID,240356,Kingdom=chromista,(absent from chain),1,planktoscope,expected above family: the two registers use different higher classifications
a0ff72c6f73f,INFO,ncbi,ncbi_higher_rank_divergence,corythodinium tesselatum,NCBI_ID,240356,Phylum=myzozoa,(absent from chain),1,planktoscope,expected above family: the two registers use different higher classifications
79f1a99c57bd,INFO,ncbi,ncbi_higher_rank_divergence,coscinodiscaceae,NCBI_ID,38747,Kingdom=chromista,(absent from chain),1,flowcamnet,expected above family: the two registers use different higher classifications
c395c63f674e,INFO,ncbi,ncbi_higher_rank_divergence,coscinodiscaceae,NCBI_ID,38747,Phylum=heterokontophyta,(absent from chain),1,flowcamnet,expected above family: the two registers use different higher classifications
eea691846527,INFO,ncbi,ncbi_higher_rank_divergence,coscinodiscaceae,NCBI_ID,38747,Class=bacillariophyceae,(absent from chain),1,flowcamnet,expected above family: the two registers use different higher classifications
ab3e6dd42604,INFO,ncbi,ncbi_higher_rank_divergence,coscinodiscus,NCBI_ID,33641,Kingdom=chromista,(absent from chain),3,global_uvp5;whoi;zooscan,expected above family: the two registers use different higher classifications
b154b9aad636,INFO,ncbi,ncbi_higher_rank_divergence,coscinodiscus,NCBI_ID,33641,Phylum=heterokontophyta,(absent from chain),3,global_uvp5;whoi;zooscan,expected above family: the two registers use different higher classifications
85d90d5bb8bc,INFO,ncbi,ncbi_higher_rank_divergence,coscinodiscus,NCBI_ID,33641,Class=bacillariophyceae,(absent from chain),3,global_uvp5;whoi;zooscan,expected above family: the two registers use different higher classifications
8d89bd84b091,INFO,ncbi,ncbi_higher_rank_divergence,creseidae,NCBI_ID,356495,Kingdom=animalia,(absent from chain),1,global_uvp5,expected above family: the two registers use different higher classifications
32fad7184855,INFO,ncbi,ncbi_higher_rank_divergence,creseis acicula,NCBI_ID,356499,Kingdom=animalia,(absent from chain),4,tara_pacific_hsn;tara_pacific_manta;uvp6net;zooscan,expected above family: the two registers use different higher classifications
a4f4b4e15ded,INFO,ncbi,ncbi_higher_rank_divergence,crinoidea,NCBI_ID,35069,Kingdom=animalia,(absent from chain),1,jedioceans,expected above family: the two registers use different higher classifications
2909ac918118,INFO,ncbi,ncbi_higher_rank_divergence,cryptomonadales,NCBI_ID,589350,Kingdom=chromista,(absent from chain),2,daplankton;syke_ifcb_2022,expected above family: the two registers use different higher classifications
b0e19bdd534e,INFO,ncbi,ncbi_higher_rank_divergence,cryptomonadales,NCBI_ID,589350,Phylum=cryptophyta,(absent from chain),2,daplankton;syke_ifcb_2022,expected above family: the two registers use different higher classifications
d5173d7fb247,INFO,ncbi,ncbi_higher_rank_divergence,cryptophyceae,NCBI_ID,3027,Kingdom=chromista,(absent from chain),1,medplanktonset,expected above family: the two registers use different higher classifications
d79a669cb989,INFO,ncbi,ncbi_higher_rank_divergence,cryptophyceae,NCBI_ID,3027,Phylum=cryptophyta,(absent from chain),1,medplanktonset,expected above family: the two registers use different higher classifications
75ece298d12c,INFO,ncbi,ncbi_higher_rank_divergence,ctenocalanus,NCBI_ID,149010,Kingdom=animalia,(absent from chain),1,global_uvp5,expected above family: the two registers use different higher classifications
ea46710fc5b4,INFO,ncbi,ncbi_higher_rank_divergence,ctenophora,NCBI_ID,1003038,Kingdom=chromista,(absent from chain),12,global_uvp5;isiisnet;planktoscope;tara_pacific_hsn;tara_pacific_manta;uvp6net;zoocamnet;zooscan,expected above family: the two registers use different higher classifications
5a0e67372bcf,INFO,ncbi,ncbi_higher_rank_divergence,ctenophora,NCBI_ID,1003038,Phylum=heterokontophyta,(absent from chain),12,global_uvp5;isiisnet;planktoscope;tara_pacific_hsn;tara_pacific_manta;uvp6net;zoocamnet;zooscan,expected above family: the two registers use different higher classifications
d35faa0623f3,INFO,ncbi,ncbi_higher_rank_divergence,ctenophora,NCBI_ID,1003038,Class=bacillariophyceae,(absent from chain),12,global_uvp5;isiisnet;planktoscope;tara_pacific_hsn;tara_pacific_manta;uvp6net;zoocamnet;zooscan,expected above family: the two registers use different higher classifications
1c6ded8c961e,INFO,ncbi,ncbi_higher_rank_divergence,cubozoa,NCBI_ID,6137,Kingdom=animalia,(absent from chain),1,global_uvp5,expected above family: the two registers use different higher classifications
07a10ca0fc21,INFO,ncbi,ncbi_higher_rank_divergence,cumacea,NCBI_ID,27412,Kingdom=animalia,(absent from chain),1,zooscan,expected above family: the two registers use different higher classifications
a8b773af72db,INFO,ncbi,ncbi_higher_rank_divergence,cyanobacteria,NCBI_ID,1117,Phylum=cyanobacteria,(absent from chain),10,daplankton;flowcamnet;planktoscope;syke_ifcb_2022;tara_pacific_bongo;tara_pacific_decknet;tara_pacific_hsn,expected above family: the two registers use different higher classifications
625db147c4c0,INFO,ncbi,ncbi_higher_rank_divergence,cyanophyceae,NCBI_ID,3028117,Phylum=cyanobacteria,(absent from chain),5,flowcamnet;tara_pacific_bongo;tara_pacific_decknet;zoolake,expected above family: the two registers use different higher classifications
8300a087f260,INFO,ncbi,ncbi_higher_rank_divergence,cyclopidae,NCBI_ID,84315,Kingdom=animalia,(absent from chain),1,frepj,expected above family: the two registers use different higher classifications
7e17a12f2ffc,INFO,ncbi,ncbi_higher_rank_divergence,cyclopoida,NCBI_ID,84308,Kingdom=animalia,(absent from chain),4,sykezooscan2024;tara_pacific_bongo;zoocamnet,expected above family: the two registers use different higher classifications
baacabe59d2d,INFO,ncbi,ncbi_higher_rank_divergence,cyclops,NCBI_ID,263416,Kingdom=animalia,(absent from chain),4,frepj;sykezooscan2024;zoolake,expected above family: the two registers use different higher classifications
8c38a5e7dbdf,INFO,ncbi,ncbi_higher_rank_divergence,cyclops kikuchii,NCBI_ID,263416,Kingdom=animalia,(absent from chain),1,frepj,expected above family: the two registers use different higher classifications
14c173f73bc4,INFO,ncbi,ncbi_higher_rank_divergence,cyclops vicinus,NCBI_ID,263416,Kingdom=animalia,(absent from chain),1,frepj,expected above family: the two registers use different higher classifications
d15dfa30504f,INFO,ncbi,ncbi_higher_rank_divergence,cyclotella choctawhatcheeana,NCBI_ID,310905,Kingdom=chromista,(absent from chain),2,daplankton;syke_ifcb_2022,expected above family: the two registers use different higher classifications
2f7979b4535f,INFO,ncbi,ncbi_higher_rank_divergence,cyclotella choctawhatcheeana,NCBI_ID,310905,Phylum=heterokontophyta,(absent from chain),2,daplankton;syke_ifcb_2022,expected above family: the two registers use different higher classifications
655813b16d02,INFO,ncbi,ncbi_higher_rank_divergence,cyclotella choctawhatcheeana,NCBI_ID,310905,Class=bacillariophyceae,(absent from chain),2,daplankton;syke_ifcb_2022,expected above family: the two registers use different higher classifications
2741d9c7e104,INFO,ncbi,ncbi_higher_rank_divergence,cydippida,NCBI_ID,50341,Kingdom=animalia,(absent from chain),2,planktonset1.0,expected above family: the two registers use different higher classifications
f358adf5dfbb,INFO,ncbi,ncbi_higher_rank_divergence,cylindrotheca,NCBI_ID,2852,Kingdom=chromista,(absent from chain),2,tara_pacific_bongo;whoi,expected above family: the two registers use different higher classifications
38a10a6c93a0,INFO,ncbi,ncbi_higher_rank_divergence,cylindrotheca,NCBI_ID,2852,Phylum=heterokontophyta,(absent from chain),2,tara_pacific_bongo;whoi,expected above family: the two registers use different higher classifications
8c7f2263e023,INFO,ncbi,ncbi_higher_rank_divergence,cylindrotheca closterium,NCBI_ID,2856,Kingdom=chromista,(absent from chain),1,medplanktonset,expected above family: the two registers use different higher classifications
2056deccd7b6,INFO,ncbi,ncbi_higher_rank_divergence,cylindrotheca closterium,NCBI_ID,2856,Phylum=heterokontophyta,(absent from chain),1,medplanktonset,expected above family: the two registers use different higher classifications
7fcb9c260f00,INFO,ncbi,ncbi_higher_rank_divergence,cymbomonas tetramitiformis,NCBI_ID,36881,Kingdom=plantae,(absent from chain),1,syke_ifcb_2022,expected above family: the two registers use different higher classifications
3ca73acfb24c,INFO,ncbi,ncbi_higher_rank_divergence,cymbulia peronii,NCBI_ID,3108434,Kingdom=animalia,(absent from chain),1,zooscan,expected above family: the two registers use different higher classifications
2b83c324c5b2,INFO,ncbi,ncbi_higher_rank_divergence,cyttarocylis,NCBI_ID,1176358,Kingdom=chromista,(absent from chain),3,planktoscope;tara_pacific_bongo;tara_pacific_decknet,expected above family: the two registers use different higher classifications
7c9ffa09e33a,INFO,ncbi,ncbi_higher_rank_divergence,cyttarocylis,NCBI_ID,1176358,Class=oligotrichea,(absent from chain),3,planktoscope;tara_pacific_bongo;tara_pacific_decknet,expected above family: the two registers use different higher classifications
cabe52e0bfbe,INFO,ncbi,ncbi_higher_rank_divergence,cyttarocylis,NCBI_ID,1176358,Order=choreotrichida,(absent from chain),3,planktoscope;tara_pacific_bongo;tara_pacific_decknet,expected above family: the two registers use different higher classifications
c433f8468a58,INFO,ncbi,ncbi_higher_rank_divergence,dactyliosolen,NCBI_ID,1118494,Kingdom=chromista,(absent from chain),4,flowcamnet;tara_pacific_bongo;tara_pacific_decknet;whoi,expected above family: the two registers use different higher classifications
fc413f366264,INFO,ncbi,ncbi_higher_rank_divergence,dactyliosolen,NCBI_ID,1118494,Phylum=heterokontophyta,(absent from chain),4,flowcamnet;tara_pacific_bongo;tara_pacific_decknet;whoi,expected above family: the two registers use different higher classifications
f1c5984273f6,INFO,ncbi,ncbi_higher_rank_divergence,dactyliosolen,NCBI_ID,1118494,Class=bacillariophyceae,(absent from chain),4,flowcamnet;tara_pacific_bongo;tara_pacific_decknet;whoi,expected above family: the two registers use different higher classifications
5cc1a6778601,INFO,ncbi,ncbi_higher_rank_divergence,dactyliosolen blavyanus,NCBI_ID,1334934,Kingdom=chromista,(absent from chain),1,medplanktonset,expected above family: the two registers use different higher classifications
d46949dd831f,INFO,ncbi,ncbi_higher_rank_divergence,dactyliosolen blavyanus,NCBI_ID,1334934,Phylum=heterokontophyta,(absent from chain),1,medplanktonset,expected above family: the two registers use different higher classifications
0ed9600d524a,INFO,ncbi,ncbi_higher_rank_divergence,dactyliosolen blavyanus,NCBI_ID,1334934,Class=bacillariophyceae,(absent from chain),1,medplanktonset,expected above family: the two registers use different higher classifications
abad84d007f9,INFO,ncbi,ncbi_higher_rank_divergence,dactyliosolen fragilissimus,NCBI_ID,1118495,Kingdom=chromista,(absent from chain),1,medplanktonset,expected above family: the two registers use different higher classifications
299eb09d21de,INFO,ncbi,ncbi_higher_rank_divergence,dactyliosolen fragilissimus,NCBI_ID,1118495,Phylum=heterokontophyta,(absent from chain),1,medplanktonset,expected above family: the two registers use different higher classifications
b88b359ef973,INFO,ncbi,ncbi_higher_rank_divergence,dactyliosolen fragilissimus,NCBI_ID,1118495,Class=bacillariophyceae,(absent from chain),1,medplanktonset,expected above family: the two registers use different higher classifications
b4223fabb7ff,INFO,ncbi,ncbi_higher_rank_divergence,dadayiella,NCBI_ID,1292460,Kingdom=chromista,(absent from chain),2,planktoscope;tara_pacific_decknet,expected above family: the two registers use different higher classifications
4900d8dae704,INFO,ncbi,ncbi_higher_rank_divergence,dadayiella,NCBI_ID,1292460,Class=oligotrichea,(absent from chain),2,planktoscope;tara_pacific_decknet,expected above family: the two registers use different higher classifications
e053be6be05e,INFO,ncbi,ncbi_higher_rank_divergence,dadayiella,NCBI_ID,1292460,Order=choreotrichida,(absent from chain),2,planktoscope;tara_pacific_decknet,expected above family: the two registers use different higher classifications
eb727538452e,INFO,ncbi,ncbi_higher_rank_divergence,daphnia,NCBI_ID,6668,Kingdom=animalia,(absent from chain),5,frepj;sykezooscan2024;zoolake,expected above family: the two registers use different higher classifications
fa65fd04f7b3,INFO,ncbi,ncbi_higher_rank_divergence,daphnia ambigua,NCBI_ID,6668,Kingdom=animalia,(absent from chain),1,frepj,expected above family: the two registers use different higher classifications
34f43f007e71,INFO,ncbi,ncbi_higher_rank_divergence,daphnia cristata,NCBI_ID,6668,Kingdom=animalia,(absent from chain),1,frepj,expected above family: the two registers use different higher classifications
a3d8a7b31328,INFO,ncbi,ncbi_higher_rank_divergence,daphnia dentifera,NCBI_ID,6668,Kingdom=animalia,(absent from chain),1,frepj,expected above family: the two registers use different higher classifications
b31a4c7ceb9e,INFO,ncbi,ncbi_higher_rank_divergence,daphnia galeata,NCBI_ID,6668,Kingdom=animalia,(absent from chain),1,frepj,expected above family: the two registers use different higher classifications
c681119dc7f5,INFO,ncbi,ncbi_higher_rank_divergence,daphnia longiremis,NCBI_ID,6668,Kingdom=animalia,(absent from chain),1,frepj,expected above family: the two registers use different higher classifications
f9afeaff8122,INFO,ncbi,ncbi_higher_rank_divergence,daphnia mitsukuri,NCBI_ID,6668,Kingdom=animalia,(absent from chain),1,frepj,expected above family: the two registers use different higher classifications
6ec3d9bf15a8,INFO,ncbi,ncbi_higher_rank_divergence,daphnia pulex,NCBI_ID,6668,Kingdom=animalia,(absent from chain),1,frepj,expected above family: the two registers use different higher classifications
075f53acc730,INFO,ncbi,ncbi_higher_rank_divergence,daphnia tanakai,NCBI_ID,6668,Kingdom=animalia,(absent from chain),1,frepj,expected above family: the two registers use different higher classifications
90a409473dd0,INFO,ncbi,ncbi_higher_rank_divergence,decapoda,NCBI_ID,6683,Kingdom=animalia,(absent from chain),13,global_uvp5;jedioceans;planktonset1.0;planktoscope;zoocamnet;zooscan,expected above family: the two registers use different higher classifications
effb13124028,INFO,ncbi,ncbi_higher_rank_divergence,delphineis,NCBI_ID,265589,Kingdom=chromista,(absent from chain),1,whoi,expected above family: the two registers use different higher classifications
e8624b2a6e9d,INFO,ncbi,ncbi_higher_rank_divergence,delphineis,NCBI_ID,265589,Phylum=heterokontophyta,(absent from chain),1,whoi,expected above family: the two registers use different higher classifications
2aae1084596f,INFO,ncbi,ncbi_higher_rank_divergence,delphineis,NCBI_ID,265589,Class=bacillariophyceae,(absent from chain),1,whoi,expected above family: the two registers use different higher classifications
1a9fc2872dea,INFO,ncbi,ncbi_higher_rank_divergence,delphineis,NCBI_ID,265589,Order=rhaponeidales,(absent from chain),1,whoi,expected above family: the two registers use different higher classifications
e052fb49fcf5,INFO,ncbi,ncbi_higher_rank_divergence,diacyclops,NCBI_ID,516365,Kingdom=animalia,(absent from chain),1,frepj,expected above family: the two registers use different higher classifications
50f1ddafc5e1,INFO,ncbi,ncbi_higher_rank_divergence,diacyclops biscuspidatus,NCBI_ID,516365,Kingdom=animalia,(absent from chain),1,frepj,expected above family: the two registers use different higher classifications
59a93fd9b020,INFO,ncbi,ncbi_higher_rank_divergence,diaphanosoma,NCBI_ID,117531,Kingdom=animalia,(absent from chain),3,frepj;zoolake,expected above family: the two registers use different higher classifications
f9d58be1833f,INFO,ncbi,ncbi_higher_rank_divergence,diaphanosoma brachyurum,NCBI_ID,117531,Kingdom=animalia,(absent from chain),1,frepj,expected above family: the two registers use different higher classifications
f380a47eb5f6,INFO,ncbi,ncbi_higher_rank_divergence,diaphanosoma dubium,NCBI_ID,117531,Kingdom=animalia,(absent from chain),1,frepj,expected above family: the two registers use different higher classifications
5f49fb5f6d27,INFO,ncbi,ncbi_higher_rank_divergence,diaphanosoma macrophthalma,NCBI_ID,117531,Kingdom=animalia,(absent from chain),1,frepj,expected above family: the two registers use different higher classifications
f2d05c46b405,INFO,ncbi,ncbi_higher_rank_divergence,diaphanosoma nipponica,NCBI_ID,117531,Kingdom=animalia,(absent from chain),1,frepj,expected above family: the two registers use different higher classifications
0134c567ee17,INFO,ncbi,ncbi_higher_rank_divergence,diaphanosoma orientalis,NCBI_ID,117531,Kingdom=animalia,(absent from chain),1,frepj,expected above family: the two registers use different higher classifications
dcc7891bf223,INFO,ncbi,ncbi_higher_rank_divergence,diatoma,NCBI_ID,2862,Kingdom=chromista,(absent from chain),13,flowcamnet;global_uvp5;tara_pacific_bongo;tara_pacific_decknet;tara_pacific_manta;zoocamnet,expected above family: the two registers use different higher classifications
18a6d6de6529,INFO,ncbi,ncbi_higher_rank_divergence,diatoma,NCBI_ID,2862,Phylum=heterokontophyta,(absent from chain),13,flowcamnet;global_uvp5;tara_pacific_bongo;tara_pacific_decknet;tara_pacific_manta;zoocamnet,expected above family: the two registers use different higher classifications
a6dd9de2b5eb,INFO,ncbi,ncbi_higher_rank_divergence,diatoma,NCBI_ID,2862,Class=bacillariophyceae,(absent from chain),13,flowcamnet;global_uvp5;tara_pacific_bongo;tara_pacific_decknet;tara_pacific_manta;zoocamnet,expected above family: the two registers use different higher classifications
febe6fc41f67,INFO,ncbi,ncbi_higher_rank_divergence,diatoma,NCBI_ID,2862,Order=fragilariales,(absent from chain),13,flowcamnet;global_uvp5;tara_pacific_bongo;tara_pacific_decknet;tara_pacific_manta;zoocamnet,expected above family: the two registers use different higher classifications
dfe1cdd9c03c,INFO,ncbi,ncbi_higher_rank_divergence,diatoma tenuis,NCBI_ID,426639,Kingdom=chromista,(absent from chain),2,daplankton;zoocamnet,expected above family: the two registers use different higher classifications
6ef1aaf4ca49,INFO,ncbi,ncbi_higher_rank_divergence,diatoma tenuis,NCBI_ID,426639,Phylum=heterokontophyta,(absent from chain),2,daplankton;zoocamnet,expected above family: the two registers use different higher classifications
108205542649,INFO,ncbi,ncbi_higher_rank_divergence,diatoma tenuis,NCBI_ID,426639,Class=bacillariophyceae,(absent from chain),2,daplankton;zoocamnet,expected above family: the two registers use different higher classifications
2a077a6ad0e1,INFO,ncbi,ncbi_higher_rank_divergence,diatoma tenuis,NCBI_ID,426639,Order=fragilariales,(absent from chain),2,daplankton;zoocamnet,expected above family: the two registers use different higher classifications
6ed0c90cd8be,INFO,ncbi,ncbi_higher_rank_divergence,dicranophorus,NCBI_ID,360658,Kingdom=animalia,(absent from chain),1,frepj,expected above family: the two registers use different higher classifications
8f9672812c6d,INFO,ncbi,ncbi_higher_rank_divergence,dicranophorus uncinatus,NCBI_ID,360658,Kingdom=animalia,(absent from chain),1,frepj,expected above family: the two registers use different higher classifications
c788a89d357a,INFO,ncbi,ncbi_higher_rank_divergence,dictyocha,NCBI_ID,35686,Kingdom=chromista,(absent from chain),3,planktoscope;tara_pacific_bongo;whoi,expected above family: the two registers use different higher classifications
c4005a05102d,INFO,ncbi,ncbi_higher_rank_divergence,dictyocha fibula,NCBI_ID,214821,Kingdom=chromista,(absent from chain),1,medplanktonset,expected above family: the two registers use different higher classifications
64fffff6788c,INFO,ncbi,ncbi_higher_rank_divergence,dictyocysta,NCBI_ID,513214,Kingdom=chromista,(absent from chain),4,flowcamnet;planktoscope;tara_pacific_bongo;tara_pacific_decknet,expected above family: the two registers use different higher classifications
4f4277e7b13a,INFO,ncbi,ncbi_higher_rank_divergence,dictyocysta,NCBI_ID,513214,Class=oligotrichea,(absent from chain),4,flowcamnet;planktoscope;tara_pacific_bongo;tara_pacific_decknet,expected above family: the two registers use different higher classifications
2380c47cc3a5,INFO,ncbi,ncbi_higher_rank_divergence,dictyocysta,NCBI_ID,513214,Order=choreotrichida,(absent from chain),4,flowcamnet;planktoscope;tara_pacific_bongo;tara_pacific_decknet,expected above family: the two registers use different higher classifications
21d0d291be5c,INFO,ncbi,ncbi_higher_rank_divergence,didinium,NCBI_ID,5996,Kingdom=chromista,(absent from chain),1,whoi,expected above family: the two registers use different higher classifications
66abede2efeb,INFO,ncbi,ncbi_higher_rank_divergence,didinium nasutum,NCBI_ID,5997,Kingdom=chromista,(absent from chain),1,lensless,expected above family: the two registers use different higher classifications
acb6697f4288,INFO,ncbi,ncbi_higher_rank_divergence,dileptus,NCBI_ID,71587,Kingdom=chromista,(absent from chain),1,lensless,expected above family: the two registers use different higher classifications
4c801d4f5054,INFO,ncbi,ncbi_higher_rank_divergence,dinobryon,NCBI_ID,98059,Kingdom=chromista,(absent from chain),3,planktoscope;whoi;zoolake,expected above family: the two registers use different higher classifications
7be35205994d,INFO,ncbi,ncbi_higher_rank_divergence,dinobryon coalescens,NCBI_ID,98059,Kingdom=chromista,(absent from chain),1,medplanktonset,expected above family: the two registers use different higher classifications
b590963902e1,INFO,ncbi,ncbi_higher_rank_divergence,dinophyceae,NCBI_ID,2864,Kingdom=chromista,(absent from chain),15,daplankton;flowcamnet;global_uvp5;jedioceans;medplanktonset;planktoscope;syke_ifcb_2022;tara_pacific_decknet;whoi,expected above family: the two registers use different higher classifications
01f2ab792710,INFO,ncbi,ncbi_higher_rank_divergence,dinophyceae,NCBI_ID,2864,Phylum=myzozoa,(absent from chain),15,daplankton;flowcamnet;global_uvp5;jedioceans;medplanktonset;planktoscope;syke_ifcb_2022;tara_pacific_decknet;whoi,expected above family: the two registers use different higher classifications
2ee9ff648ab7,INFO,ncbi,ncbi_higher_rank_divergence,dinophysaceae,NCBI_ID,47932,Kingdom=chromista,(absent from chain),1,medplanktonset,expected above family: the two registers use different higher classifications
ff88cbba74e1,INFO,ncbi,ncbi_higher_rank_divergence,dinophysaceae,NCBI_ID,47932,Phylum=myzozoa,(absent from chain),1,medplanktonset,expected above family: the two registers use different higher classifications
1e270df29631,INFO,ncbi,ncbi_higher_rank_divergence,dinophysis,NCBI_ID,47933,Kingdom=chromista,(absent from chain),5,flowcamnet;medplanktonset;planktoscope;tara_pacific_decknet;whoi,expected above family: the two registers use different higher classifications
9182a5ab8575,INFO,ncbi,ncbi_higher_rank_divergence,dinophysis,NCBI_ID,47933,Phylum=myzozoa,(absent from chain),5,flowcamnet;medplanktonset;planktoscope;tara_pacific_decknet;whoi,expected above family: the two registers use different higher classifications
45366269e195,INFO,ncbi,ncbi_higher_rank_divergence,dinophysis acuminata,NCBI_ID,47934,Kingdom=chromista,(absent from chain),2,daplankton;syke_ifcb_2022,expected above family: the two registers use different higher classifications
4fb860c8235f,INFO,ncbi,ncbi_higher_rank_divergence,dinophysis acuminata,NCBI_ID,47934,Phylum=myzozoa,(absent from chain),2,daplankton;syke_ifcb_2022,expected above family: the two registers use different higher classifications
10b671fb646c,INFO,ncbi,ncbi_higher_rank_divergence,dinophysis caudata,NCBI_ID,150622,Kingdom=chromista,(absent from chain),2,medplanktonset;planktoscope,expected above family: the two registers use different higher classifications
2d57910628c4,INFO,ncbi,ncbi_higher_rank_divergence,dinophysis caudata,NCBI_ID,150622,Phylum=myzozoa,(absent from chain),2,medplanktonset;planktoscope,expected above family: the two registers use different higher classifications
af7df135eaa6,INFO,ncbi,ncbi_higher_rank_divergence,dinophysis parva,NCBI_ID,47933,Kingdom=chromista,(absent from chain),1,medplanktonset,expected above family: the two registers use different higher classifications
2f485c43fc4a,INFO,ncbi,ncbi_higher_rank_divergence,dinophysis parva,NCBI_ID,47933,Phylum=myzozoa,(absent from chain),1,medplanktonset,expected above family: the two registers use different higher classifications
cf067069f4c9,INFO,ncbi,ncbi_higher_rank_divergence,dinophysis sacculus,NCBI_ID,83649,Kingdom=chromista,(absent from chain),1,medplanktonset,expected above family: the two registers use different higher classifications
d031696375fb,INFO,ncbi,ncbi_higher_rank_divergence,dinophysis sacculus,NCBI_ID,83649,Phylum=myzozoa,(absent from chain),1,medplanktonset,expected above family: the two registers use different higher classifications
bd7712ff5d30,INFO,ncbi,ncbi_higher_rank_divergence,dinophysis tripos,NCBI_ID,146760,Kingdom=chromista,(absent from chain),2,medplanktonset;planktoscope,expected above family: the two registers use different higher classifications
dd8aaefd4556,INFO,ncbi,ncbi_higher_rank_divergence,dinophysis tripos,NCBI_ID,146760,Phylum=myzozoa,(absent from chain),2,medplanktonset;planktoscope,expected above family: the two registers use different higher classifications
09f6dc93af38,INFO,ncbi,ncbi_higher_rank_divergence,diphyidae,NCBI_ID,168754,Kingdom=animalia,(absent from chain),17,tara_pacific_hsn;tara_pacific_manta;zoocamnet;zooscan,expected above family: the two registers use different higher classifications
3a3e72fadf3e,INFO,ncbi,ncbi_higher_rank_divergence,dipleuchlanis propatula,NCBI_ID,2566696,Kingdom=animalia,(absent from chain),1,frepj,expected above family: the two registers use different higher classifications
c515e5787f9a,INFO,ncbi,ncbi_higher_rank_divergence,discosphaera tubifera,NCBI_ID,418941,Kingdom=chromista,(absent from chain),1,medplanktonset,expected above family: the two registers use different higher classifications
57da600bee18,INFO,ncbi,ncbi_higher_rank_divergence,discosphaera tubifera,NCBI_ID,418941,Class=coccolithophyceae,(absent from chain),1,medplanktonset,expected above family: the two registers use different higher classifications
02c23c77a41d,INFO,ncbi,ncbi_higher_rank_divergence,disparalona rostrata,NCBI_ID,1917127,Kingdom=animalia,(absent from chain),1,frepj,expected above family: the two registers use different higher classifications
551c9bb77592,INFO,ncbi,ncbi_higher_rank_divergence,dissotrocha,NCBI_ID,392022,Kingdom=animalia,(absent from chain),1,frepj,expected above family: the two registers use different higher classifications
d3db763183c4,INFO,ncbi,ncbi_higher_rank_divergence,distaplia,NCBI_ID,322838,Kingdom=animalia,(absent from chain),2,global_uvp5,expected above family: the two registers use different higher classifications
ecdd90b14679,INFO,ncbi,ncbi_higher_rank_divergence,ditylum,NCBI_ID,49248,Kingdom=chromista,(absent from chain),7,flowcamnet;planktoscope;tara_pacific_bongo;tara_pacific_decknet;whoi,expected above family: the two registers use different higher classifications
deb839824482,INFO,ncbi,ncbi_higher_rank_divergence,ditylum,NCBI_ID,49248,Phylum=heterokontophyta,(absent from chain),7,flowcamnet;planktoscope;tara_pacific_bongo;tara_pacific_decknet;whoi,expected above family: the two registers use different higher classifications
574f62f51abc,INFO,ncbi,ncbi_higher_rank_divergence,ditylum,NCBI_ID,49248,Class=bacillariophyceae,(absent from chain),7,flowcamnet;planktoscope;tara_pacific_bongo;tara_pacific_decknet;whoi,expected above family: the two registers use different higher classifications
b273f734e72d,INFO,ncbi,ncbi_higher_rank_divergence,dolichospermum,NCBI_ID,748770,Phylum=cyanobacteria,(absent from chain),1,global_uvp5,expected above family: the two registers use different higher classifications
a11981484e8f,INFO,ncbi,ncbi_higher_rank_divergence,doliolida,NCBI_ID,76838,Kingdom=animalia,(absent from chain),9,global_uvp5;isiisnet;planktonset1.0;planktoscope;tara_pacific_hsn;tara_pacific_manta;zoocamnet;zooscan,expected above family: the two registers use different higher classifications
756924dc8b0c,INFO,ncbi,ncbi_higher_rank_divergence,echidnophaga,NCBI_ID,475928,Kingdom=animalia,(absent from chain),1,global_uvp5,expected above family: the two registers use different higher classifications
a5bc8db33dfa,INFO,ncbi,ncbi_higher_rank_divergence,echinodermata,NCBI_ID,7586,Kingdom=animalia,(absent from chain),13,global_uvp5;jedioceans;planktonset1.0;tara_pacific_bongo;tara_pacific_hsn;uvp6net;zoocamnet;zooscan,expected above family: the two registers use different higher classifications
82ae0b84622c,INFO,ncbi,ncbi_higher_rank_divergence,echinoidea,NCBI_ID,7625,Kingdom=animalia,(absent from chain),7,planktonset1.0;planktoscope;tara_pacific_hsn;tara_pacific_manta;zooscan,expected above family: the two registers use different higher classifications
d6604d3e2274,INFO,ncbi,ncbi_higher_rank_divergence,encentrum,NCBI_ID,360660,Kingdom=animalia,(absent from chain),1,frepj,expected above family: the two registers use different higher classifications
044147a0efc6,INFO,ncbi,ncbi_higher_rank_divergence,engraulidae,NCBI_ID,43062,Kingdom=animalia,(absent from chain),2,global_uvp5,expected above family: the two registers use different higher classifications
f50e756603da,INFO,ncbi,ncbi_higher_rank_divergence,enteropneusta,NCBI_ID,10220,Kingdom=animalia,(absent from chain),4,global_uvp5;jedioceans;planktonset1.0,expected above family: the two registers use different higher classifications
321fc7c1078d,INFO,ncbi,ncbi_higher_rank_divergence,entomoneis,NCBI_ID,186042,Kingdom=chromista,(absent from chain),1,planktoscope,expected above family: the two registers use different higher classifications
eb2862ed5c2f,INFO,ncbi,ncbi_higher_rank_divergence,entomoneis,NCBI_ID,186042,Phylum=heterokontophyta,(absent from chain),1,planktoscope,expected above family: the two registers use different higher classifications
bfc5a03be8a7,INFO,ncbi,ncbi_higher_rank_divergence,eodiaptomus japonicus,NCBI_ID,903837,Kingdom=animalia,(absent from chain),1,frepj,expected above family: the two registers use different higher classifications
b82fd1778314,INFO,ncbi,ncbi_higher_rank_divergence,ephemera,NCBI_ID,50582,Kingdom=animalia,(absent from chain),1,whoi,expected above family: the two registers use different higher classifications
eccfbd9d360c,INFO,ncbi,ncbi_higher_rank_divergence,epicancella,NCBI_ID,1236001,Kingdom=chromista,(absent from chain),1,planktoscope,expected above family: the two registers use different higher classifications
61af7ad00cea,INFO,ncbi,ncbi_higher_rank_divergence,epicancella,NCBI_ID,1236001,Class=oligotrichea,(absent from chain),1,planktoscope,expected above family: the two registers use different higher classifications
3d71f599b9ac,INFO,ncbi,ncbi_higher_rank_divergence,epicancella,NCBI_ID,1236001,Order=choreotrichida,(absent from chain),1,planktoscope,expected above family: the two registers use different higher classifications
1c6f4603f3f8,INFO,ncbi,ncbi_higher_rank_divergence,epiphanes,NCBI_ID,338912,Kingdom=animalia,(absent from chain),1,frepj,expected above family: the two registers use different higher classifications
453c71ba23cc,INFO,ncbi,ncbi_higher_rank_divergence,epiplocylis,NCBI_ID,1236002,Kingdom=chromista,(absent from chain),4,flowcamnet;planktoscope;tara_pacific_bongo;tara_pacific_decknet,expected above family: the two registers use different higher classifications
a92529dd5f54,INFO,ncbi,ncbi_higher_rank_divergence,epiplocylis,NCBI_ID,1236002,Class=oligotrichea,(absent from chain),4,flowcamnet;planktoscope;tara_pacific_bongo;tara_pacific_decknet,expected above family: the two registers use different higher classifications
27a97c9e1e27,INFO,ncbi,ncbi_higher_rank_divergence,epiplocylis,NCBI_ID,1236002,Order=choreotrichida,(absent from chain),4,flowcamnet;planktoscope;tara_pacific_bongo;tara_pacific_decknet,expected above family: the two registers use different higher classifications
5301c585c2d6,INFO,ncbi,ncbi_higher_rank_divergence,ergasilus,NCBI_ID,342413,Kingdom=animalia,(absent from chain),2,frepj,expected above family: the two registers use different higher classifications
9c86705bc404,INFO,ncbi,ncbi_higher_rank_divergence,ergasilus,NCBI_ID,342413,Order=cyclopoida,(absent from chain),2,frepj,expected above family: the two registers use different higher classifications
86726817965b,INFO,ncbi,ncbi_higher_rank_divergence,ethmodiscus gazellae,NCBI_ID,938126,Kingdom=chromista,(absent from chain),1,planktoscope,expected above family: the two registers use different higher classifications
5b707fbfc57a,INFO,ncbi,ncbi_higher_rank_divergence,ethmodiscus gazellae,NCBI_ID,938126,Phylum=heterokontophyta,(absent from chain),1,planktoscope,expected above family: the two registers use different higher classifications
a439af01d190,INFO,ncbi,ncbi_higher_rank_divergence,ethmodiscus gazellae,NCBI_ID,938126,Class=bacillariophyceae,(absent from chain),1,planktoscope,expected above family: the two registers use different higher classifications
395da1c7c817,INFO,ncbi,ncbi_higher_rank_divergence,eucalanidae,NCBI_ID,121137,Kingdom=animalia,(absent from chain),4,global_uvp5;tara_pacific_hsn;tara_pacific_manta;zooscan,expected above family: the two registers use different higher classifications
31c626fee8ce,INFO,ncbi,ncbi_higher_rank_divergence,eucalanus,NCBI_ID,121140,Kingdom=animalia,(absent from chain),1,planktonset1.0,expected above family: the two registers use different higher classifications
91b78bc34327,INFO,ncbi,ncbi_higher_rank_divergence,eucampia,NCBI_ID,49251,Kingdom=chromista,(absent from chain),4,planktoscope;tara_pacific_bongo;tara_pacific_decknet;whoi,expected above family: the two registers use different higher classifications
274861d77274,INFO,ncbi,ncbi_higher_rank_divergence,eucampia,NCBI_ID,49251,Phylum=heterokontophyta,(absent from chain),4,planktoscope;tara_pacific_bongo;tara_pacific_decknet;whoi,expected above family: the two registers use different higher classifications
f0a8c692aaff,INFO,ncbi,ncbi_higher_rank_divergence,eucampia,NCBI_ID,49251,Class=bacillariophyceae,(absent from chain),4,planktoscope;tara_pacific_bongo;tara_pacific_decknet;whoi,expected above family: the two registers use different higher classifications
701e7add0dc7,INFO,ncbi,ncbi_higher_rank_divergence,eucampia,NCBI_ID,49251,Order=hemiaulales,(absent from chain),4,planktoscope;tara_pacific_bongo;tara_pacific_decknet;whoi,expected above family: the two registers use different higher classifications
76fef7470890,INFO,ncbi,ncbi_higher_rank_divergence,eucampia cornuta,NCBI_ID,1527828,Kingdom=chromista,(absent from chain),1,medplanktonset,expected above family: the two registers use different higher classifications
f549e322c834,INFO,ncbi,ncbi_higher_rank_divergence,eucampia cornuta,NCBI_ID,1527828,Phylum=heterokontophyta,(absent from chain),1,medplanktonset,expected above family: the two registers use different higher classifications
40965f24de74,INFO,ncbi,ncbi_higher_rank_divergence,eucampia cornuta,NCBI_ID,1527828,Class=bacillariophyceae,(absent from chain),1,medplanktonset,expected above family: the two registers use different higher classifications
b98eed06cff2,INFO,ncbi,ncbi_higher_rank_divergence,eucampia cornuta,NCBI_ID,1527828,Order=hemiaulales,(absent from chain),1,medplanktonset,expected above family: the two registers use different higher classifications
de796ef7be51,INFO,ncbi,ncbi_higher_rank_divergence,euchaeta,NCBI_ID,117960,Kingdom=animalia,(absent from chain),1,zoocamnet,expected above family: the two registers use different higher classifications
a21f255728f7,INFO,ncbi,ncbi_higher_rank_divergence,euchaetidae,NCBI_ID,117959,Kingdom=animalia,(absent from chain),3,tara_pacific_hsn;tara_pacific_manta;zooscan,expected above family: the two registers use different higher classifications
0378714a31ff,INFO,ncbi,ncbi_higher_rank_divergence,euchlanis,NCBI_ID,231619,Kingdom=animalia,(absent from chain),1,frepj,expected above family: the two registers use different higher classifications
cd38cbb2a30a,INFO,ncbi,ncbi_higher_rank_divergence,eucyclops,NCBI_ID,84316,Kingdom=animalia,(absent from chain),1,frepj,expected above family: the two registers use different higher classifications
462da3023bf1,INFO,ncbi,ncbi_higher_rank_divergence,eudiaptomus,NCBI_ID,251516,Kingdom=animalia,(absent from chain),1,zoolake,expected above family: the two registers use different higher classifications
a8f170d06e42,INFO,ncbi,ncbi_higher_rank_divergence,euglena,NCBI_ID,3038,Kingdom=protozoa,(absent from chain),1,whoi,expected above family: the two registers use different higher classifications
aba323d933ec,INFO,ncbi,ncbi_higher_rank_divergence,euglenophyceae,NCBI_ID,2704141,Kingdom=protozoa,(absent from chain),3,daplankton;medplanktonset;syke_ifcb_2022,expected above family: the two registers use different higher classifications
4d80bca99f8d,INFO,ncbi,ncbi_higher_rank_divergence,eukrohnia,NCBI_ID,52636,Kingdom=animalia,(absent from chain),1,global_uvp5,expected above family: the two registers use different higher classifications
8632a700857e,INFO,ncbi,ncbi_higher_rank_divergence,euphausiacea,NCBI_ID,6816,Kingdom=animalia,(absent from chain),7,global_uvp5;planktonset1.0;tara_pacific_hsn;tara_pacific_manta;zooscan,expected above family: the two registers use different higher classifications
0fbafcb0c842,INFO,ncbi,ncbi_higher_rank_divergence,euphysetta,NCBI_ID,332297,Kingdom=chromista,(absent from chain),1,planktoscope,expected above family: the two registers use different higher classifications
87d760c634a0,INFO,ncbi,ncbi_higher_rank_divergence,euplotes,NCBI_ID,5935,Kingdom=chromista,(absent from chain),1,whoi,expected above family: the two registers use different higher classifications
dcf92aa369fd,INFO,ncbi,ncbi_higher_rank_divergence,euplotes eurystomus,NCBI_ID,5941,Kingdom=chromista,(absent from chain),1,lensless,expected above family: the two registers use different higher classifications
506c26b8eaa0,INFO,ncbi,ncbi_higher_rank_divergence,eurydice,NCBI_ID,96839,Kingdom=animalia,(absent from chain),2,tara_pacific_hsn;zooscan,expected above family: the two registers use different higher classifications
90c4c910b498,INFO,ncbi,ncbi_higher_rank_divergence,eurypharynx pelecanoides,NCBI_ID,55117,Kingdom=animalia,(absent from chain),1,global_uvp5,expected above family: the two registers use different higher classifications
51d2569855f0,INFO,ncbi,ncbi_higher_rank_divergence,eurytemora affinis,NCBI_ID,88015,Kingdom=animalia,(absent from chain),1,frepj,expected above family: the two registers use different higher classifications
1dde8760c116,INFO,ncbi,ncbi_higher_rank_divergence,euterpina,NCBI_ID,163465,Kingdom=animalia,(absent from chain),5,planktoscope;tara_pacific_hsn;tara_pacific_manta;zoocamnet;zooscan,expected above family: the two registers use different higher classifications
eb89c7effafa,INFO,ncbi,ncbi_higher_rank_divergence,eutintinnus,NCBI_ID,182089,Kingdom=chromista,(absent from chain),4,flowcamnet;planktoscope;tara_pacific_bongo;tara_pacific_decknet,expected above family: the two registers use different higher classifications
d37bbae73731,INFO,ncbi,ncbi_higher_rank_divergence,eutintinnus,NCBI_ID,182089,Class=oligotrichea,(absent from chain),4,flowcamnet;planktoscope;tara_pacific_bongo;tara_pacific_decknet,expected above family: the two registers use different higher classifications
166376626aa1,INFO,ncbi,ncbi_higher_rank_divergence,eutintinnus,NCBI_ID,182089,Order=choreotrichida,(absent from chain),4,flowcamnet;planktoscope;tara_pacific_bongo;tara_pacific_decknet,expected above family: the two registers use different higher classifications
f5226e5fe117,INFO,ncbi,ncbi_higher_rank_divergence,eutreptiella,NCBI_ID,73024,Kingdom=protozoa,(absent from chain),2,daplankton;syke_ifcb_2022,expected above family: the two registers use different higher classifications
0212c4cafe23,INFO,ncbi,ncbi_higher_rank_divergence,evadne,NCBI_ID,141402,Kingdom=animalia,(absent from chain),6,planktoscope;sykezooscan2024;tara_pacific_hsn;tara_pacific_manta;zoocamnet;zooscan,expected above family: the two registers use different higher classifications
89f6af77734f,INFO,ncbi,ncbi_higher_rank_divergence,favella,NCBI_ID,182086,Kingdom=animalia,(absent from chain),1,planktoscope,expected above family: the two registers use different higher classifications
fa400d72de01,INFO,ncbi,ncbi_higher_rank_divergence,favella,NCBI_ID,182086,Phylum=arthropoda,(absent from chain),1,planktoscope,expected above family: the two registers use different higher classifications
65b6cb88df2b,INFO,ncbi,ncbi_higher_rank_divergence,favella,NCBI_ID,182086,Class=ostracoda,(absent from chain),1,planktoscope,expected above family: the two registers use different higher classifications
faf3409ff841,INFO,ncbi,ncbi_higher_rank_divergence,favella,NCBI_ID,182086,Order=podocopida,(absent from chain),1,planktoscope,expected above family: the two registers use different higher classifications
8f6358863891,INFO,ncbi,ncbi_higher_rank_divergence,filinia longiseta,NCBI_ID,338287,Kingdom=animalia,(absent from chain),1,frepj,expected above family: the two registers use different higher classifications
09d6818f199d,INFO,ncbi,ncbi_higher_rank_divergence,floscularia,NCBI_ID,195508,Kingdom=animalia,(absent from chain),1,frepj,expected above family: the two registers use different higher classifications
9ced0eee6993,INFO,ncbi,ncbi_higher_rank_divergence,flosculariidae,NCBI_ID,104789,Kingdom=animalia,(absent from chain),1,frepj,expected above family: the two registers use different higher classifications
cee01dc81d5a,INFO,ncbi,ncbi_higher_rank_divergence,flota,NCBI_ID,527962,Kingdom=animalia,(absent from chain),2,global_uvp5,expected above family: the two registers use different higher classifications
2ef897c46661,INFO,ncbi,ncbi_higher_rank_divergence,foraminifera,NCBI_ID,29178,Kingdom=chromista,(absent from chain),10,flowcamnet;global_uvp5;jedioceans;planktoscope;tara_pacific_bongo;tara_pacific_decknet;tara_pacific_hsn;tara_pacific_manta;uvp6net,expected above family: the two registers use different higher classifications
941bbee3f2b0,INFO,ncbi,ncbi_higher_rank_divergence,fragilaria,NCBI_ID,33644,Kingdom=chromista,(absent from chain),1,zoolake,expected above family: the two registers use different higher classifications
0d52af285e2f,INFO,ncbi,ncbi_higher_rank_divergence,fragilaria,NCBI_ID,33644,Phylum=heterokontophyta,(absent from chain),1,zoolake,expected above family: the two registers use different higher classifications
2af21d618fcf,INFO,ncbi,ncbi_higher_rank_divergence,fragilaria,NCBI_ID,33644,Class=bacillariophyceae,(absent from chain),1,zoolake,expected above family: the two registers use different higher classifications
b7deeaa7b22a,INFO,ncbi,ncbi_higher_rank_divergence,fragilariaceae,NCBI_ID,33856,Kingdom=chromista,(absent from chain),1,planktoscope,expected above family: the two registers use different higher classifications
0e1124ae580f,INFO,ncbi,ncbi_higher_rank_divergence,fragilariaceae,NCBI_ID,33856,Phylum=heterokontophyta,(absent from chain),1,planktoscope,expected above family: the two registers use different higher classifications
663f7f2ad389,INFO,ncbi,ncbi_higher_rank_divergence,fragilariaceae,NCBI_ID,33856,Class=bacillariophyceae,(absent from chain),1,planktoscope,expected above family: the two registers use different higher classifications
2e20d1aacf30,INFO,ncbi,ncbi_higher_rank_divergence,fragilariopsis,NCBI_ID,186035,Kingdom=chromista,(absent from chain),2,flowcamnet;tara_pacific_decknet,expected above family: the two registers use different higher classifications
e228c7268dde,INFO,ncbi,ncbi_higher_rank_divergence,fragilariopsis,NCBI_ID,186035,Phylum=heterokontophyta,(absent from chain),2,flowcamnet;tara_pacific_decknet,expected above family: the two registers use different higher classifications
b4f24271d383,INFO,ncbi,ncbi_higher_rank_divergence,fritillaria,NCBI_ID,2507559,Kingdom=animalia,(absent from chain),1,global_uvp5,expected above family: the two registers use different higher classifications
b5a1c138188d,INFO,ncbi,ncbi_higher_rank_divergence,fritillariidae,NCBI_ID,2507558,Kingdom=animalia,(absent from chain),4,planktonset1.0;planktoscope;tara_pacific_manta;zooscan,expected above family: the two registers use different higher classifications
ce9465b38018,INFO,ncbi,ncbi_higher_rank_divergence,galatheidae,NCBI_ID,136690,Kingdom=animalia,(absent from chain),3,global_uvp5;tara_pacific_manta;zooscan,expected above family: the two registers use different higher classifications
bbf3d625a954,INFO,ncbi,ncbi_higher_rank_divergence,gastropoda,NCBI_ID,6448,Kingdom=animalia,(absent from chain),5,jedioceans;planktoscope;sykezooscan2024;zoocamnet,expected above family: the two registers use different higher classifications
0ab67ea0d362,INFO,ncbi,ncbi_higher_rank_divergence,gastropus stylifer,NCBI_ID,1917129,Kingdom=animalia,(absent from chain),1,frepj,expected above family: the two registers use different higher classifications
357fee7aaa0c,INFO,ncbi,ncbi_higher_rank_divergence,gephyrocapsa huxleyi,NCBI_ID,38816,Kingdom=chromista,(absent from chain),1,whoi,expected above family: the two registers use different higher classifications
5f185edb9800,INFO,ncbi,ncbi_higher_rank_divergence,gephyrocapsa huxleyi,NCBI_ID,38816,Class=coccolithophyceae,(absent from chain),1,whoi,expected above family: the two registers use different higher classifications
3cb29a13d307,INFO,ncbi,ncbi_higher_rank_divergence,globigerinidae,NCBI_ID,45998,Kingdom=chromista,(absent from chain),1,zooscan,expected above family: the two registers use different higher classifications
b0d613505cae,INFO,ncbi,ncbi_higher_rank_divergence,globigerinidae,NCBI_ID,45998,Class=globothalamea,(absent from chain),1,zooscan,expected above family: the two registers use different higher classifications
223d7f4d6048,INFO,ncbi,ncbi_higher_rank_divergence,gonyaulacales,NCBI_ID,40984,Kingdom=chromista,(absent from chain),2,flowcamnet;tara_pacific_decknet,expected above family: the two registers use different higher classifications
5d918b78ab95,INFO,ncbi,ncbi_higher_rank_divergence,gonyaulacales,NCBI_ID,40984,Phylum=myzozoa,(absent from chain),2,flowcamnet;tara_pacific_decknet,expected above family: the two registers use different higher classifications
92c36cdf0fda,INFO,ncbi,ncbi_higher_rank_divergence,gonyaulax,NCBI_ID,2912,Kingdom=chromista,(absent from chain),2,medplanktonset;whoi,expected above family: the two registers use different higher classifications
65d559019f6e,INFO,ncbi,ncbi_higher_rank_divergence,gonyaulax,NCBI_ID,2912,Phylum=myzozoa,(absent from chain),2,medplanktonset;whoi,expected above family: the two registers use different higher classifications
24a1a10f8a30,INFO,ncbi,ncbi_higher_rank_divergence,gonyaulax polygramma,NCBI_ID,293646,Kingdom=chromista,(absent from chain),1,medplanktonset,expected above family: the two registers use different higher classifications
aea5ef3f55a1,INFO,ncbi,ncbi_higher_rank_divergence,gonyaulax polygramma,NCBI_ID,293646,Phylum=myzozoa,(absent from chain),1,medplanktonset,expected above family: the two registers use different higher classifications
26721ef0d377,INFO,ncbi,ncbi_higher_rank_divergence,gonyaulax verior,NCBI_ID,2723146,Kingdom=chromista,(absent from chain),1,syke_ifcb_2022,expected above family: the two registers use different higher classifications
7c4b3754332f,INFO,ncbi,ncbi_higher_rank_divergence,gonyaulax verior,NCBI_ID,2723146,Phylum=myzozoa,(absent from chain),1,syke_ifcb_2022,expected above family: the two registers use different higher classifications
f874c181a26c,INFO,ncbi,ncbi_higher_rank_divergence,gossleriella,NCBI_ID,216785,Kingdom=chromista,(absent from chain),1,planktoscope,expected above family: the two registers use different higher classifications
aeeb9714b1b3,INFO,ncbi,ncbi_higher_rank_divergence,gossleriella,NCBI_ID,216785,Phylum=heterokontophyta,(absent from chain),1,planktoscope,expected above family: the two registers use different higher classifications
48595440b9ef,INFO,ncbi,ncbi_higher_rank_divergence,gossleriella,NCBI_ID,216785,Class=bacillariophyceae,(absent from chain),1,planktoscope,expected above family: the two registers use different higher classifications
b848e209ef49,INFO,ncbi,ncbi_higher_rank_divergence,grimothea,NCBI_ID,1124587,Kingdom=animalia,(absent from chain),1,global_uvp5,expected above family: the two registers use different higher classifications
797f62fa27e1,INFO,ncbi,ncbi_higher_rank_divergence,guinardia,NCBI_ID,216800,Kingdom=chromista,(absent from chain),3,flowcamnet;tara_pacific_bongo;tara_pacific_decknet,expected above family: the two registers use different higher classifications
2150d21c9c27,INFO,ncbi,ncbi_higher_rank_divergence,guinardia,NCBI_ID,216800,Phylum=heterokontophyta,(absent from chain),3,flowcamnet;tara_pacific_bongo;tara_pacific_decknet,expected above family: the two registers use different higher classifications
a36dfb64c667,INFO,ncbi,ncbi_higher_rank_divergence,guinardia,NCBI_ID,216800,Class=bacillariophyceae,(absent from chain),3,flowcamnet;tara_pacific_bongo;tara_pacific_decknet,expected above family: the two registers use different higher classifications
b05afceaaa7b,INFO,ncbi,ncbi_higher_rank_divergence,guinardia delicatula,NCBI_ID,1244696,Kingdom=chromista,(absent from chain),4,whoi,expected above family: the two registers use different higher classifications
aa3cc4669418,INFO,ncbi,ncbi_higher_rank_divergence,guinardia delicatula,NCBI_ID,1244696,Phylum=heterokontophyta,(absent from chain),4,whoi,expected above family: the two registers use different higher classifications
237f5dcd374b,INFO,ncbi,ncbi_higher_rank_divergence,guinardia delicatula,NCBI_ID,1244696,Class=bacillariophyceae,(absent from chain),4,whoi,expected above family: the two registers use different higher classifications
fc2d8740b547,INFO,ncbi,ncbi_higher_rank_divergence,guinardia flaccida,NCBI_ID,216801,Kingdom=chromista,(absent from chain),3,medplanktonset;planktoscope;whoi,expected above family: the two registers use different higher classifications
7e423ee2f81e,INFO,ncbi,ncbi_higher_rank_divergence,guinardia flaccida,NCBI_ID,216801,Phylum=heterokontophyta,(absent from chain),3,medplanktonset;planktoscope;whoi,expected above family: the two registers use different higher classifications
eead083f20a8,INFO,ncbi,ncbi_higher_rank_divergence,guinardia flaccida,NCBI_ID,216801,Class=bacillariophyceae,(absent from chain),3,medplanktonset;planktoscope;whoi,expected above family: the two registers use different higher classifications
ebcede3d52ed,INFO,ncbi,ncbi_higher_rank_divergence,guinardia striata,NCBI_ID,1514137,Kingdom=chromista,(absent from chain),1,whoi,expected above family: the two registers use different higher classifications
491c71f9c2e5,INFO,ncbi,ncbi_higher_rank_divergence,guinardia striata,NCBI_ID,1514137,Phylum=heterokontophyta,(absent from chain),1,whoi,expected above family: the two registers use different higher classifications
e294d28d3c74,INFO,ncbi,ncbi_higher_rank_divergence,guinardia striata,NCBI_ID,1514137,Class=bacillariophyceae,(absent from chain),1,whoi,expected above family: the two registers use different higher classifications
c008bf791c35,INFO,ncbi,ncbi_higher_rank_divergence,gymnodiniales,NCBI_ID,2953,Kingdom=chromista,(absent from chain),4,daplankton;flowcamnet;syke_ifcb_2022;tara_pacific_decknet,expected above family: the two registers use different higher classifications
8bd2409e511c,INFO,ncbi,ncbi_higher_rank_divergence,gymnodiniales,NCBI_ID,2953,Phylum=myzozoa,(absent from chain),4,daplankton;flowcamnet;syke_ifcb_2022;tara_pacific_decknet,expected above family: the two registers use different higher classifications
3019d04a670f,INFO,ncbi,ncbi_higher_rank_divergence,gymnodinium,NCBI_ID,2955,Kingdom=chromista,(absent from chain),2,daplankton;syke_ifcb_2022,expected above family: the two registers use different higher classifications
637e65f1863e,INFO,ncbi,ncbi_higher_rank_divergence,gymnodinium,NCBI_ID,2955,Phylum=myzozoa,(absent from chain),2,daplankton;syke_ifcb_2022,expected above family: the two registers use different higher classifications
c3c24435e085,INFO,ncbi,ncbi_higher_rank_divergence,gymnodinium corollarium,NCBI_ID,614669,Kingdom=chromista,(absent from chain),1,daplankton,expected above family: the two registers use different higher classifications
aabd32094232,INFO,ncbi,ncbi_higher_rank_divergence,gymnodinium corollarium,NCBI_ID,614669,Phylum=myzozoa,(absent from chain),1,daplankton,expected above family: the two registers use different higher classifications
80b683c18da6,INFO,ncbi,ncbi_higher_rank_divergence,gyrodinium,NCBI_ID,60594,Kingdom=chromista,(absent from chain),3,medplanktonset;planktoscope;whoi,expected above family: the two registers use different higher classifications
90251d21bdac,INFO,ncbi,ncbi_higher_rank_divergence,gyrodinium,NCBI_ID,60594,Phylum=myzozoa,(absent from chain),3,medplanktonset;planktoscope;whoi,expected above family: the two registers use different higher classifications
81b97789de9c,INFO,ncbi,ncbi_higher_rank_divergence,habrotrochidae,NCBI_ID,104784,Kingdom=animalia,(absent from chain),1,frepj,expected above family: the two registers use different higher classifications
c92178e54a2f,INFO,ncbi,ncbi_higher_rank_divergence,halacaridae,NCBI_ID,94797,Kingdom=animalia,(absent from chain),1,jedioceans,expected above family: the two registers use different higher classifications
d12136b5cf1f,INFO,ncbi,ncbi_higher_rank_divergence,halicreas,NCBI_ID,497497,Kingdom=animalia,(absent from chain),1,global_uvp5,expected above family: the two registers use different higher classifications
25e97fa68ca6,INFO,ncbi,ncbi_higher_rank_divergence,halicreas minimum,NCBI_ID,497499,Kingdom=animalia,(absent from chain),1,global_uvp5,expected above family: the two registers use different higher classifications
dcadcb0cf5ad,INFO,ncbi,ncbi_higher_rank_divergence,halicreatidae,NCBI_ID,168740,Kingdom=animalia,(absent from chain),1,global_uvp5,expected above family: the two registers use different higher classifications
deda0859a07e,INFO,ncbi,ncbi_higher_rank_divergence,haliscera,NCBI_ID,168741,Kingdom=animalia,(absent from chain),2,planktonset1.0,expected above family: the two registers use different higher classifications
b2a59fce4265,INFO,ncbi,ncbi_higher_rank_divergence,haloptilus,NCBI_ID,201674,Kingdom=animalia,(absent from chain),2,tara_pacific_manta;zooscan,expected above family: the two registers use different higher classifications
4246c4366c21,INFO,ncbi,ncbi_higher_rank_divergence,halosphaera,NCBI_ID,81842,Kingdom=plantae,(absent from chain),2,planktoscope;zoocamnet,expected above family: the two registers use different higher classifications
1ba62040491e,INFO,ncbi,ncbi_higher_rank_divergence,harpacticoida,NCBI_ID,41212,Kingdom=animalia,(absent from chain),6,global_uvp5;isiisnet;planktoscope;sykezooscan2024;zoocamnet,expected above family: the two registers use different higher classifications
5372e430ec6f,INFO,ncbi,ncbi_higher_rank_divergence,haslea silbo,NCBI_ID,1146997,Kingdom=chromista,(absent from chain),1,medplanktonset,expected above family: the two registers use different higher classifications
002f9253c8ef,INFO,ncbi,ncbi_higher_rank_divergence,haslea silbo,NCBI_ID,1146997,Phylum=heterokontophyta,(absent from chain),1,medplanktonset,expected above family: the two registers use different higher classifications
95fc0502e558,INFO,ncbi,ncbi_higher_rank_divergence,helicotheca tamesis,NCBI_ID,374047,Kingdom=chromista,(absent from chain),2,medplanktonset;planktoscope,expected above family: the two registers use different higher classifications
99de0369d120,INFO,ncbi,ncbi_higher_rank_divergence,helicotheca tamesis,NCBI_ID,374047,Phylum=heterokontophyta,(absent from chain),2,medplanktonset;planktoscope,expected above family: the two registers use different higher classifications
cfd2c74dd3a8,INFO,ncbi,ncbi_higher_rank_divergence,helicotheca tamesis,NCBI_ID,374047,Class=bacillariophyceae,(absent from chain),2,medplanktonset;planktoscope,expected above family: the two registers use different higher classifications
ff72e8605a22,INFO,ncbi,ncbi_higher_rank_divergence,heliodiaptomus kikuchii,NCBI_ID,903842,Kingdom=animalia,(absent from chain),1,frepj,expected above family: the two registers use different higher classifications
8e601a16a926,INFO,ncbi,ncbi_higher_rank_divergence,heliodiaptomus nipponicus,NCBI_ID,903843,Kingdom=animalia,(absent from chain),1,frepj,expected above family: the two registers use different higher classifications
5b263b045381,INFO,ncbi,ncbi_higher_rank_divergence,helix,NCBI_ID,6534,Kingdom=animalia,(absent from chain),1,global_uvp5,expected above family: the two registers use different higher classifications
039210bfccde,INFO,ncbi,ncbi_higher_rank_divergence,helix aspersa,NCBI_ID,6535,Kingdom=animalia,(absent from chain),1,global_uvp5,expected above family: the two registers use different higher classifications
90d5768edb6c,INFO,ncbi,ncbi_higher_rank_divergence,hemiaulus,NCBI_ID,426649,Kingdom=chromista,(absent from chain),6,flowcamnet;medplanktonset;planktoscope;tara_pacific_bongo;tara_pacific_decknet;whoi,expected above family: the two registers use different higher classifications
fd65f6d9e39a,INFO,ncbi,ncbi_higher_rank_divergence,hemiaulus,NCBI_ID,426649,Phylum=heterokontophyta,(absent from chain),6,flowcamnet;medplanktonset;planktoscope;tara_pacific_bongo;tara_pacific_decknet;whoi,expected above family: the two registers use different higher classifications
30c8f5905a84,INFO,ncbi,ncbi_higher_rank_divergence,hemiaulus,NCBI_ID,426649,Class=bacillariophyceae,(absent from chain),6,flowcamnet;medplanktonset;planktoscope;tara_pacific_bongo;tara_pacific_decknet;whoi,expected above family: the two registers use different higher classifications
884f1e0daccc,INFO,ncbi,ncbi_higher_rank_divergence,hemidiscus,NCBI_ID,1954218,Kingdom=chromista,(absent from chain),2,planktoscope;tara_pacific_bongo,expected above family: the two registers use different higher classifications
d4c7b70edb89,INFO,ncbi,ncbi_higher_rank_divergence,hemidiscus,NCBI_ID,1954218,Phylum=heterokontophyta,(absent from chain),2,planktoscope;tara_pacific_bongo,expected above family: the two registers use different higher classifications
c84ce4c5730b,INFO,ncbi,ncbi_higher_rank_divergence,hemidiscus,NCBI_ID,1954218,Class=bacillariophyceae,(absent from chain),2,planktoscope;tara_pacific_bongo,expected above family: the two registers use different higher classifications
898cfb4e86c9,INFO,ncbi,ncbi_higher_rank_divergence,heterocapsa,NCBI_ID,2918,Kingdom=chromista,(absent from chain),1,medplanktonset,expected above family: the two registers use different higher classifications
8ec274188693,INFO,ncbi,ncbi_higher_rank_divergence,heterocapsa,NCBI_ID,2918,Phylum=myzozoa,(absent from chain),1,medplanktonset,expected above family: the two registers use different higher classifications
f60e596cf295,INFO,ncbi,ncbi_higher_rank_divergence,heterocapsa rotundata,NCBI_ID,89963,Kingdom=chromista,(absent from chain),2,daplankton;syke_ifcb_2022,expected above family: the two registers use different higher classifications
35d4964acc08,INFO,ncbi,ncbi_higher_rank_divergence,heterocapsa rotundata,NCBI_ID,89963,Phylum=myzozoa,(absent from chain),2,daplankton;syke_ifcb_2022,expected above family: the two registers use different higher classifications
79440b93d24f,INFO,ncbi,ncbi_higher_rank_divergence,heterocapsa triquetra,NCBI_ID,66468,Kingdom=chromista,(absent from chain),2,daplankton;syke_ifcb_2022,expected above family: the two registers use different higher classifications
0cdb4be08f72,INFO,ncbi,ncbi_higher_rank_divergence,heterocapsa triquetra,NCBI_ID,66468,Phylum=myzozoa,(absent from chain),2,daplankton;syke_ifcb_2022,expected above family: the two registers use different higher classifications
718850fd3d58,INFO,ncbi,ncbi_higher_rank_divergence,heterorhabdidae,NCBI_ID,201610,Kingdom=animalia,(absent from chain),2,tara_pacific_hsn;zooscan,expected above family: the two registers use different higher classifications
da22a327d4c8,INFO,ncbi,ncbi_higher_rank_divergence,hexapoda,NCBI_ID,6960,Kingdom=animalia,(absent from chain),6,global_uvp5;tara_pacific_hsn;tara_pacific_manta;zooscan,expected above family: the two registers use different higher classifications
d659590297c3,INFO,ncbi,ncbi_higher_rank_divergence,hexarthra,NCBI_ID,1611851,Kingdom=animalia,(absent from chain),1,frepj,expected above family: the two registers use different higher classifications
465e263c2394,INFO,ncbi,ncbi_higher_rank_divergence,hippopodiidae,NCBI_ID,168743,Kingdom=animalia,(absent from chain),3,tara_pacific_hsn;tara_pacific_manta;zooscan,expected above family: the two registers use different higher classifications
d46d88d22a57,INFO,ncbi,ncbi_higher_rank_divergence,holopedium gibberum,NCBI_ID,77711,Kingdom=animalia,(absent from chain),1,frepj,expected above family: the two registers use different higher classifications
c4bff2cdcf9d,INFO,ncbi,ncbi_higher_rank_divergence,holothuroidea,NCBI_ID,7705,Kingdom=animalia,(absent from chain),1,planktonset1.0,expected above family: the two registers use different higher classifications
731cb1379fd3,INFO,ncbi,ncbi_higher_rank_divergence,hydra,NCBI_ID,6083,Kingdom=animalia,(absent from chain),1,zoolake,expected above family: the two registers use different higher classifications
29dd9dc5a117,INFO,ncbi,ncbi_higher_rank_divergence,hydrozoa,NCBI_ID,6074,Kingdom=animalia,(absent from chain),21,global_uvp5;jedioceans;planktonset1.0;tara_pacific_hsn;tara_pacific_manta;uvp6net;zoocamnet;zooscan,expected above family: the two registers use different higher classifications
2818569400b0,INFO,ncbi,ncbi_higher_rank_divergence,isias,NCBI_ID,1345090,Kingdom=animalia,(absent from chain),1,zoocamnet,expected above family: the two registers use different higher classifications
b777395461bd,INFO,ncbi,ncbi_higher_rank_divergence,isthmia,NCBI_ID,1003063,Kingdom=chromista,(absent from chain),1,planktoscope,expected above family: the two registers use different higher classifications
263c3c013f20,INFO,ncbi,ncbi_higher_rank_divergence,isthmia,NCBI_ID,1003063,Phylum=heterokontophyta,(absent from chain),1,planktoscope,expected above family: the two registers use different higher classifications
270c3128b6da,INFO,ncbi,ncbi_higher_rank_divergence,isthmia,NCBI_ID,1003063,Class=bacillariophyceae,(absent from chain),1,planktoscope,expected above family: the two registers use different higher classifications
8f9eb90aa30e,INFO,ncbi,ncbi_higher_rank_divergence,isthmia,NCBI_ID,1003063,Order=biddulphiales,(absent from chain),1,planktoscope,expected above family: the two registers use different higher classifications
39b8d5e033ca,INFO,ncbi,ncbi_higher_rank_divergence,kapelodinium vestifici,NCBI_ID,1890389,Kingdom=chromista,(absent from chain),1,medplanktonset,expected above family: the two registers use different higher classifications
5eaba1d46b64,INFO,ncbi,ncbi_higher_rank_divergence,kapelodinium vestifici,NCBI_ID,1890389,Phylum=myzozoa,(absent from chain),1,medplanktonset,expected above family: the two registers use different higher classifications
048b7d978e67,INFO,ncbi,ncbi_higher_rank_divergence,karenia,NCBI_ID,1052865,Kingdom=chromista,(absent from chain),2,medplanktonset;whoi,expected above family: the two registers use different higher classifications
5c298bd83ce6,INFO,ncbi,ncbi_higher_rank_divergence,karenia,NCBI_ID,1052865,Phylum=myzozoa,(absent from chain),2,medplanktonset;whoi,expected above family: the two registers use different higher classifications
1afedf8c49ae,INFO,ncbi,ncbi_higher_rank_divergence,karenia,NCBI_ID,1052865,Class=dinophyceae,(absent from chain),2,medplanktonset;whoi,expected above family: the two registers use different higher classifications
3f1b5b387aff,INFO,ncbi,ncbi_higher_rank_divergence,karenia,NCBI_ID,1052865,Order=gymnodiniales,(absent from chain),2,medplanktonset;whoi,expected above family: the two registers use different higher classifications
3ce7b0d79a29,INFO,ncbi,ncbi_higher_rank_divergence,karenia papilionacea,NCBI_ID,262427,Kingdom=chromista,(absent from chain),1,medplanktonset,expected above family: the two registers use different higher classifications
55c0b55ea6f7,INFO,ncbi,ncbi_higher_rank_divergence,karenia papilionacea,NCBI_ID,262427,Phylum=myzozoa,(absent from chain),1,medplanktonset,expected above family: the two registers use different higher classifications
da210012bfa1,INFO,ncbi,ncbi_higher_rank_divergence,katablepharis remigera,NCBI_ID,324623,Kingdom=chromista,(absent from chain),2,daplankton;syke_ifcb_2022,expected above family: the two registers use different higher classifications
28eadc036b74,INFO,ncbi,ncbi_higher_rank_divergence,katablepharis remigera,NCBI_ID,324623,Phylum=cryptophyta,(absent from chain),2,daplankton;syke_ifcb_2022,expected above family: the two registers use different higher classifications
81dbd27fc926,INFO,ncbi,ncbi_higher_rank_divergence,katablepharis remigera,NCBI_ID,324623,Class=cryptophyta,(absent from chain),2,daplankton;syke_ifcb_2022,expected above family: the two registers use different higher classifications
4ebbcd668d42,INFO,ncbi,ncbi_higher_rank_divergence,katagnymene spiralis,NCBI_ID,164816,Phylum=cyanobacteria,(absent from chain),1,flowcamnet,expected above family: the two registers use different higher classifications
3a7f7deee60e,INFO,ncbi,ncbi_higher_rank_divergence,kellicottia,NCBI_ID,1213226,Kingdom=animalia,(absent from chain),1,zoolake,expected above family: the two registers use different higher classifications
49327829f904,INFO,ncbi,ncbi_higher_rank_divergence,kellicottia bostoniensis,NCBI_ID,1213226,Kingdom=animalia,(absent from chain),1,frepj,expected above family: the two registers use different higher classifications
8d1c367810a9,INFO,ncbi,ncbi_higher_rank_divergence,kellicottia longispina,NCBI_ID,1213226,Kingdom=animalia,(absent from chain),1,frepj,expected above family: the two registers use different higher classifications
b666a42c2edd,INFO,ncbi,ncbi_higher_rank_divergence,keratella,NCBI_ID,204737,Kingdom=animalia,(absent from chain),1,frepj,expected above family: the two registers use different higher classifications
4e9d1a7a7d8d,INFO,ncbi,ncbi_higher_rank_divergence,keratella cochlearis,NCBI_ID,204738,Kingdom=animalia,(absent from chain),2,frepj;zoolake,expected above family: the two registers use different higher classifications
f4911884e967,INFO,ncbi,ncbi_higher_rank_divergence,keratella quadrata,NCBI_ID,204742,Kingdom=animalia,(absent from chain),2,frepj;zoolake,expected above family: the two registers use different higher classifications
be1f6db35345,INFO,ncbi,ncbi_higher_rank_divergence,kryptoperidinium foliaceum,NCBI_ID,160619,Kingdom=chromista,(absent from chain),1,daplankton,expected above family: the two registers use different higher classifications
93c62580a15e,INFO,ncbi,ncbi_higher_rank_divergence,kryptoperidinium foliaceum,NCBI_ID,160619,Phylum=myzozoa,(absent from chain),1,daplankton,expected above family: the two registers use different higher classifications
39d6426875e4,INFO,ncbi,ncbi_higher_rank_divergence,kryptoperidinium triquetrum,NCBI_ID,66468,Kingdom=chromista,(absent from chain),1,whoi,expected above family: the two registers use different higher classifications
a3fcff503b71,INFO,ncbi,ncbi_higher_rank_divergence,kryptoperidinium triquetrum,NCBI_ID,66468,Phylum=myzozoa,(absent from chain),1,whoi,expected above family: the two registers use different higher classifications
afb298a13efc,INFO,ncbi,ncbi_higher_rank_divergence,laboea strobila,NCBI_ID,181653,Kingdom=chromista,(absent from chain),1,whoi,expected above family: the two registers use different higher classifications
6bbbe642fc3b,INFO,ncbi,ncbi_higher_rank_divergence,laboea strobila,NCBI_ID,181653,Class=oligotrichea,(absent from chain),1,whoi,expected above family: the two registers use different higher classifications
d159cd5e1ea8,INFO,ncbi,ncbi_higher_rank_divergence,laboea strobila,NCBI_ID,181653,Order=oligotrichida,(absent from chain),1,whoi,expected above family: the two registers use different higher classifications
75393b2cf3c0,INFO,ncbi,ncbi_higher_rank_divergence,lacinularia flosculosa,NCBI_ID,1611854,Kingdom=animalia,(absent from chain),1,frepj,expected above family: the two registers use different higher classifications
18ba2f2d75bb,INFO,ncbi,ncbi_higher_rank_divergence,lauderia,NCBI_ID,49254,Kingdom=chromista,(absent from chain),2,planktoscope;whoi,expected above family: the two registers use different higher classifications
07bdda2580a5,INFO,ncbi,ncbi_higher_rank_divergence,lauderia,NCBI_ID,49254,Phylum=heterokontophyta,(absent from chain),2,planktoscope;whoi,expected above family: the two registers use different higher classifications
f0079d49dea0,INFO,ncbi,ncbi_higher_rank_divergence,lauderia,NCBI_ID,49254,Class=bacillariophyceae,(absent from chain),2,planktoscope;whoi,expected above family: the two registers use different higher classifications
1336db4c88e3,INFO,ncbi,ncbi_higher_rank_divergence,lauderia annulata,NCBI_ID,382366,Kingdom=chromista,(absent from chain),1,medplanktonset,expected above family: the two registers use different higher classifications
40ca00f2466f,INFO,ncbi,ncbi_higher_rank_divergence,lauderia annulata,NCBI_ID,382366,Phylum=heterokontophyta,(absent from chain),1,medplanktonset,expected above family: the two registers use different higher classifications
72dbd3e4ff77,INFO,ncbi,ncbi_higher_rank_divergence,lauderia annulata,NCBI_ID,382366,Class=bacillariophyceae,(absent from chain),1,medplanktonset,expected above family: the two registers use different higher classifications
574e5c8088eb,INFO,ncbi,ncbi_higher_rank_divergence,lecane,NCBI_ID,96445,Kingdom=animalia,(absent from chain),1,frepj,expected above family: the two registers use different higher classifications
8e6884e51fe3,INFO,ncbi,ncbi_higher_rank_divergence,lecane curvicornis,NCBI_ID,1213206,Kingdom=animalia,(absent from chain),1,frepj,expected above family: the two registers use different higher classifications
a6dbaaf56723,INFO,ncbi,ncbi_higher_rank_divergence,lecane hastata,NCBI_ID,1213209,Kingdom=animalia,(absent from chain),1,frepj,expected above family: the two registers use different higher classifications
27cc6353b6ee,INFO,ncbi,ncbi_higher_rank_divergence,lecane leontina,NCBI_ID,360664,Kingdom=animalia,(absent from chain),1,frepj,expected above family: the two registers use different higher classifications
2a115a21beba,INFO,ncbi,ncbi_higher_rank_divergence,lecane luna,NCBI_ID,491807,Kingdom=animalia,(absent from chain),1,frepj,expected above family: the two registers use different higher classifications
d4c7c484ca3f,INFO,ncbi,ncbi_higher_rank_divergence,lecane nana,NCBI_ID,2803826,Kingdom=animalia,(absent from chain),1,frepj,expected above family: the two registers use different higher classifications
d845d4ac4366,INFO,ncbi,ncbi_higher_rank_divergence,lecane papuana,NCBI_ID,1213213,Kingdom=animalia,(absent from chain),1,frepj,expected above family: the two registers use different higher classifications
b22b0b08590b,INFO,ncbi,ncbi_higher_rank_divergence,lecane ungulata,NCBI_ID,1611840,Kingdom=animalia,(absent from chain),1,frepj,expected above family: the two registers use different higher classifications
ee532b742612,INFO,ncbi,ncbi_higher_rank_divergence,lecanidae,NCBI_ID,96444,Kingdom=animalia,(absent from chain),1,frepj,expected above family: the two registers use different higher classifications
6f223525c888,INFO,ncbi,ncbi_higher_rank_divergence,leegaardiella ovalis,NCBI_ID,1925000,Kingdom=chromista,(absent from chain),1,whoi,expected above family: the two registers use different higher classifications
8c65d4827932,INFO,ncbi,ncbi_higher_rank_divergence,leegaardiella ovalis,NCBI_ID,1925000,Class=oligotrichea,(absent from chain),1,whoi,expected above family: the two registers use different higher classifications
b143fb13aeb8,INFO,ncbi,ncbi_higher_rank_divergence,lepadella,NCBI_ID,231621,Kingdom=animalia,(absent from chain),1,frepj,expected above family: the two registers use different higher classifications
8cfae95ce83d,INFO,ncbi,ncbi_higher_rank_divergence,lepadella ovalis,NCBI_ID,1213217,Kingdom=animalia,(absent from chain),1,frepj,expected above family: the two registers use different higher classifications
9b1ce9e30faa,INFO,ncbi,ncbi_higher_rank_divergence,lepadella patella,NCBI_ID,231622,Kingdom=animalia,(absent from chain),1,frepj,expected above family: the two registers use different higher classifications
57a40369b49e,INFO,ncbi,ncbi_higher_rank_divergence,leprotintinnus,NCBI_ID,1050069,Kingdom=chromista,(absent from chain),1,planktoscope,expected above family: the two registers use different higher classifications
4b7b3762f0af,INFO,ncbi,ncbi_higher_rank_divergence,leprotintinnus,NCBI_ID,1050069,Class=oligotrichea,(absent from chain),1,planktoscope,expected above family: the two registers use different higher classifications
9c90747b93d3,INFO,ncbi,ncbi_higher_rank_divergence,leprotintinnus,NCBI_ID,1050069,Order=choreotrichida,(absent from chain),1,planktoscope,expected above family: the two registers use different higher classifications
ee8f53f6be8b,INFO,ncbi,ncbi_higher_rank_divergence,leptocephalus,NCBI_ID,556253,Kingdom=animalia,(absent from chain),1,planktonset1.0,expected above family: the two registers use different higher classifications
482b94875680,INFO,ncbi,ncbi_higher_rank_divergence,leptocylindrus,NCBI_ID,163515,Kingdom=chromista,(absent from chain),3,medplanktonset;planktoscope;whoi,expected above family: the two registers use different higher classifications
fd189c55a97e,INFO,ncbi,ncbi_higher_rank_divergence,leptocylindrus,NCBI_ID,163515,Phylum=heterokontophyta,(absent from chain),3,medplanktonset;planktoscope;whoi,expected above family: the two registers use different higher classifications
91820360870e,INFO,ncbi,ncbi_higher_rank_divergence,leptocylindrus,NCBI_ID,163515,Class=bacillariophyceae,(absent from chain),3,medplanktonset;planktoscope;whoi,expected above family: the two registers use different higher classifications
082ced863d26,INFO,ncbi,ncbi_higher_rank_divergence,leptocylindrus mediterraneus,NCBI_ID,1785165,Kingdom=chromista,(absent from chain),2,planktoscope;whoi,expected above family: the two registers use different higher classifications
969306e7a6a6,INFO,ncbi,ncbi_higher_rank_divergence,leptocylindrus mediterraneus,NCBI_ID,1785165,Phylum=heterokontophyta,(absent from chain),2,planktoscope;whoi,expected above family: the two registers use different higher classifications
8dc3afaefe9d,INFO,ncbi,ncbi_higher_rank_divergence,leptocylindrus mediterraneus,NCBI_ID,1785165,Class=bacillariophyceae,(absent from chain),2,planktoscope;whoi,expected above family: the two registers use different higher classifications
ed5e0b305a27,INFO,ncbi,ncbi_higher_rank_divergence,leptocylindrus mediterraneus,NCBI_ID,1785165,Order=leptocylindrales,(absent from chain),2,planktoscope;whoi,expected above family: the two registers use different higher classifications
fa78b1ed2411,INFO,ncbi,ncbi_higher_rank_divergence,leptodora,NCBI_ID,77706,Kingdom=animalia,(absent from chain),1,zoolake,expected above family: the two registers use different higher classifications
bdc172433821,INFO,ncbi,ncbi_higher_rank_divergence,leptodora kindtii,NCBI_ID,77706,Kingdom=animalia,(absent from chain),1,frepj,expected above family: the two registers use different higher classifications
712fc78ed0ab,INFO,ncbi,ncbi_higher_rank_divergence,leptothecata,NCBI_ID,500008,Kingdom=animalia,(absent from chain),3,global_uvp5;tara_pacific_hsn;tara_pacific_manta,expected above family: the two registers use different higher classifications
13427e32b992,INFO,ncbi,ncbi_higher_rank_divergence,leydigia cliata,NCBI_ID,527154,Kingdom=animalia,(absent from chain),1,frepj,expected above family: the two registers use different higher classifications
0838b4ec5868,INFO,ncbi,ncbi_higher_rank_divergence,licmophora,NCBI_ID,210597,Kingdom=chromista,(absent from chain),5,medplanktonset;planktoscope;syke_ifcb_2022;tara_pacific_bongo;whoi,expected above family: the two registers use different higher classifications
9b932a112921,INFO,ncbi,ncbi_higher_rank_divergence,licmophora,NCBI_ID,210597,Phylum=heterokontophyta,(absent from chain),5,medplanktonset;planktoscope;syke_ifcb_2022;tara_pacific_bongo;whoi,expected above family: the two registers use different higher classifications
ab182ddec9ee,INFO,ncbi,ncbi_higher_rank_divergence,licmophora,NCBI_ID,210597,Class=bacillariophyceae,(absent from chain),5,medplanktonset;planktoscope;syke_ifcb_2022;tara_pacific_bongo;whoi,expected above family: the two registers use different higher classifications
00433d9f87a8,INFO,ncbi,ncbi_higher_rank_divergence,limacina,NCBI_ID,220646,Kingdom=animalia,(absent from chain),1,global_uvp5,expected above family: the two registers use different higher classifications
269f78a4a15f,INFO,ncbi,ncbi_higher_rank_divergence,limacina helicina,NCBI_ID,220647,Kingdom=animalia,(absent from chain),1,global_uvp5,expected above family: the two registers use different higher classifications
07b163f8ac9a,INFO,ncbi,ncbi_higher_rank_divergence,limacinidae,NCBI_ID,220645,Kingdom=animalia,(absent from chain),6,global_uvp5;tara_pacific_hsn;tara_pacific_manta;zoocamnet;zooscan,expected above family: the two registers use different higher classifications
8ef87624d46b,INFO,ncbi,ncbi_higher_rank_divergence,lioloma,NCBI_ID,3093593,Kingdom=chromista,(absent from chain),1,planktoscope,expected above family: the two registers use different higher classifications
c29dbb8c18c4,INFO,ncbi,ncbi_higher_rank_divergence,lioloma,NCBI_ID,3093593,Phylum=heterokontophyta,(absent from chain),1,planktoscope,expected above family: the two registers use different higher classifications
6f5b4a3a378a,INFO,ncbi,ncbi_higher_rank_divergence,lioloma,NCBI_ID,3093593,Class=bacillariophyceae,(absent from chain),1,planktoscope,expected above family: the two registers use different higher classifications
b80a0bcbe3f0,INFO,ncbi,ncbi_higher_rank_divergence,lioloma pacificum,NCBI_ID,3471099,Kingdom=chromista,(absent from chain),1,medplanktonset,expected above family: the two registers use different higher classifications
879f137b59e1,INFO,ncbi,ncbi_higher_rank_divergence,lioloma pacificum,NCBI_ID,3471099,Phylum=heterokontophyta,(absent from chain),1,medplanktonset,expected above family: the two registers use different higher classifications
1affde0894b5,INFO,ncbi,ncbi_higher_rank_divergence,lioloma pacificum,NCBI_ID,3471099,Class=bacillariophyceae,(absent from chain),1,medplanktonset,expected above family: the two registers use different higher classifications
ec231d79eaab,INFO,ncbi,ncbi_higher_rank_divergence,liriope,NCBI_ID,37523,Kingdom=animalia,(absent from chain),2,planktonset1.0;zooscan,expected above family: the two registers use different higher classifications
5c0898631a27,INFO,ncbi,ncbi_higher_rank_divergence,lithodesmium,NCBI_ID,59811,Kingdom=chromista,(absent from chain),1,planktoscope,expected above family: the two registers use different higher classifications
8042d7f0fae5,INFO,ncbi,ncbi_higher_rank_divergence,lithodesmium,NCBI_ID,59811,Phylum=heterokontophyta,(absent from chain),1,planktoscope,expected above family: the two registers use different higher classifications
d9ad3ed188f1,INFO,ncbi,ncbi_higher_rank_divergence,lithodesmium,NCBI_ID,59811,Class=bacillariophyceae,(absent from chain),1,planktoscope,expected above family: the two registers use different higher classifications
14b9eb1a79fc,INFO,ncbi,ncbi_higher_rank_divergence,lithodesmium variabile,NCBI_ID,1514138,Kingdom=chromista,(absent from chain),1,medplanktonset,expected above family: the two registers use different higher classifications
83e826f31724,INFO,ncbi,ncbi_higher_rank_divergence,lithodesmium variabile,NCBI_ID,1514138,Phylum=heterokontophyta,(absent from chain),1,medplanktonset,expected above family: the two registers use different higher classifications
611247c327b4,INFO,ncbi,ncbi_higher_rank_divergence,lithodesmium variabile,NCBI_ID,1514138,Class=bacillariophyceae,(absent from chain),1,medplanktonset,expected above family: the two registers use different higher classifications
0d7c31e52394,INFO,ncbi,ncbi_higher_rank_divergence,littorinimorpha,NCBI_ID,216294,Kingdom=animalia,(absent from chain),2,global_uvp5;planktonset1.0,expected above family: the two registers use different higher classifications
24246f817ab5,INFO,ncbi,ncbi_higher_rank_divergence,lobata,NCBI_ID,27921,Kingdom=animalia,(absent from chain),2,global_uvp5;planktonset1.0,expected above family: the two registers use different higher classifications
e61dd7aae8ac,INFO,ncbi,ncbi_higher_rank_divergence,luciferidae,NCBI_ID,111523,Kingdom=animalia,(absent from chain),2,global_uvp5;zooscan,expected above family: the two registers use different higher classifications
36546a6a7272,INFO,ncbi,ncbi_higher_rank_divergence,luidiidae,NCBI_ID,60582,Kingdom=animalia,(absent from chain),1,zoocamnet,expected above family: the two registers use different higher classifications
c2a7a8b822d1,INFO,ncbi,ncbi_higher_rank_divergence,macrocyclops,NCBI_ID,281257,Kingdom=animalia,(absent from chain),1,frepj,expected above family: the two registers use different higher classifications
919211740837,INFO,ncbi,ncbi_higher_rank_divergence,macrothrix,NCBI_ID,362306,Kingdom=animalia,(absent from chain),1,frepj,expected above family: the two registers use different higher classifications
fed4930e0bd1,INFO,ncbi,ncbi_higher_rank_divergence,malacostraca,NCBI_ID,6681,Kingdom=animalia,(absent from chain),7,global_uvp5;isiisnet;tara_pacific_hsn;tara_pacific_manta;uvp6net;zoocamnet;zooscan,expected above family: the two registers use different higher classifications
7c5acf494826,INFO,ncbi,ncbi_higher_rank_divergence,mastogloia,NCBI_ID,1003320,Kingdom=chromista,(absent from chain),1,planktoscope,expected above family: the two registers use different higher classifications
8c250d42d82a,INFO,ncbi,ncbi_higher_rank_divergence,mastogloia,NCBI_ID,1003320,Phylum=heterokontophyta,(absent from chain),1,planktoscope,expected above family: the two registers use different higher classifications
7f163414c574,INFO,ncbi,ncbi_higher_rank_divergence,mediopyxis,NCBI_ID,327390,Kingdom=chromista,(absent from chain),1,planktoscope,expected above family: the two registers use different higher classifications
85941964d576,INFO,ncbi,ncbi_higher_rank_divergence,mediopyxis,NCBI_ID,327390,Phylum=heterokontophyta,(absent from chain),1,planktoscope,expected above family: the two registers use different higher classifications
ca00c8df4c01,INFO,ncbi,ncbi_higher_rank_divergence,mediopyxis,NCBI_ID,327390,Class=bacillariophyceae,(absent from chain),1,planktoscope,expected above family: the two registers use different higher classifications
052a9ee4ed30,INFO,ncbi,ncbi_higher_rank_divergence,medusettidae,NCBI_ID,332297,Kingdom=chromista,(absent from chain),1,global_uvp5,expected above family: the two registers use different higher classifications
f486ac3e76f0,INFO,ncbi,ncbi_higher_rank_divergence,megacyclops viridis,NCBI_ID,938113,Kingdom=animalia,(absent from chain),1,frepj,expected above family: the two registers use different higher classifications
94db498c32f0,INFO,ncbi,ncbi_higher_rank_divergence,melosira,NCBI_ID,35124,Kingdom=chromista,(absent from chain),1,global_uvp5,expected above family: the two registers use different higher classifications
d4714890c059,INFO,ncbi,ncbi_higher_rank_divergence,melosira,NCBI_ID,35124,Phylum=heterokontophyta,(absent from chain),1,global_uvp5,expected above family: the two registers use different higher classifications
9651aac6e71a,INFO,ncbi,ncbi_higher_rank_divergence,melosira,NCBI_ID,35124,Class=bacillariophyceae,(absent from chain),1,global_uvp5,expected above family: the two registers use different higher classifications
0ddfd0c11daa,INFO,ncbi,ncbi_higher_rank_divergence,melosira arctica,NCBI_ID,1453603,Kingdom=chromista,(absent from chain),2,daplankton;syke_ifcb_2022,expected above family: the two registers use different higher classifications
0391490b90d5,INFO,ncbi,ncbi_higher_rank_divergence,melosira arctica,NCBI_ID,1453603,Phylum=heterokontophyta,(absent from chain),2,daplankton;syke_ifcb_2022,expected above family: the two registers use different higher classifications
ce8d85feab67,INFO,ncbi,ncbi_higher_rank_divergence,melosira arctica,NCBI_ID,1453603,Class=bacillariophyceae,(absent from chain),2,daplankton;syke_ifcb_2022,expected above family: the two registers use different higher classifications
6efd8ff57a00,INFO,ncbi,ncbi_higher_rank_divergence,melosiraceae,NCBI_ID,35123,Kingdom=chromista,(absent from chain),1,flowcamnet,expected above family: the two registers use different higher classifications
38de92ad4892,INFO,ncbi,ncbi_higher_rank_divergence,melosiraceae,NCBI_ID,35123,Phylum=heterokontophyta,(absent from chain),1,flowcamnet,expected above family: the two registers use different higher classifications
8f98e6476458,INFO,ncbi,ncbi_higher_rank_divergence,melosiraceae,NCBI_ID,35123,Class=bacillariophyceae,(absent from chain),1,flowcamnet,expected above family: the two registers use different higher classifications
c79cefbc83d7,INFO,ncbi,ncbi_higher_rank_divergence,meringosphaera mediterranea,NCBI_ID,2837474,Kingdom=chromista,(absent from chain),1,medplanktonset,expected above family: the two registers use different higher classifications
02120a26a6e7,INFO,ncbi,ncbi_higher_rank_divergence,meringosphaera mediterranea,NCBI_ID,2837474,Phylum=ochrophyta,(absent from chain),1,medplanktonset,expected above family: the two registers use different higher classifications
5284d9ca3db8,INFO,ncbi,ncbi_higher_rank_divergence,meringosphaera mediterranea,NCBI_ID,2837474,Class=xanthophyceae,(absent from chain),1,medplanktonset,expected above family: the two registers use different higher classifications
bc6681d35348,INFO,ncbi,ncbi_higher_rank_divergence,meringosphaera mediterranea,NCBI_ID,2837474,Order=mischococcales,(absent from chain),1,medplanktonset,expected above family: the two registers use different higher classifications
8b4faee43032,INFO,ncbi,ncbi_higher_rank_divergence,merismopedia,NCBI_ID,53402,Phylum=cyanobacteria,(absent from chain),1,syke_ifcb_2022,expected above family: the two registers use different higher classifications
f237e6696ed7,INFO,ncbi,ncbi_higher_rank_divergence,merismopedia,NCBI_ID,53402,Order=chroococcales,(absent from chain),1,syke_ifcb_2022,expected above family: the two registers use different higher classifications
ceb9a9fa6d3c,INFO,ncbi,ncbi_higher_rank_divergence,mesocyclops,NCBI_ID,245081,Kingdom=animalia,(absent from chain),1,frepj,expected above family: the two registers use different higher classifications
bd0cced1c1d1,INFO,ncbi,ncbi_higher_rank_divergence,mesocyclops dissimilis,NCBI_ID,1795152,Kingdom=animalia,(absent from chain),1,frepj,expected above family: the two registers use different higher classifications
8a2cf39c1840,INFO,ncbi,ncbi_higher_rank_divergence,mesodinium,NCBI_ID,283646,Kingdom=chromista,(absent from chain),2,medplanktonset;whoi,expected above family: the two registers use different higher classifications
819c456e55df,INFO,ncbi,ncbi_higher_rank_divergence,mesodinium,NCBI_ID,283646,Order=cyclotrichiida,(absent from chain),2,medplanktonset;whoi,expected above family: the two registers use different higher classifications
176d41f596a2,INFO,ncbi,ncbi_higher_rank_divergence,mesodinium rubrum,NCBI_ID,704171,Kingdom=chromista,(absent from chain),2,daplankton;syke_ifcb_2022,expected above family: the two registers use different higher classifications
088bd45ec83d,INFO,ncbi,ncbi_higher_rank_divergence,mesodinium rubrum,NCBI_ID,704171,Order=cyclotrichiida,(absent from chain),2,daplankton;syke_ifcb_2022,expected above family: the two registers use different higher classifications
4ff373095fe9,INFO,ncbi,ncbi_higher_rank_divergence,metacylis,NCBI_ID,181650,Kingdom=chromista,(absent from chain),3,flowcamnet;tara_pacific_bongo;tara_pacific_decknet,expected above family: the two registers use different higher classifications
b140101b61f2,INFO,ncbi,ncbi_higher_rank_divergence,metacylis,NCBI_ID,181650,Class=oligotrichea,(absent from chain),3,flowcamnet;tara_pacific_bongo;tara_pacific_decknet,expected above family: the two registers use different higher classifications
eddfd308fe3c,INFO,ncbi,ncbi_higher_rank_divergence,metacylis,NCBI_ID,181650,Order=choreotrichida,(absent from chain),3,flowcamnet;tara_pacific_bongo;tara_pacific_decknet,expected above family: the two registers use different higher classifications
f1bd040f86ed,INFO,ncbi,ncbi_higher_rank_divergence,metridinidae,NCBI_ID,122094,Kingdom=animalia,(absent from chain),1,zoocamnet,expected above family: the two registers use different higher classifications
850737be978f,INFO,ncbi,ncbi_higher_rank_divergence,microcyclops,NCBI_ID,938114,Kingdom=animalia,(absent from chain),1,frepj,expected above family: the two registers use different higher classifications
c8c7b67d7356,INFO,ncbi,ncbi_higher_rank_divergence,microsetella,NCBI_ID,2779395,Kingdom=animalia,(absent from chain),1,planktoscope,expected above family: the two registers use different higher classifications
cea1b5191f84,INFO,ncbi,ncbi_higher_rank_divergence,microstellaria,NCBI_ID,160015,Kingdom=animalia,(absent from chain),1,zoocamnet,expected above family: the two registers use different higher classifications
59fff6f71a7a,INFO,ncbi,ncbi_higher_rank_divergence,microstellaria,NCBI_ID,160015,Order=pylopulmonata,(absent from chain),1,zoocamnet,expected above family: the two registers use different higher classifications
77cac942f5c0,INFO,ncbi,ncbi_higher_rank_divergence,moina affinis,NCBI_ID,77664,Kingdom=animalia,(absent from chain),1,frepj,expected above family: the two registers use different higher classifications
b0cfefd2a7af,INFO,ncbi,ncbi_higher_rank_divergence,moina micrura,NCBI_ID,152158,Kingdom=animalia,(absent from chain),2,frepj,expected above family: the two registers use different higher classifications
2bdb17964d3b,INFO,ncbi,ncbi_higher_rank_divergence,mollusca,NCBI_ID,6447,Kingdom=animalia,(absent from chain),18,global_uvp5;isiisnet;jedioceans;planktoscope;tara_pacific_bongo;tara_pacific_decknet;tara_pacific_hsn;tara_pacific_manta;zoocamnet;zooscan,expected above family: the two registers use different higher classifications
debf23510240,INFO,ncbi,ncbi_higher_rank_divergence,monoraphidium contortum,NCBI_ID,307511,Kingdom=plantae,(absent from chain),2,daplankton;syke_ifcb_2022,expected above family: the two registers use different higher classifications
087e7f783186,INFO,ncbi,ncbi_higher_rank_divergence,monostyla,NCBI_ID,145460,Kingdom=animalia,(absent from chain),1,frepj,expected above family: the two registers use different higher classifications
fcb00ad33a39,INFO,ncbi,ncbi_higher_rank_divergence,monostyla acus,NCBI_ID,145460,Kingdom=animalia,(absent from chain),1,frepj,expected above family: the two registers use different higher classifications
efd525a090f3,INFO,ncbi,ncbi_higher_rank_divergence,monostyla closterocerca,NCBI_ID,145460,Kingdom=animalia,(absent from chain),1,frepj,expected above family: the two registers use different higher classifications
78230ac18cf4,INFO,ncbi,ncbi_higher_rank_divergence,monostyla furcata,NCBI_ID,145460,Kingdom=animalia,(absent from chain),1,frepj,expected above family: the two registers use different higher classifications
4bfe562f337a,INFO,ncbi,ncbi_higher_rank_divergence,monostyla hamata,NCBI_ID,145460,Kingdom=animalia,(absent from chain),1,frepj,expected above family: the two registers use different higher classifications
1012bba48898,INFO,ncbi,ncbi_higher_rank_divergence,monostyla opias,NCBI_ID,145460,Kingdom=animalia,(absent from chain),1,frepj,expected above family: the two registers use different higher classifications
5b8a610ece47,INFO,ncbi,ncbi_higher_rank_divergence,monostyla pyriformis,NCBI_ID,145460,Kingdom=animalia,(absent from chain),1,frepj,expected above family: the two registers use different higher classifications
06fc7a3307a1,INFO,ncbi,ncbi_higher_rank_divergence,monostyla quadridentata,NCBI_ID,145460,Kingdom=animalia,(absent from chain),1,frepj,expected above family: the two registers use different higher classifications
f956083053bc,INFO,ncbi,ncbi_higher_rank_divergence,monstrilloida,NCBI_ID,84311,Kingdom=animalia,(absent from chain),2,tara_pacific_hsn;zooscan,expected above family: the two registers use different higher classifications
14344a041d5f,INFO,ncbi,ncbi_higher_rank_divergence,munnopsidae,NCBI_ID,192514,Kingdom=animalia,(absent from chain),1,global_uvp5,expected above family: the two registers use different higher classifications
18676119006d,INFO,ncbi,ncbi_higher_rank_divergence,munnopsis,NCBI_ID,203885,Kingdom=animalia,(absent from chain),1,global_uvp5,expected above family: the two registers use different higher classifications
71ece614db20,INFO,ncbi,ncbi_higher_rank_divergence,myctophidae,NCBI_ID,68515,Kingdom=animalia,(absent from chain),1,planktonset1.0,expected above family: the two registers use different higher classifications
2c9580a2c5d7,INFO,ncbi,ncbi_higher_rank_divergence,mysida,NCBI_ID,75399,Kingdom=animalia,(absent from chain),4,tara_pacific_manta;zooscan,expected above family: the two registers use different higher classifications
e8e7bc92ff3a,INFO,ncbi,ncbi_higher_rank_divergence,mysis,NCBI_ID,261863,Kingdom=animalia,(absent from chain),1,sykezooscan2024,expected above family: the two registers use different higher classifications
597930808aba,INFO,ncbi,ncbi_higher_rank_divergence,mytilina,NCBI_ID,360680,Kingdom=animalia,(absent from chain),1,frepj,expected above family: the two registers use different higher classifications
c1075ae0cd49,INFO,ncbi,ncbi_higher_rank_divergence,mytilina trigona,NCBI_ID,2739567,Kingdom=animalia,(absent from chain),1,frepj,expected above family: the two registers use different higher classifications
4de34b172fff,INFO,ncbi,ncbi_higher_rank_divergence,mytilina ventralis,NCBI_ID,360682,Kingdom=animalia,(absent from chain),1,frepj,expected above family: the two registers use different higher classifications
10cf26df76dc,INFO,ncbi,ncbi_higher_rank_divergence,nannosquillidae,NCBI_ID,85301,Kingdom=animalia,(absent from chain),1,zoocamnet,expected above family: the two registers use different higher classifications
d134c08f7ccd,INFO,ncbi,ncbi_higher_rank_divergence,narcomedusae,NCBI_ID,43184,Kingdom=animalia,(absent from chain),5,global_uvp5;planktonset1.0;uvp6net,expected above family: the two registers use different higher classifications
1691a27b6a66,INFO,ncbi,ncbi_higher_rank_divergence,nassellaria,NCBI_ID,278980,Kingdom=chromista,(absent from chain),16,flowcamnet;global_uvp5;isiisnet;planktoscope;tara_pacific_bongo;tara_pacific_decknet;tara_pacific_hsn;uvp6net,expected above family: the two registers use different higher classifications
9f6211c030dc,INFO,ncbi,ncbi_higher_rank_divergence,nassellaria,NCBI_ID,278980,Phylum=radiozoa,(absent from chain),16,flowcamnet;global_uvp5;isiisnet;planktoscope;tara_pacific_bongo;tara_pacific_decknet;tara_pacific_hsn;uvp6net,expected above family: the two registers use different higher classifications
59cbcc1b9b53,INFO,ncbi,ncbi_higher_rank_divergence,nassellaria,NCBI_ID,278980,Class=polycystina,(absent from chain),16,flowcamnet;global_uvp5;isiisnet;planktoscope;tara_pacific_bongo;tara_pacific_decknet;tara_pacific_hsn;uvp6net,expected above family: the two registers use different higher classifications
2df4ae052b4c,INFO,ncbi,ncbi_higher_rank_divergence,naviculales,NCBI_ID,38748,Kingdom=chromista,(absent from chain),1,planktoscope,expected above family: the two registers use different higher classifications
75494dc44b64,INFO,ncbi,ncbi_higher_rank_divergence,naviculales,NCBI_ID,38748,Phylum=heterokontophyta,(absent from chain),1,planktoscope,expected above family: the two registers use different higher classifications
c6dce6aa8950,INFO,ncbi,ncbi_higher_rank_divergence,nematoda,NCBI_ID,6231,Kingdom=animalia,(absent from chain),1,planktoscope,expected above family: the two registers use different higher classifications
37aa3220265e,INFO,ncbi,ncbi_higher_rank_divergence,neobrightwellia alternans,NCBI_ID,1003021,Kingdom=chromista,(absent from chain),1,medplanktonset,expected above family: the two registers use different higher classifications
bf973fa42a1d,INFO,ncbi,ncbi_higher_rank_divergence,neobrightwellia alternans,NCBI_ID,1003021,Phylum=heterokontophyta,(absent from chain),1,medplanktonset,expected above family: the two registers use different higher classifications
dc37de96215e,INFO,ncbi,ncbi_higher_rank_divergence,neobrightwellia alternans,NCBI_ID,1003021,Class=bacillariophyceae,(absent from chain),1,medplanktonset,expected above family: the two registers use different higher classifications
877a440f833f,INFO,ncbi,ncbi_higher_rank_divergence,neocalyptrella,NCBI_ID,2731301,Kingdom=chromista,(absent from chain),1,planktoscope,expected above family: the two registers use different higher classifications
567a14e6bff1,INFO,ncbi,ncbi_higher_rank_divergence,neocalyptrella,NCBI_ID,2731301,Phylum=heterokontophyta,(absent from chain),1,planktoscope,expected above family: the two registers use different higher classifications
6945c14ffe71,INFO,ncbi,ncbi_higher_rank_divergence,neocalyptrella,NCBI_ID,2731301,Class=bacillariophyceae,(absent from chain),1,planktoscope,expected above family: the two registers use different higher classifications
6d346f21c5cc,INFO,ncbi,ncbi_higher_rank_divergence,neoceratium,NCBI_ID,665866,Kingdom=chromista,(absent from chain),8,flowcamnet;planktoscope;tara_pacific_bongo;tara_pacific_decknet;tara_pacific_manta;zoocamnet,expected above family: the two registers use different higher classifications
98a69cd3c702,INFO,ncbi,ncbi_higher_rank_divergence,neoceratium,NCBI_ID,665866,Phylum=myzozoa,(absent from chain),8,flowcamnet;planktoscope;tara_pacific_bongo;tara_pacific_decknet;tara_pacific_manta;zoocamnet,expected above family: the two registers use different higher classifications
dc7ae875776e,INFO,ncbi,ncbi_higher_rank_divergence,neodiaptomus schmackeri,NCBI_ID,903845,Kingdom=animalia,(absent from chain),1,frepj,expected above family: the two registers use different higher classifications
811751e100f2,INFO,ncbi,ncbi_higher_rank_divergence,neomoelleria cornuta,NCBI_ID,33849,Kingdom=chromista,(absent from chain),1,planktoscope,expected above family: the two registers use different higher classifications
a7de7b523e10,INFO,ncbi,ncbi_higher_rank_divergence,neomoelleria cornuta,NCBI_ID,33849,Phylum=heterokontophyta,(absent from chain),1,planktoscope,expected above family: the two registers use different higher classifications
3af7da2c37a5,INFO,ncbi,ncbi_higher_rank_divergence,nephroselmis pyriformis,NCBI_ID,156128,Kingdom=plantae,(absent from chain),1,daplankton,expected above family: the two registers use different higher classifications
bed683e92086,INFO,ncbi,ncbi_higher_rank_divergence,neutrodiaptomus formosus,NCBI_ID,903839,Kingdom=animalia,(absent from chain),1,frepj,expected above family: the two registers use different higher classifications
4240d085d367,INFO,ncbi,ncbi_higher_rank_divergence,nitzschia,NCBI_ID,651811,Kingdom=chromista,(absent from chain),2,flowcamnet;tara_pacific_decknet,expected above family: the two registers use different higher classifications
06258a331611,INFO,ncbi,ncbi_higher_rank_divergence,nitzschia,NCBI_ID,651811,Phylum=heterokontophyta,(absent from chain),2,flowcamnet;tara_pacific_decknet,expected above family: the two registers use different higher classifications
3a25f5c6edab,INFO,ncbi,ncbi_higher_rank_divergence,nitzschia,NCBI_ID,651811,Class=bacillariophyceae,(absent from chain),2,flowcamnet;tara_pacific_decknet,expected above family: the two registers use different higher classifications
dadbe010843e,INFO,ncbi,ncbi_higher_rank_divergence,nitzschia,NCBI_ID,651811,Order=bacillariales,(absent from chain),2,flowcamnet;tara_pacific_decknet,expected above family: the two registers use different higher classifications
c006bfab0af8,INFO,ncbi,ncbi_higher_rank_divergence,nitzschia paleacea,NCBI_ID,303396,Kingdom=chromista,(absent from chain),2,daplankton;syke_ifcb_2022,expected above family: the two registers use different higher classifications
35fabcb9fa23,INFO,ncbi,ncbi_higher_rank_divergence,nitzschia paleacea,NCBI_ID,303396,Phylum=heterokontophyta,(absent from chain),2,daplankton;syke_ifcb_2022,expected above family: the two registers use different higher classifications
3b3ef0f3a38c,INFO,ncbi,ncbi_higher_rank_divergence,noctiluca,NCBI_ID,2965,Kingdom=chromista,(absent from chain),5,global_uvp5;jedioceans;planktonset1.0;zoocamnet;zooscan,expected above family: the two registers use different higher classifications
e336217efc09,INFO,ncbi,ncbi_higher_rank_divergence,noctiluca,NCBI_ID,2965,Phylum=myzozoa,(absent from chain),5,global_uvp5;jedioceans;planktonset1.0;zoocamnet;zooscan,expected above family: the two registers use different higher classifications
183db908634d,INFO,ncbi,ncbi_higher_rank_divergence,noctiluca scintillans,NCBI_ID,2966,Kingdom=chromista,(absent from chain),1,jedioceans,expected above family: the two registers use different higher classifications
966487075c08,INFO,ncbi,ncbi_higher_rank_divergence,noctiluca scintillans,NCBI_ID,2966,Phylum=myzozoa,(absent from chain),1,jedioceans,expected above family: the two registers use different higher classifications
cc8cc5427766,INFO,ncbi,ncbi_higher_rank_divergence,nodularia,NCBI_ID,1830174,Kingdom=bacteria,(absent from chain),1,global_uvp5,expected above family: the two registers use different higher classifications
cd17cd4a763d,INFO,ncbi,ncbi_higher_rank_divergence,nodularia,NCBI_ID,1830174,Phylum=cyanobacteria,(absent from chain),1,global_uvp5,expected above family: the two registers use different higher classifications
c9ca376ddab8,INFO,ncbi,ncbi_higher_rank_divergence,nodularia,NCBI_ID,1830174,Class=cyanophyceae,(absent from chain),1,global_uvp5,expected above family: the two registers use different higher classifications
3e7bb7c768e6,INFO,ncbi,ncbi_higher_rank_divergence,nodularia,NCBI_ID,1830174,Order=nostocales,(absent from chain),1,global_uvp5,expected above family: the two registers use different higher classifications
3d4b07a8fdef,INFO,ncbi,ncbi_higher_rank_divergence,nodularia spumigena,NCBI_ID,70799,Phylum=cyanobacteria,(absent from chain),2,daplankton;syke_ifcb_2022,expected above family: the two registers use different higher classifications
b771c94fae1c,INFO,ncbi,ncbi_higher_rank_divergence,notommata,NCBI_ID,47120,Kingdom=animalia,(absent from chain),1,frepj,expected above family: the two registers use different higher classifications
e26d1eb84193,INFO,ncbi,ncbi_higher_rank_divergence,notommatidae,NCBI_ID,47119,Kingdom=animalia,(absent from chain),1,frepj,expected above family: the two registers use different higher classifications
161f02b79415,INFO,ncbi,ncbi_higher_rank_divergence,nudibranchia,NCBI_ID,70849,Kingdom=animalia,(absent from chain),3,global_uvp5;tara_pacific_hsn;tara_pacific_manta,expected above family: the two registers use different higher classifications
44ffa698fdf6,INFO,ncbi,ncbi_higher_rank_divergence,obelia,NCBI_ID,32569,Kingdom=animalia,(absent from chain),2,zoocamnet;zooscan,expected above family: the two registers use different higher classifications
44aaee4007d5,INFO,ncbi,ncbi_higher_rank_divergence,octactis,NCBI_ID,3095340,Kingdom=chromista,(absent from chain),1,planktoscope,expected above family: the two registers use different higher classifications
a3f381df3208,INFO,ncbi,ncbi_higher_rank_divergence,octactis octonaria,NCBI_ID,1104380,Kingdom=chromista,(absent from chain),1,medplanktonset,expected above family: the two registers use different higher classifications
c123a88130b8,INFO,ncbi,ncbi_higher_rank_divergence,odontella,NCBI_ID,332376,Kingdom=chromista,(absent from chain),4,flowcamnet;planktoscope;whoi,expected above family: the two registers use different higher classifications
0caa268655b2,INFO,ncbi,ncbi_higher_rank_divergence,odontella,NCBI_ID,332376,Phylum=heterokontophyta,(absent from chain),4,flowcamnet;planktoscope;whoi,expected above family: the two registers use different higher classifications
049844cf6dfc,INFO,ncbi,ncbi_higher_rank_divergence,odontella,NCBI_ID,332376,Class=bacillariophyceae,(absent from chain),4,flowcamnet;planktoscope;whoi,expected above family: the two registers use different higher classifications
4d05651a650f,INFO,ncbi,ncbi_higher_rank_divergence,odontella,NCBI_ID,332376,Order=triceratiales,(absent from chain),4,flowcamnet;planktoscope;whoi,expected above family: the two registers use different higher classifications
46727182ddbf,INFO,ncbi,ncbi_higher_rank_divergence,odontella mobiliensis,NCBI_ID,655800,Kingdom=chromista,(absent from chain),1,planktoscope,expected above family: the two registers use different higher classifications
d397b7400e40,INFO,ncbi,ncbi_higher_rank_divergence,odontella mobiliensis,NCBI_ID,655800,Phylum=heterokontophyta,(absent from chain),1,planktoscope,expected above family: the two registers use different higher classifications
c9ac4d72c3e0,INFO,ncbi,ncbi_higher_rank_divergence,odontella mobiliensis,NCBI_ID,655800,Class=bacillariophyceae,(absent from chain),1,planktoscope,expected above family: the two registers use different higher classifications
809ec6a4f4ce,INFO,ncbi,ncbi_higher_rank_divergence,odontella mobiliensis,NCBI_ID,655800,Order=triceratiales,(absent from chain),1,planktoscope,expected above family: the two registers use different higher classifications
a8ea6da983c4,INFO,ncbi,ncbi_higher_rank_divergence,odontella sinensis,NCBI_ID,1514140,Kingdom=chromista,(absent from chain),1,planktoscope,expected above family: the two registers use different higher classifications
1e03867b1c8b,INFO,ncbi,ncbi_higher_rank_divergence,odontella sinensis,NCBI_ID,1514140,Phylum=heterokontophyta,(absent from chain),1,planktoscope,expected above family: the two registers use different higher classifications
10fe769cfd75,INFO,ncbi,ncbi_higher_rank_divergence,odontella sinensis,NCBI_ID,1514140,Class=bacillariophyceae,(absent from chain),1,planktoscope,expected above family: the two registers use different higher classifications
26f5c8061346,INFO,ncbi,ncbi_higher_rank_divergence,odontella sinensis,NCBI_ID,1514140,Order=triceratiales,(absent from chain),1,planktoscope,expected above family: the two registers use different higher classifications
7df2bbb6df1a,INFO,ncbi,ncbi_higher_rank_divergence,oikopleuridae,NCBI_ID,41302,Kingdom=animalia,(absent from chain),5,planktoscope;tara_pacific_hsn;tara_pacific_manta;zooscan,expected above family: the two registers use different higher classifications
50daafff4290,INFO,ncbi,ncbi_higher_rank_divergence,oithona,NCBI_ID,136190,Kingdom=animalia,(absent from chain),4,frepj;global_uvp5;planktonset1.0,expected above family: the two registers use different higher classifications
98f3f6b401d9,INFO,ncbi,ncbi_higher_rank_divergence,oithonidae,NCBI_ID,136189,Kingdom=animalia,(absent from chain),5,flowcamnet;planktoscope;tara_pacific_hsn;tara_pacific_manta;zooscan,expected above family: the two registers use different higher classifications
8a4454a90f9a,INFO,ncbi,ncbi_higher_rank_divergence,olindiidae,NCBI_ID,128125,Kingdom=animalia,(absent from chain),1,global_uvp5,expected above family: the two registers use different higher classifications
004425632f85,INFO,ncbi,ncbi_higher_rank_divergence,oltmannsiellopsis viridis,NCBI_ID,51324,Kingdom=plantae,(absent from chain),1,medplanktonset,expected above family: the two registers use different higher classifications
908d3d63d571,INFO,ncbi,ncbi_higher_rank_divergence,oncaea,NCBI_ID,349674,Kingdom=animalia,(absent from chain),1,zoocamnet,expected above family: the two registers use different higher classifications
afa16e874984,INFO,ncbi,ncbi_higher_rank_divergence,oncaea,NCBI_ID,349674,Order=cyclopoida,(absent from chain),1,zoocamnet,expected above family: the two registers use different higher classifications
fb00c2c261ce,INFO,ncbi,ncbi_higher_rank_divergence,oncaeidae,NCBI_ID,349673,Kingdom=animalia,(absent from chain),6,flowcamnet;planktoscope;tara_pacific_bongo;tara_pacific_hsn;tara_pacific_manta;zooscan,expected above family: the two registers use different higher classifications
ae2b8e30b29a,INFO,ncbi,ncbi_higher_rank_divergence,oncaeidae,NCBI_ID,349673,Order=cyclopoida,(absent from chain),6,flowcamnet;planktoscope;tara_pacific_bongo;tara_pacific_hsn;tara_pacific_manta;zooscan,expected above family: the two registers use different higher classifications
f43178af8410,INFO,ncbi,ncbi_higher_rank_divergence,oocystis,NCBI_ID,120746,Kingdom=plantae,(absent from chain),2,daplankton;syke_ifcb_2022,expected above family: the two registers use different higher classifications
c16e86aab6e5,INFO,ncbi,ncbi_higher_rank_divergence,ophiaster,NCBI_ID,418932,Kingdom=chromista,(absent from chain),1,medplanktonset,expected above family: the two registers use different higher classifications
78137b0bcfc6,INFO,ncbi,ncbi_higher_rank_divergence,ophiaster,NCBI_ID,418932,Class=coccolithophyceae,(absent from chain),1,medplanktonset,expected above family: the two registers use different higher classifications
f2f02c4287d5,INFO,ncbi,ncbi_higher_rank_divergence,ophiuroidea,NCBI_ID,7618,Kingdom=animalia,(absent from chain),7,planktonset1.0;planktoscope;tara_pacific_hsn;tara_pacific_manta;zooscan,expected above family: the two registers use different higher classifications
79ea48478b62,INFO,ncbi,ncbi_higher_rank_divergence,ornithocercus,NCBI_ID,566468,Kingdom=chromista,(absent from chain),3,planktoscope;tara_pacific_bongo;tara_pacific_decknet,expected above family: the two registers use different higher classifications
f2600440e209,INFO,ncbi,ncbi_higher_rank_divergence,ornithocercus,NCBI_ID,566468,Phylum=myzozoa,(absent from chain),3,planktoscope;tara_pacific_bongo;tara_pacific_decknet,expected above family: the two registers use different higher classifications
cc5d7d827ad8,INFO,ncbi,ncbi_higher_rank_divergence,ornithocercus magnificus,NCBI_ID,566470,Kingdom=chromista,(absent from chain),4,flowcamnet;planktoscope;tara_pacific_bongo;tara_pacific_decknet,expected above family: the two registers use different higher classifications
c1a7e46e3028,INFO,ncbi,ncbi_higher_rank_divergence,ornithocercus magnificus,NCBI_ID,566470,Phylum=myzozoa,(absent from chain),4,flowcamnet;planktoscope;tara_pacific_bongo;tara_pacific_decknet,expected above family: the two registers use different higher classifications
9667dae23c35,INFO,ncbi,ncbi_higher_rank_divergence,ornithocercus quadratus,NCBI_ID,566471,Kingdom=chromista,(absent from chain),2,planktoscope;tara_pacific_decknet,expected above family: the two registers use different higher classifications
dd7b8cef4409,INFO,ncbi,ncbi_higher_rank_divergence,ornithocercus quadratus,NCBI_ID,566471,Phylum=myzozoa,(absent from chain),2,planktoscope;tara_pacific_decknet,expected above family: the two registers use different higher classifications
1a19495efc26,INFO,ncbi,ncbi_higher_rank_divergence,ornithocercus splendidus,NCBI_ID,584863,Kingdom=chromista,(absent from chain),1,planktoscope,expected above family: the two registers use different higher classifications
877ad32c782f,INFO,ncbi,ncbi_higher_rank_divergence,ornithocercus splendidus,NCBI_ID,584863,Phylum=myzozoa,(absent from chain),1,planktoscope,expected above family: the two registers use different higher classifications
899754905edb,INFO,ncbi,ncbi_higher_rank_divergence,ornithocercus steinii,NCBI_ID,630347,Kingdom=chromista,(absent from chain),3,planktoscope;tara_pacific_bongo;tara_pacific_decknet,expected above family: the two registers use different higher classifications
c05d0aa728d4,INFO,ncbi,ncbi_higher_rank_divergence,ornithocercus steinii,NCBI_ID,630347,Phylum=myzozoa,(absent from chain),3,planktoscope;tara_pacific_bongo;tara_pacific_decknet,expected above family: the two registers use different higher classifications
e0cd1204e56d,INFO,ncbi,ncbi_higher_rank_divergence,oscillatoriales,NCBI_ID,1150,Phylum=cyanobacteria,(absent from chain),1,syke_ifcb_2022,expected above family: the two registers use different higher classifications
8ddcf4910ac6,INFO,ncbi,ncbi_higher_rank_divergence,ostracoda,NCBI_ID,6670,Kingdom=animalia,(absent from chain),8,global_uvp5;planktoscope;tara_pacific_hsn;tara_pacific_manta;uvp6net;zooscan,expected above family: the two registers use different higher classifications
155098362a7a,INFO,ncbi,ncbi_higher_rank_divergence,oxytoxum,NCBI_ID,2950224,Kingdom=chromista,(absent from chain),5,flowcamnet;medplanktonset;planktoscope;tara_pacific_bongo;tara_pacific_decknet,expected above family: the two registers use different higher classifications
d0677b4a7122,INFO,ncbi,ncbi_higher_rank_divergence,oxytoxum,NCBI_ID,2950224,Phylum=myzozoa,(absent from chain),5,flowcamnet;medplanktonset;planktoscope;tara_pacific_bongo;tara_pacific_decknet,expected above family: the two registers use different higher classifications
75ec622cc14c,INFO,ncbi,ncbi_higher_rank_divergence,oxytoxum caudatum,NCBI_ID,2950224,Kingdom=chromista,(absent from chain),1,medplanktonset,expected above family: the two registers use different higher classifications
aff67a6ddf64,INFO,ncbi,ncbi_higher_rank_divergence,oxytoxum caudatum,NCBI_ID,2950224,Phylum=myzozoa,(absent from chain),1,medplanktonset,expected above family: the two registers use different higher classifications
d9be471b1ca2,INFO,ncbi,ncbi_higher_rank_divergence,oxytoxum scolopax,NCBI_ID,2950224,Kingdom=chromista,(absent from chain),1,medplanktonset,expected above family: the two registers use different higher classifications
00bdd8423653,INFO,ncbi,ncbi_higher_rank_divergence,oxytoxum scolopax,NCBI_ID,2950224,Phylum=myzozoa,(absent from chain),1,medplanktonset,expected above family: the two registers use different higher classifications
5d1a0f381de3,INFO,ncbi,ncbi_higher_rank_divergence,oxytoxum variabile,NCBI_ID,2950224,Kingdom=chromista,(absent from chain),1,medplanktonset,expected above family: the two registers use different higher classifications
fb3e8ec8b932,INFO,ncbi,ncbi_higher_rank_divergence,oxytoxum variabile,NCBI_ID,2950224,Phylum=myzozoa,(absent from chain),1,medplanktonset,expected above family: the two registers use different higher classifications
61daf29211ce,INFO,ncbi,ncbi_higher_rank_divergence,paradileptus,NCBI_ID,2778690,Kingdom=chromista,(absent from chain),2,frepj;zoolake,expected above family: the two registers use different higher classifications
a0ed792a2566,INFO,ncbi,ncbi_higher_rank_divergence,parafavella,NCBI_ID,1925418,Kingdom=chromista,(absent from chain),1,planktoscope,expected above family: the two registers use different higher classifications
b017424f21ff,INFO,ncbi,ncbi_higher_rank_divergence,parafavella,NCBI_ID,1925418,Class=oligotrichea,(absent from chain),1,planktoscope,expected above family: the two registers use different higher classifications
03021f1be48f,INFO,ncbi,ncbi_higher_rank_divergence,parafavella,NCBI_ID,1925418,Order=choreotrichida,(absent from chain),1,planktoscope,expected above family: the two registers use different higher classifications
47ecaf423b49,INFO,ncbi,ncbi_higher_rank_divergence,paralia,NCBI_ID,216907,Kingdom=chromista,(absent from chain),1,whoi,expected above family: the two registers use different higher classifications
eb665b65ef68,INFO,ncbi,ncbi_higher_rank_divergence,paralia,NCBI_ID,216907,Phylum=heterokontophyta,(absent from chain),1,whoi,expected above family: the two registers use different higher classifications
65ecd15122fc,INFO,ncbi,ncbi_higher_rank_divergence,paralia,NCBI_ID,216907,Class=bacillariophyceae,(absent from chain),1,whoi,expected above family: the two registers use different higher classifications
4efe79edab2c,INFO,ncbi,ncbi_higher_rank_divergence,paramecium bursaria,NCBI_ID,74790,Kingdom=chromista,(absent from chain),1,lensless,expected above family: the two registers use different higher classifications
856cd7ab28ec,INFO,ncbi,ncbi_higher_rank_divergence,parundella,NCBI_ID,1050071,Kingdom=chromista,(absent from chain),1,planktoscope,expected above family: the two registers use different higher classifications
087eb2e98979,INFO,ncbi,ncbi_higher_rank_divergence,parundella,NCBI_ID,1050071,Class=oligotrichea,(absent from chain),1,planktoscope,expected above family: the two registers use different higher classifications
399c923f5421,INFO,ncbi,ncbi_higher_rank_divergence,parundella,NCBI_ID,1050071,Order=choreotrichida,(absent from chain),1,planktoscope,expected above family: the two registers use different higher classifications
f9f1224f6c1e,INFO,ncbi,ncbi_higher_rank_divergence,parvicorbicula socialis,NCBI_ID,1925537,Kingdom=protozoa,(absent from chain),1,whoi,expected above family: the two registers use different higher classifications
606645619fdc,INFO,ncbi,ncbi_higher_rank_divergence,parvicorbicula socialis,NCBI_ID,1925537,Phylum=choanozoa,(absent from chain),1,whoi,expected above family: the two registers use different higher classifications
274a7f8e993c,INFO,ncbi,ncbi_higher_rank_divergence,parvicorbicula socialis,NCBI_ID,1925537,Class=choanoflagellatea,(absent from chain),1,whoi,expected above family: the two registers use different higher classifications
0889e4bee32f,INFO,ncbi,ncbi_higher_rank_divergence,pauliella taeniata,NCBI_ID,186025,Kingdom=chromista,(absent from chain),1,syke_ifcb_2022,expected above family: the two registers use different higher classifications
794fdf6b5237,INFO,ncbi,ncbi_higher_rank_divergence,pauliella taeniata,NCBI_ID,186025,Phylum=heterokontophyta,(absent from chain),1,syke_ifcb_2022,expected above family: the two registers use different higher classifications
d3415dc14fc9,INFO,ncbi,ncbi_higher_rank_divergence,pauliella taeniata,NCBI_ID,186025,Order=lithodesmiales,(absent from chain),1,syke_ifcb_2022,expected above family: the two registers use different higher classifications
ba858d3d444f,INFO,ncbi,ncbi_higher_rank_divergence,pediastrum,NCBI_ID,3104,Kingdom=plantae,(absent from chain),1,planktoscope,expected above family: the two registers use different higher classifications
fb42aaf22956,INFO,ncbi,ncbi_higher_rank_divergence,penaeidae,NCBI_ID,6685,Kingdom=animalia,(absent from chain),2,tara_pacific_manta;zooscan,expected above family: the two registers use different higher classifications
3879cd65cddb,INFO,ncbi,ncbi_higher_rank_divergence,penilia,NCBI_ID,124139,Kingdom=animalia,(absent from chain),2,planktoscope;zoocamnet,expected above family: the two registers use different higher classifications
327de6616980,INFO,ncbi,ncbi_higher_rank_divergence,penilia avirostris,NCBI_ID,124140,Kingdom=animalia,(absent from chain),1,zooscan,expected above family: the two registers use different higher classifications
fe2b3e708ec3,INFO,ncbi,ncbi_higher_rank_divergence,pennales,NCBI_ID,33849,Kingdom=chromista,(absent from chain),7,flowcamnet;medplanktonset;syke_ifcb_2022;whoi,expected above family: the two registers use different higher classifications
48dd0c4d693a,INFO,ncbi,ncbi_higher_rank_divergence,pennales,NCBI_ID,33849,Phylum=heterokontophyta,(absent from chain),7,flowcamnet;medplanktonset;syke_ifcb_2022;whoi,expected above family: the two registers use different higher classifications
851396ec208b,INFO,ncbi,ncbi_higher_rank_divergence,peridiniella catenata,NCBI_ID,3111327,Kingdom=chromista,(absent from chain),3,daplankton;syke_ifcb_2022,expected above family: the two registers use different higher classifications
07ade11ea8f4,INFO,ncbi,ncbi_higher_rank_divergence,peridiniella catenata,NCBI_ID,3111327,Phylum=myzozoa,(absent from chain),3,daplankton;syke_ifcb_2022,expected above family: the two registers use different higher classifications
014fc75c6bb8,INFO,ncbi,ncbi_higher_rank_divergence,peridiniella catenata,NCBI_ID,3111327,Order=gonyaulacales,(absent from chain),3,daplankton;syke_ifcb_2022,expected above family: the two registers use different higher classifications
3bdd0b84bd81,INFO,ncbi,ncbi_higher_rank_divergence,phaeocystis,NCBI_ID,33656,Kingdom=chromista,(absent from chain),2,planktoscope;whoi,expected above family: the two registers use different higher classifications
f10c4db3afc0,INFO,ncbi,ncbi_higher_rank_divergence,phaeocystis,NCBI_ID,33656,Class=coccolithophyceae,(absent from chain),2,planktoscope;whoi,expected above family: the two registers use different higher classifications
6516455b1c5a,INFO,ncbi,ncbi_higher_rank_divergence,phaeocystis jahnii,NCBI_ID,118080,Kingdom=chromista,(absent from chain),1,medplanktonset,expected above family: the two registers use different higher classifications
e2d4f17abad4,INFO,ncbi,ncbi_higher_rank_divergence,phaeocystis jahnii,NCBI_ID,118080,Class=coccolithophyceae,(absent from chain),1,medplanktonset,expected above family: the two registers use different higher classifications
69d3c323ec7f,INFO,ncbi,ncbi_higher_rank_divergence,phalacroma,NCBI_ID,330137,Kingdom=chromista,(absent from chain),4,medplanktonset;planktoscope;tara_pacific_bongo;tara_pacific_decknet,expected above family: the two registers use different higher classifications
819cb3a1a425,INFO,ncbi,ncbi_higher_rank_divergence,phalacroma,NCBI_ID,330137,Phylum=myzozoa,(absent from chain),4,medplanktonset;planktoscope;tara_pacific_bongo;tara_pacific_decknet,expected above family: the two registers use different higher classifications
3e3dd6d25f93,INFO,ncbi,ncbi_higher_rank_divergence,phalacroma oxytoxoides,NCBI_ID,447216,Kingdom=chromista,(absent from chain),1,medplanktonset,expected above family: the two registers use different higher classifications
8256f7e435fd,INFO,ncbi,ncbi_higher_rank_divergence,phalacroma oxytoxoides,NCBI_ID,447216,Phylum=myzozoa,(absent from chain),1,medplanktonset,expected above family: the two registers use different higher classifications
15c3e8c651e8,INFO,ncbi,ncbi_higher_rank_divergence,philodinidae,NCBI_ID,44580,Kingdom=animalia,(absent from chain),1,frepj,expected above family: the two registers use different higher classifications
adc8bd084e67,INFO,ncbi,ncbi_higher_rank_divergence,phoronida,NCBI_ID,120557,Kingdom=animalia,(absent from chain),1,zoocamnet,expected above family: the two registers use different higher classifications
9a3577d08df1,INFO,ncbi,ncbi_higher_rank_divergence,phyllodocida,NCBI_ID,6348,Kingdom=animalia,(absent from chain),2,global_uvp5;uvp6net,expected above family: the two registers use different higher classifications
20a36f06e25d,INFO,ncbi,ncbi_higher_rank_divergence,phyllodocidae,NCBI_ID,195257,Kingdom=animalia,(absent from chain),2,global_uvp5,expected above family: the two registers use different higher classifications
0a1f03ccd77a,INFO,ncbi,ncbi_higher_rank_divergence,plagiacanthidae,NCBI_ID,1054398,Kingdom=chromista,(absent from chain),1,planktoscope,expected above family: the two registers use different higher classifications
e829b9bd3797,INFO,ncbi,ncbi_higher_rank_divergence,plagiacanthidae,NCBI_ID,1054398,Phylum=radiozoa,(absent from chain),1,planktoscope,expected above family: the two registers use different higher classifications
269ff621e0b9,INFO,ncbi,ncbi_higher_rank_divergence,plagiacanthidae,NCBI_ID,1054398,Class=polycystina,(absent from chain),1,planktoscope,expected above family: the two registers use different higher classifications
b3c25b9244c1,INFO,ncbi,ncbi_higher_rank_divergence,plagiotropis,NCBI_ID,2126264,Kingdom=chromista,(absent from chain),1,medplanktonset,expected above family: the two registers use different higher classifications
3e79142a4ec4,INFO,ncbi,ncbi_higher_rank_divergence,plagiotropis,NCBI_ID,2126264,Phylum=heterokontophyta,(absent from chain),1,medplanktonset,expected above family: the two registers use different higher classifications
1d9c3a4e93af,INFO,ncbi,ncbi_higher_rank_divergence,planktoniella sol,NCBI_ID,216766,Kingdom=chromista,(absent from chain),3,flowcamnet;planktoscope;tara_pacific_decknet,expected above family: the two registers use different higher classifications
082bfb2611bc,INFO,ncbi,ncbi_higher_rank_divergence,planktoniella sol,NCBI_ID,216766,Phylum=heterokontophyta,(absent from chain),3,flowcamnet;planktoscope;tara_pacific_decknet,expected above family: the two registers use different higher classifications
70208cdeb90a,INFO,ncbi,ncbi_higher_rank_divergence,planktoniella sol,NCBI_ID,216766,Class=bacillariophyceae,(absent from chain),3,flowcamnet;planktoscope;tara_pacific_decknet,expected above family: the two registers use different higher classifications
915ce5439284,INFO,ncbi,ncbi_higher_rank_divergence,platyhelminthes,NCBI_ID,6157,Kingdom=animalia,(absent from chain),1,global_uvp5,expected above family: the two registers use different higher classifications
c22d097d1ef4,INFO,ncbi,ncbi_higher_rank_divergence,platyias quadricornis,NCBI_ID,360688,Kingdom=animalia,(absent from chain),1,frepj,expected above family: the two registers use different higher classifications
b4013662bed8,INFO,ncbi,ncbi_higher_rank_divergence,pleuromamma abdominalis,NCBI_ID,503033,Kingdom=animalia,(absent from chain),3,tara_pacific_hsn;tara_pacific_manta;zooscan,expected above family: the two registers use different higher classifications
dc0038507fb6,INFO,ncbi,ncbi_higher_rank_divergence,pleuronema,NCBI_ID,31279,Kingdom=chromista,(absent from chain),1,whoi,expected above family: the two registers use different higher classifications
c365d799d9a8,INFO,ncbi,ncbi_higher_rank_divergence,pleurosigma,NCBI_ID,197752,Kingdom=chromista,(absent from chain),1,whoi,expected above family: the two registers use different higher classifications
2da2f8babb47,INFO,ncbi,ncbi_higher_rank_divergence,pleurosigma,NCBI_ID,197752,Phylum=heterokontophyta,(absent from chain),1,whoi,expected above family: the two registers use different higher classifications
ef7e08cd4d7c,INFO,ncbi,ncbi_higher_rank_divergence,pleurosigmataceae,NCBI_ID,197751,Kingdom=chromista,(absent from chain),2,medplanktonset;planktoscope,expected above family: the two registers use different higher classifications
982e2c4f5a8f,INFO,ncbi,ncbi_higher_rank_divergence,pleurosigmataceae,NCBI_ID,197751,Phylum=heterokontophyta,(absent from chain),2,medplanktonset;planktoscope,expected above family: the two registers use different higher classifications
e005bec50e2e,INFO,ncbi,ncbi_higher_rank_divergence,ploesoma,NCBI_ID,360689,Kingdom=animalia,(absent from chain),1,frepj,expected above family: the two registers use different higher classifications
4a48dbcf9f55,INFO,ncbi,ncbi_higher_rank_divergence,ploesoma hudsoni,NCBI_ID,360690,Kingdom=animalia,(absent from chain),1,frepj,expected above family: the two registers use different higher classifications
9a49ce95f64a,INFO,ncbi,ncbi_higher_rank_divergence,ploesoma truncatum,NCBI_ID,2851073,Kingdom=animalia,(absent from chain),1,frepj,expected above family: the two registers use different higher classifications
8eba050089c0,INFO,ncbi,ncbi_higher_rank_divergence,podolampas,NCBI_ID,699223,Kingdom=chromista,(absent from chain),4,flowcamnet;planktoscope;tara_pacific_bongo;tara_pacific_decknet,expected above family: the two registers use different higher classifications
faa476188091,INFO,ncbi,ncbi_higher_rank_divergence,podolampas,NCBI_ID,699223,Phylum=myzozoa,(absent from chain),4,flowcamnet;planktoscope;tara_pacific_bongo;tara_pacific_decknet,expected above family: the two registers use different higher classifications
46b7b509a5e4,INFO,ncbi,ncbi_higher_rank_divergence,podolampas bipes,NCBI_ID,699227,Kingdom=chromista,(absent from chain),1,planktoscope,expected above family: the two registers use different higher classifications
3275bdd10aa8,INFO,ncbi,ncbi_higher_rank_divergence,podolampas bipes,NCBI_ID,699227,Phylum=myzozoa,(absent from chain),1,planktoscope,expected above family: the two registers use different higher classifications
afe048d9e156,INFO,ncbi,ncbi_higher_rank_divergence,podolampas palmipes,NCBI_ID,699226,Kingdom=chromista,(absent from chain),1,medplanktonset,expected above family: the two registers use different higher classifications
232c9f9640f4,INFO,ncbi,ncbi_higher_rank_divergence,podolampas palmipes,NCBI_ID,699226,Phylum=myzozoa,(absent from chain),1,medplanktonset,expected above family: the two registers use different higher classifications
e3e0fdeff8d2,INFO,ncbi,ncbi_higher_rank_divergence,podon,NCBI_ID,141399,Kingdom=animalia,(absent from chain),5,planktoscope;sykezooscan2024;tara_pacific_hsn;zoocamnet;zooscan,expected above family: the two registers use different higher classifications
63971f1179d4,INFO,ncbi,ncbi_higher_rank_divergence,poeobius,NCBI_ID,307604,Kingdom=animalia,(absent from chain),2,global_uvp5;uvp6net,expected above family: the two registers use different higher classifications
26c9c7f7d6d3,INFO,ncbi,ncbi_higher_rank_divergence,polyarthra,NCBI_ID,3024083,Kingdom=animalia,(absent from chain),2,frepj;zoolake,expected above family: the two registers use different higher classifications
9483b78c90e1,INFO,ncbi,ncbi_higher_rank_divergence,polyarthra,NCBI_ID,3024083,Phylum=rotifera,(absent from chain),2,frepj;zoolake,expected above family: the two registers use different higher classifications
3cf98da2d288,INFO,ncbi,ncbi_higher_rank_divergence,polyarthra,NCBI_ID,3024083,Class=eurotatoria,(absent from chain),2,frepj;zoolake,expected above family: the two registers use different higher classifications
6df4eb60e007,INFO,ncbi,ncbi_higher_rank_divergence,polyarthra,NCBI_ID,3024083,Order=ploima,(absent from chain),2,frepj;zoolake,expected above family: the two registers use different higher classifications
5086af6eb0bf,INFO,ncbi,ncbi_higher_rank_divergence,polyarthra euryptera,NCBI_ID,3024083,Kingdom=animalia,(absent from chain),1,frepj,expected above family: the two registers use different higher classifications
03e58bb92f9b,INFO,ncbi,ncbi_higher_rank_divergence,polyarthra euryptera,NCBI_ID,3024083,Phylum=rotifera,(absent from chain),1,frepj,expected above family: the two registers use different higher classifications
a2a937db1a95,INFO,ncbi,ncbi_higher_rank_divergence,polyarthra euryptera,NCBI_ID,3024083,Class=eurotatoria,(absent from chain),1,frepj,expected above family: the two registers use different higher classifications
f7b0948049f8,INFO,ncbi,ncbi_higher_rank_divergence,polyarthra euryptera,NCBI_ID,3024083,Order=ploima,(absent from chain),1,frepj,expected above family: the two registers use different higher classifications
686da45b8b18,INFO,ncbi,ncbi_higher_rank_divergence,polyarthra remata,NCBI_ID,3024083,Kingdom=animalia,(absent from chain),1,frepj,expected above family: the two registers use different higher classifications
525759a948d8,INFO,ncbi,ncbi_higher_rank_divergence,polyarthra remata,NCBI_ID,3024083,Phylum=rotifera,(absent from chain),1,frepj,expected above family: the two registers use different higher classifications
17b0e0edec9f,INFO,ncbi,ncbi_higher_rank_divergence,polyarthra remata,NCBI_ID,3024083,Class=eurotatoria,(absent from chain),1,frepj,expected above family: the two registers use different higher classifications
aa124a078011,INFO,ncbi,ncbi_higher_rank_divergence,polyarthra remata,NCBI_ID,3024083,Order=ploima,(absent from chain),1,frepj,expected above family: the two registers use different higher classifications
e6ebad920746,INFO,ncbi,ncbi_higher_rank_divergence,polyarthra vulgaris,NCBI_ID,3024083,Kingdom=animalia,(absent from chain),1,frepj,expected above family: the two registers use different higher classifications
8c03d1eafca1,INFO,ncbi,ncbi_higher_rank_divergence,polyarthra vulgaris,NCBI_ID,3024083,Phylum=rotifera,(absent from chain),1,frepj,expected above family: the two registers use different higher classifications
052216e4a706,INFO,ncbi,ncbi_higher_rank_divergence,polyarthra vulgaris,NCBI_ID,3024083,Class=eurotatoria,(absent from chain),1,frepj,expected above family: the two registers use different higher classifications
746ff817227f,INFO,ncbi,ncbi_higher_rank_divergence,polyarthra vulgaris,NCBI_ID,3024083,Order=ploima,(absent from chain),1,frepj,expected above family: the two registers use different higher classifications
7f83d164b7b4,INFO,ncbi,ncbi_higher_rank_divergence,polychaeta,NCBI_ID,6341,Kingdom=animalia,(absent from chain),5,global_uvp5;jedioceans;planktonset1.0;sykezooscan2024;tara_pacific_bongo,expected above family: the two registers use different higher classifications
ee82d0d5f3af,INFO,ncbi,ncbi_higher_rank_divergence,polycystina,NCBI_ID,65582,Kingdom=chromista,(absent from chain),2,global_uvp5,expected above family: the two registers use different higher classifications
fdcd5ea23edb,INFO,ncbi,ncbi_higher_rank_divergence,polycystina,NCBI_ID,65582,Phylum=radiozoa,(absent from chain),2,global_uvp5,expected above family: the two registers use different higher classifications
c651baa536a9,INFO,ncbi,ncbi_higher_rank_divergence,polycystina,NCBI_ID,65582,Class=polycystina,(absent from chain),2,global_uvp5,expected above family: the two registers use different higher classifications
34ce80df56fe,INFO,ncbi,ncbi_higher_rank_divergence,polykrikos kofoidii,NCBI_ID,271679,Kingdom=chromista,(absent from chain),1,medplanktonset,expected above family: the two registers use different higher classifications
e66ec6eace9f,INFO,ncbi,ncbi_higher_rank_divergence,polykrikos kofoidii,NCBI_ID,271679,Phylum=myzozoa,(absent from chain),1,medplanktonset,expected above family: the two registers use different higher classifications
dd69a77d1482,INFO,ncbi,ncbi_higher_rank_divergence,pompholyx,NCBI_ID,2739615,Kingdom=animalia,(absent from chain),1,frepj,expected above family: the two registers use different higher classifications
77dffb5bb2d8,INFO,ncbi,ncbi_higher_rank_divergence,pompholyx sulcata,NCBI_ID,2739616,Kingdom=animalia,(absent from chain),1,frepj,expected above family: the two registers use different higher classifications
c9259b4b2510,INFO,ncbi,ncbi_higher_rank_divergence,pontellidae,NCBI_ID,163235,Kingdom=animalia,(absent from chain),4,tara_pacific_hsn;tara_pacific_manta;zoocamnet;zooscan,expected above family: the two registers use different higher classifications
43c554f9f9f3,INFO,ncbi,ncbi_higher_rank_divergence,porcellanidae,NCBI_ID,84660,Kingdom=animalia,(absent from chain),4,tara_pacific_hsn;tara_pacific_manta;zoocamnet;zooscan,expected above family: the two registers use different higher classifications
3c1f79b095ad,INFO,ncbi,ncbi_higher_rank_divergence,porifera,NCBI_ID,6040,Kingdom=animalia,(absent from chain),1,planktoscope,expected above family: the two registers use different higher classifications
4e67e8abb10e,INFO,ncbi,ncbi_higher_rank_divergence,poroecus,NCBI_ID,180938,Kingdom=chromista,(absent from chain),3,flowcamnet;tara_pacific_bongo;tara_pacific_decknet,expected above family: the two registers use different higher classifications
87b3f4bf45e3,INFO,ncbi,ncbi_higher_rank_divergence,poroecus,NCBI_ID,180938,Class=oligotrichea,(absent from chain),3,flowcamnet;tara_pacific_bongo;tara_pacific_decknet,expected above family: the two registers use different higher classifications
c7ab86611ebd,INFO,ncbi,ncbi_higher_rank_divergence,poroecus,NCBI_ID,180938,Order=choreotrichida,(absent from chain),3,flowcamnet;tara_pacific_bongo;tara_pacific_decknet,expected above family: the two registers use different higher classifications
a49df050eb8a,INFO,ncbi,ncbi_higher_rank_divergence,proboscia,NCBI_ID,216776,Kingdom=chromista,(absent from chain),1,planktoscope,expected above family: the two registers use different higher classifications
a54958fa237d,INFO,ncbi,ncbi_higher_rank_divergence,proboscia,NCBI_ID,216776,Phylum=heterokontophyta,(absent from chain),1,planktoscope,expected above family: the two registers use different higher classifications
1541e4667842,INFO,ncbi,ncbi_higher_rank_divergence,proboscia,NCBI_ID,216776,Class=bacillariophyceae,(absent from chain),1,planktoscope,expected above family: the two registers use different higher classifications
28df6b647a49,INFO,ncbi,ncbi_higher_rank_divergence,proboscia,NCBI_ID,216776,Order=rhizosoleniales,(absent from chain),1,planktoscope,expected above family: the two registers use different higher classifications
e8737e67e499,INFO,ncbi,ncbi_higher_rank_divergence,proplectella,NCBI_ID,3698981,Kingdom=chromista,(absent from chain),1,planktoscope,expected above family: the two registers use different higher classifications
5c7caa3b53ab,INFO,ncbi,ncbi_higher_rank_divergence,proplectella,NCBI_ID,3698981,Class=oligotrichea,(absent from chain),1,planktoscope,expected above family: the two registers use different higher classifications
4564d2f4659c,INFO,ncbi,ncbi_higher_rank_divergence,proplectella,NCBI_ID,3698981,Order=choreotrichida,(absent from chain),1,planktoscope,expected above family: the two registers use different higher classifications
47ab18141ae7,INFO,ncbi,ncbi_higher_rank_divergence,prorocentrum,NCBI_ID,2944,Kingdom=chromista,(absent from chain),1,whoi,expected above family: the two registers use different higher classifications
c3641675d150,INFO,ncbi,ncbi_higher_rank_divergence,prorocentrum,NCBI_ID,2944,Phylum=myzozoa,(absent from chain),1,whoi,expected above family: the two registers use different higher classifications
65885952e6bb,INFO,ncbi,ncbi_higher_rank_divergence,prorocentrum cordatum,NCBI_ID,2364126,Kingdom=chromista,(absent from chain),1,syke_ifcb_2022,expected above family: the two registers use different higher classifications
677d9401c17f,INFO,ncbi,ncbi_higher_rank_divergence,prorocentrum cordatum,NCBI_ID,2364126,Phylum=myzozoa,(absent from chain),1,syke_ifcb_2022,expected above family: the two registers use different higher classifications
934cc78b8e44,INFO,ncbi,ncbi_higher_rank_divergence,prorocentrum gracile,NCBI_ID,237470,Kingdom=chromista,(absent from chain),1,medplanktonset,expected above family: the two registers use different higher classifications
b66c3b262437,INFO,ncbi,ncbi_higher_rank_divergence,prorocentrum gracile,NCBI_ID,237470,Phylum=myzozoa,(absent from chain),1,medplanktonset,expected above family: the two registers use different higher classifications
6dbe37fd71c6,INFO,ncbi,ncbi_higher_rank_divergence,prorocentrum redfieldii,NCBI_ID,2820087,Kingdom=chromista,(absent from chain),1,medplanktonset,expected above family: the two registers use different higher classifications
c48c490773b1,INFO,ncbi,ncbi_higher_rank_divergence,prorocentrum redfieldii,NCBI_ID,2820087,Phylum=myzozoa,(absent from chain),1,medplanktonset,expected above family: the two registers use different higher classifications
4113b6a1a83b,INFO,ncbi,ncbi_higher_rank_divergence,proterythropsis,NCBI_ID,651421,Kingdom=chromista,(absent from chain),1,whoi,expected above family: the two registers use different higher classifications
7f2d15c1a4c4,INFO,ncbi,ncbi_higher_rank_divergence,proterythropsis,NCBI_ID,651421,Phylum=myzozoa,(absent from chain),1,whoi,expected above family: the two registers use different higher classifications
3dc4232fe487,INFO,ncbi,ncbi_higher_rank_divergence,protoceratium reticulatum,NCBI_ID,133427,Kingdom=chromista,(absent from chain),1,medplanktonset,expected above family: the two registers use different higher classifications
d7642abf314b,INFO,ncbi,ncbi_higher_rank_divergence,protoceratium reticulatum,NCBI_ID,133427,Phylum=myzozoa,(absent from chain),1,medplanktonset,expected above family: the two registers use different higher classifications
198e7f95819f,INFO,ncbi,ncbi_higher_rank_divergence,protoperidinium,NCBI_ID,261839,Kingdom=chromista,(absent from chain),5,flowcamnet;planktoscope;tara_pacific_bongo;tara_pacific_decknet;whoi,expected above family: the two registers use different higher classifications
e1ae3e7f34d1,INFO,ncbi,ncbi_higher_rank_divergence,protoperidinium,NCBI_ID,261839,Phylum=myzozoa,(absent from chain),5,flowcamnet;planktoscope;tara_pacific_bongo;tara_pacific_decknet;whoi,expected above family: the two registers use different higher classifications
0eb0a32c55e8,INFO,ncbi,ncbi_higher_rank_divergence,protoperidinium diabolus,NCBI_ID,261839,Kingdom=chromista,(absent from chain),1,medplanktonset,expected above family: the two registers use different higher classifications
aa9dd63d4b83,INFO,ncbi,ncbi_higher_rank_divergence,protoperidinium diabolus,NCBI_ID,261839,Phylum=myzozoa,(absent from chain),1,medplanktonset,expected above family: the two registers use different higher classifications
859d3807bb9b,INFO,ncbi,ncbi_higher_rank_divergence,protoperidinium divergens,NCBI_ID,281611,Kingdom=chromista,(absent from chain),1,medplanktonset,expected above family: the two registers use different higher classifications
cf339feed10b,INFO,ncbi,ncbi_higher_rank_divergence,protoperidinium divergens,NCBI_ID,281611,Phylum=myzozoa,(absent from chain),1,medplanktonset,expected above family: the two registers use different higher classifications
2b9b80567e3b,INFO,ncbi,ncbi_higher_rank_divergence,pseliodinium fusus,NCBI_ID,2893593,Kingdom=chromista,(absent from chain),1,medplanktonset,expected above family: the two registers use different higher classifications
f5771a6958d6,INFO,ncbi,ncbi_higher_rank_divergence,pseliodinium fusus,NCBI_ID,2893593,Phylum=myzozoa,(absent from chain),1,medplanktonset,expected above family: the two registers use different higher classifications
c590f8068cb4,INFO,ncbi,ncbi_higher_rank_divergence,pseliodinium fusus,NCBI_ID,2893593,Order=peridiniales,(absent from chain),1,medplanktonset,expected above family: the two registers use different higher classifications
06354b1cd870,INFO,ncbi,ncbi_higher_rank_divergence,pseudo-nitzschia,NCBI_ID,41953,Kingdom=chromista,(absent from chain),12,flowcamnet;medplanktonset;planktoscope;tara_pacific_bongo;tara_pacific_decknet;whoi,expected above family: the two registers use different higher classifications
363b918e5f69,INFO,ncbi,ncbi_higher_rank_divergence,pseudo-nitzschia,NCBI_ID,41953,Phylum=heterokontophyta,(absent from chain),12,flowcamnet;medplanktonset;planktoscope;tara_pacific_bongo;tara_pacific_decknet;whoi,expected above family: the two registers use different higher classifications
93a1be4a5021,INFO,ncbi,ncbi_higher_rank_divergence,pseudocalanus,NCBI_ID,119371,Kingdom=animalia,(absent from chain),1,global_uvp5,expected above family: the two registers use different higher classifications
5ca209f87910,INFO,ncbi,ncbi_higher_rank_divergence,pseudochattonella farcimen,NCBI_ID,465777,Kingdom=chromista,(absent from chain),1,whoi,expected above family: the two registers use different higher classifications
bdc9c3d69e0a,INFO,ncbi,ncbi_higher_rank_divergence,pseudopedinella,NCBI_ID,35683,Kingdom=chromista,(absent from chain),2,daplankton;syke_ifcb_2022,expected above family: the two registers use different higher classifications
043abacb1bfa,INFO,ncbi,ncbi_higher_rank_divergence,pseudosolenia,NCBI_ID,1334974,Kingdom=chromista,(absent from chain),1,planktoscope,expected above family: the two registers use different higher classifications
d81db7ec90ec,INFO,ncbi,ncbi_higher_rank_divergence,pseudosolenia,NCBI_ID,1334974,Phylum=heterokontophyta,(absent from chain),1,planktoscope,expected above family: the two registers use different higher classifications
a151628374d3,INFO,ncbi,ncbi_higher_rank_divergence,pseudosolenia,NCBI_ID,1334974,Class=bacillariophyceae,(absent from chain),1,planktoscope,expected above family: the two registers use different higher classifications
1bacf9e99e48,INFO,ncbi,ncbi_higher_rank_divergence,pseudosolenia calcar-avis,NCBI_ID,1334975,Kingdom=chromista,(absent from chain),1,medplanktonset,expected above family: the two registers use different higher classifications
cd119caa29e7,INFO,ncbi,ncbi_higher_rank_divergence,pseudosolenia calcar-avis,NCBI_ID,1334975,Phylum=heterokontophyta,(absent from chain),1,medplanktonset,expected above family: the two registers use different higher classifications
2756adbe4024,INFO,ncbi,ncbi_higher_rank_divergence,pseudosolenia calcar-avis,NCBI_ID,1334975,Class=bacillariophyceae,(absent from chain),1,medplanktonset,expected above family: the two registers use different higher classifications
62f8c49988f5,INFO,ncbi,ncbi_higher_rank_divergence,pteropoda,NCBI_ID,977783,Kingdom=animalia,(absent from chain),6,global_uvp5;jedioceans;planktonset1.0;tara_pacific_hsn;tara_pacific_manta;zooscan,expected above family: the two registers use different higher classifications
5bb8da829d43,INFO,ncbi,ncbi_higher_rank_divergence,pterosperma,NCBI_ID,38835,Kingdom=plantae,(absent from chain),3,medplanktonset;planktoscope;tara_pacific_decknet,expected above family: the two registers use different higher classifications
96ae34f48268,INFO,ncbi,ncbi_higher_rank_divergence,ptychocylis,NCBI_ID,1050074,Kingdom=chromista,(absent from chain),1,planktoscope,expected above family: the two registers use different higher classifications
b9bb9842faa9,INFO,ncbi,ncbi_higher_rank_divergence,ptychocylis,NCBI_ID,1050074,Class=oligotrichea,(absent from chain),1,planktoscope,expected above family: the two registers use different higher classifications
cfd58be72e9d,INFO,ncbi,ncbi_higher_rank_divergence,ptychocylis,NCBI_ID,1050074,Order=choreotrichida,(absent from chain),1,planktoscope,expected above family: the two registers use different higher classifications
5d4d4350535a,INFO,ncbi,ncbi_higher_rank_divergence,pyramimonas,NCBI_ID,36882,Kingdom=plantae,(absent from chain),3,daplankton;medplanktonset;syke_ifcb_2022,expected above family: the two registers use different higher classifications
9f4790739f5b,INFO,ncbi,ncbi_higher_rank_divergence,pyramimonas longicauda,NCBI_ID,36882,Kingdom=plantae,(absent from chain),1,whoi,expected above family: the two registers use different higher classifications
1698d21e6ead,INFO,ncbi,ncbi_higher_rank_divergence,pyrocystaceae,NCBI_ID,1573500,Kingdom=chromista,(absent from chain),6,flowcamnet;tara_pacific_bongo;tara_pacific_decknet;tara_pacific_hsn;tara_pacific_manta,expected above family: the two registers use different higher classifications
fb8b619f9e68,INFO,ncbi,ncbi_higher_rank_divergence,pyrocystaceae,NCBI_ID,1573500,Phylum=myzozoa,(absent from chain),6,flowcamnet;tara_pacific_bongo;tara_pacific_decknet;tara_pacific_hsn;tara_pacific_manta,expected above family: the two registers use different higher classifications
02175ec58664,INFO,ncbi,ncbi_higher_rank_divergence,pyrocystis,NCBI_ID,2971,Kingdom=chromista,(absent from chain),2,isiisnet;planktoscope,expected above family: the two registers use different higher classifications
97a528b112d7,INFO,ncbi,ncbi_higher_rank_divergence,pyrocystis,NCBI_ID,2971,Phylum=myzozoa,(absent from chain),2,isiisnet;planktoscope,expected above family: the two registers use different higher classifications
92a08f14f876,INFO,ncbi,ncbi_higher_rank_divergence,pyrocystis fusiformis,NCBI_ID,295513,Kingdom=chromista,(absent from chain),1,planktoscope,expected above family: the two registers use different higher classifications
c7f941c37fa3,INFO,ncbi,ncbi_higher_rank_divergence,pyrocystis fusiformis,NCBI_ID,295513,Phylum=myzozoa,(absent from chain),1,planktoscope,expected above family: the two registers use different higher classifications
7124bba3d579,INFO,ncbi,ncbi_higher_rank_divergence,pyrocystis hamulus,NCBI_ID,2971,Kingdom=chromista,(absent from chain),1,planktoscope,expected above family: the two registers use different higher classifications
060c04f3706b,INFO,ncbi,ncbi_higher_rank_divergence,pyrocystis hamulus,NCBI_ID,2971,Phylum=myzozoa,(absent from chain),1,planktoscope,expected above family: the two registers use different higher classifications
03d9a7da3b10,INFO,ncbi,ncbi_higher_rank_divergence,pyrocystis lunula,NCBI_ID,2972,Kingdom=chromista,(absent from chain),2,medplanktonset;planktoscope,expected above family: the two registers use different higher classifications
2309b46426ad,INFO,ncbi,ncbi_higher_rank_divergence,pyrocystis lunula,NCBI_ID,2972,Phylum=myzozoa,(absent from chain),2,medplanktonset;planktoscope,expected above family: the two registers use different higher classifications
7fff308b4248,INFO,ncbi,ncbi_higher_rank_divergence,pyrocystis pseudonoctiluca,NCBI_ID,2971,Kingdom=chromista,(absent from chain),1,planktoscope,expected above family: the two registers use different higher classifications
1bc11371878a,INFO,ncbi,ncbi_higher_rank_divergence,pyrocystis pseudonoctiluca,NCBI_ID,2971,Phylum=myzozoa,(absent from chain),1,planktoscope,expected above family: the two registers use different higher classifications
633fa3aadfcd,INFO,ncbi,ncbi_higher_rank_divergence,pyrophacus,NCBI_ID,261841,Kingdom=chromista,(absent from chain),4,flowcamnet;planktoscope;tara_pacific_bongo;tara_pacific_decknet,expected above family: the two registers use different higher classifications
dadf75247789,INFO,ncbi,ncbi_higher_rank_divergence,pyrophacus,NCBI_ID,261841,Phylum=myzozoa,(absent from chain),4,flowcamnet;planktoscope;tara_pacific_bongo;tara_pacific_decknet,expected above family: the two registers use different higher classifications
4040f8946ce7,INFO,ncbi,ncbi_higher_rank_divergence,pyrophacus,NCBI_ID,261841,Order=gonyaulacales,(absent from chain),4,flowcamnet;planktoscope;tara_pacific_bongo;tara_pacific_decknet,expected above family: the two registers use different higher classifications
a1024407f77f,INFO,ncbi,ncbi_higher_rank_divergence,pyrophacus horologium,NCBI_ID,3111395,Kingdom=chromista,(absent from chain),1,medplanktonset,expected above family: the two registers use different higher classifications
4a22a3593dd2,INFO,ncbi,ncbi_higher_rank_divergence,pyrophacus horologium,NCBI_ID,3111395,Phylum=myzozoa,(absent from chain),1,medplanktonset,expected above family: the two registers use different higher classifications
2dc7f5cd5531,INFO,ncbi,ncbi_higher_rank_divergence,pyrophacus horologium,NCBI_ID,3111395,Order=gonyaulacales,(absent from chain),1,medplanktonset,expected above family: the two registers use different higher classifications
19a818ecc791,INFO,ncbi,ncbi_higher_rank_divergence,pyrosoma,NCBI_ID,76844,Kingdom=animalia,(absent from chain),1,global_uvp5,expected above family: the two registers use different higher classifications
bb61f7cecf3c,INFO,ncbi,ncbi_higher_rank_divergence,pyrosoma,NCBI_ID,76844,Order=pyrosomatida,(absent from chain),1,global_uvp5,expected above family: the two registers use different higher classifications
3624bab508b0,INFO,ncbi,ncbi_higher_rank_divergence,pyrosomatida,NCBI_ID,76842,Kingdom=animalia,(absent from chain),3,global_uvp5;tara_pacific_manta;zooscan,expected above family: the two registers use different higher classifications
82eee950973e,INFO,ncbi,ncbi_higher_rank_divergence,pyrosomatida,NCBI_ID,76842,Order=pyrosomatida,(absent from chain),3,global_uvp5;tara_pacific_manta;zooscan,expected above family: the two registers use different higher classifications
031322d67fde,INFO,ncbi,ncbi_higher_rank_divergence,radiozoa,NCBI_ID,543769,Kingdom=chromista,(absent from chain),7,jedioceans;medplanktonset;planktonset1.0;planktoscope,expected above family: the two registers use different higher classifications
775e61a215a6,INFO,ncbi,ncbi_higher_rank_divergence,radiozoa,NCBI_ID,543769,Phylum=radiozoa,(absent from chain),7,jedioceans;medplanktonset;planktonset1.0;planktoscope,expected above family: the two registers use different higher classifications
c0cffd030d81,INFO,ncbi,ncbi_higher_rank_divergence,rhabdonella,NCBI_ID,211027,Kingdom=chromista,(absent from chain),4,flowcamnet;planktoscope;tara_pacific_bongo;tara_pacific_decknet,expected above family: the two registers use different higher classifications
3cf60e159092,INFO,ncbi,ncbi_higher_rank_divergence,rhabdonella,NCBI_ID,211027,Class=oligotrichea,(absent from chain),4,flowcamnet;planktoscope;tara_pacific_bongo;tara_pacific_decknet,expected above family: the two registers use different higher classifications
6d9c2978dd17,INFO,ncbi,ncbi_higher_rank_divergence,rhabdonella,NCBI_ID,211027,Order=choreotrichida,(absent from chain),4,flowcamnet;planktoscope;tara_pacific_bongo;tara_pacific_decknet,expected above family: the two registers use different higher classifications
0cf61886594d,INFO,ncbi,ncbi_higher_rank_divergence,rhabdonellopsis,NCBI_ID,211026,Kingdom=chromista,(absent from chain),3,planktoscope;tara_pacific_bongo;tara_pacific_decknet,expected above family: the two registers use different higher classifications
d01a2f005a73,INFO,ncbi,ncbi_higher_rank_divergence,rhabdonellopsis,NCBI_ID,211026,Class=oligotrichea,(absent from chain),3,planktoscope;tara_pacific_bongo;tara_pacific_decknet,expected above family: the two registers use different higher classifications
d78d21a351b7,INFO,ncbi,ncbi_higher_rank_divergence,rhabdonellopsis,NCBI_ID,211026,Order=choreotrichida,(absent from chain),3,planktoscope;tara_pacific_bongo;tara_pacific_decknet,expected above family: the two registers use different higher classifications
2bbed77b68d2,INFO,ncbi,ncbi_higher_rank_divergence,rhabdosphaera clavigera,NCBI_ID,418941,Kingdom=chromista,(absent from chain),1,medplanktonset,expected above family: the two registers use different higher classifications
bdffb0f0421c,INFO,ncbi,ncbi_higher_rank_divergence,rhabdosphaera clavigera,NCBI_ID,418941,Class=coccolithophyceae,(absent from chain),1,medplanktonset,expected above family: the two registers use different higher classifications
96adcb44716c,INFO,ncbi,ncbi_higher_rank_divergence,rhincalanidae,NCBI_ID,6833,Kingdom=animalia,(absent from chain),2,tara_pacific_hsn;zooscan,expected above family: the two registers use different higher classifications
8261fabfb728,INFO,ncbi,ncbi_higher_rank_divergence,rhinomonas nottbeckii,NCBI_ID,1326783,Kingdom=chromista,(absent from chain),1,daplankton,expected above family: the two registers use different higher classifications
4067a17426da,INFO,ncbi,ncbi_higher_rank_divergence,rhinomonas nottbeckii,NCBI_ID,1326783,Phylum=cryptophyta,(absent from chain),1,daplankton,expected above family: the two registers use different higher classifications
c57eba569666,INFO,ncbi,ncbi_higher_rank_divergence,rhizosolenia,NCBI_ID,3004,Kingdom=chromista,(absent from chain),12,flowcamnet;planktoscope;tara_pacific_bongo;tara_pacific_decknet;whoi;zoocamnet,expected above family: the two registers use different higher classifications
89da07a15f4a,INFO,ncbi,ncbi_higher_rank_divergence,rhizosolenia,NCBI_ID,3004,Phylum=heterokontophyta,(absent from chain),12,flowcamnet;planktoscope;tara_pacific_bongo;tara_pacific_decknet;whoi;zoocamnet,expected above family: the two registers use different higher classifications
74684f369500,INFO,ncbi,ncbi_higher_rank_divergence,rhizosolenia,NCBI_ID,3004,Class=bacillariophyceae,(absent from chain),12,flowcamnet;planktoscope;tara_pacific_bongo;tara_pacific_decknet;whoi;zoocamnet,expected above family: the two registers use different higher classifications
04473c400737,INFO,ncbi,ncbi_higher_rank_divergence,rhizosolenia bergonii,NCBI_ID,2795197,Kingdom=chromista,(absent from chain),1,planktoscope,expected above family: the two registers use different higher classifications
364f3e9c20c2,INFO,ncbi,ncbi_higher_rank_divergence,rhizosolenia bergonii,NCBI_ID,2795197,Phylum=heterokontophyta,(absent from chain),1,planktoscope,expected above family: the two registers use different higher classifications
f70d7113ac2f,INFO,ncbi,ncbi_higher_rank_divergence,rhizosolenia bergonii,NCBI_ID,2795197,Class=bacillariophyceae,(absent from chain),1,planktoscope,expected above family: the two registers use different higher classifications
0e1868b97355,INFO,ncbi,ncbi_higher_rank_divergence,rhizosoleniaceae,NCBI_ID,33845,Kingdom=chromista,(absent from chain),4,flowcamnet;medplanktonset;planktoscope,expected above family: the two registers use different higher classifications
24c0231bfc14,INFO,ncbi,ncbi_higher_rank_divergence,rhizosoleniaceae,NCBI_ID,33845,Phylum=heterokontophyta,(absent from chain),4,flowcamnet;medplanktonset;planktoscope,expected above family: the two registers use different higher classifications
10e8eb819996,INFO,ncbi,ncbi_higher_rank_divergence,rhizosoleniaceae,NCBI_ID,33845,Class=bacillariophyceae,(absent from chain),4,flowcamnet;medplanktonset;planktoscope,expected above family: the two registers use different higher classifications
78e2d5c2f8c9,INFO,ncbi,ncbi_higher_rank_divergence,rhizostomeae,NCBI_ID,37535,Kingdom=animalia,(absent from chain),1,global_uvp5,expected above family: the two registers use different higher classifications
472152cd3e9e,INFO,ncbi,ncbi_higher_rank_divergence,rhodomonas salina,NCBI_ID,3034,Kingdom=chromista,(absent from chain),1,daplankton,expected above family: the two registers use different higher classifications
12e075d334f8,INFO,ncbi,ncbi_higher_rank_divergence,rhodomonas salina,NCBI_ID,3034,Phylum=cryptophyta,(absent from chain),1,daplankton,expected above family: the two registers use different higher classifications
99dacb9b8147,INFO,ncbi,ncbi_higher_rank_divergence,rhopalonema,NCBI_ID,497492,Kingdom=animalia,(absent from chain),1,global_uvp5,expected above family: the two registers use different higher classifications
be24baf8c029,INFO,ncbi,ncbi_higher_rank_divergence,rhopalonema velatum,NCBI_ID,497494,Kingdom=animalia,(absent from chain),3,global_uvp5;tara_pacific_manta;zooscan,expected above family: the two registers use different higher classifications
cba200879304,INFO,ncbi,ncbi_higher_rank_divergence,rhopalonematidae,NCBI_ID,168727,Kingdom=animalia,(absent from chain),2,global_uvp5;isiisnet,expected above family: the two registers use different higher classifications
82c3b092f393,INFO,ncbi,ncbi_higher_rank_divergence,richelia,NCBI_ID,98443,Phylum=cyanobacteria,(absent from chain),3,flowcamnet;tara_pacific_bongo;tara_pacific_decknet,expected above family: the two registers use different higher classifications
9c9719f60ffd,INFO,ncbi,ncbi_higher_rank_divergence,rotaria neptunia,NCBI_ID,231625,Kingdom=animalia,(absent from chain),1,frepj,expected above family: the two registers use different higher classifications
460c00ad761c,INFO,ncbi,ncbi_higher_rank_divergence,rotifera,NCBI_ID,10190,Kingdom=animalia,(absent from chain),3,planktoscope;tara_pacific_decknet;zoolake,expected above family: the two registers use different higher classifications
468ed3d7b6e9,INFO,ncbi,ncbi_higher_rank_divergence,sagitta,NCBI_ID,10230,Kingdom=animalia,(absent from chain),1,planktonset1.0,expected above family: the two registers use different higher classifications
54585cc06cfb,INFO,ncbi,ncbi_higher_rank_divergence,salpida,NCBI_ID,30307,Kingdom=animalia,(absent from chain),16,global_uvp5;jedioceans;planktonset1.0;tara_pacific_hsn;tara_pacific_manta;uvp6net;zooscan,expected above family: the two registers use different higher classifications
18cdfb144bc9,INFO,ncbi,ncbi_higher_rank_divergence,salpidae,NCBI_ID,34759,Kingdom=animalia,(absent from chain),5,global_uvp5;tara_pacific_hsn;tara_pacific_manta;zooscan,expected above family: the two registers use different higher classifications
e7aa72343f93,INFO,ncbi,ncbi_higher_rank_divergence,salpingella,NCBI_ID,513280,Kingdom=chromista,(absent from chain),3,flowcamnet;planktoscope;tara_pacific_decknet,expected above family: the two registers use different higher classifications
a99f878aba4f,INFO,ncbi,ncbi_higher_rank_divergence,salpingella,NCBI_ID,513280,Class=oligotrichea,(absent from chain),3,flowcamnet;planktoscope;tara_pacific_decknet,expected above family: the two registers use different higher classifications
b3e8c10777cb,INFO,ncbi,ncbi_higher_rank_divergence,salpingella,NCBI_ID,513280,Order=choreotrichida,(absent from chain),3,flowcamnet;planktoscope;tara_pacific_decknet,expected above family: the two registers use different higher classifications
61923bbf15cc,INFO,ncbi,ncbi_higher_rank_divergence,sapphirinidae,NCBI_ID,545089,Kingdom=animalia,(absent from chain),3,tara_pacific_hsn;tara_pacific_manta;zooscan,expected above family: the two registers use different higher classifications
7b3ce7278cf1,INFO,ncbi,ncbi_higher_rank_divergence,sapphirinidae,NCBI_ID,545089,Order=cyclopoida,(absent from chain),3,tara_pacific_hsn;tara_pacific_manta;zooscan,expected above family: the two registers use different higher classifications
c00a04db149f,INFO,ncbi,ncbi_higher_rank_divergence,sarsia,NCBI_ID,6078,Kingdom=animalia,(absent from chain),1,global_uvp5,expected above family: the two registers use different higher classifications
f6628b0803ae,INFO,ncbi,ncbi_higher_rank_divergence,scaridium longicaudum,NCBI_ID,360701,Kingdom=animalia,(absent from chain),1,frepj,expected above family: the two registers use different higher classifications
d79575390330,INFO,ncbi,ncbi_higher_rank_divergence,scrippsiella,NCBI_ID,54902,Kingdom=chromista,(absent from chain),1,medplanktonset,expected above family: the two registers use different higher classifications
4399815d0d32,INFO,ncbi,ncbi_higher_rank_divergence,scrippsiella,NCBI_ID,54902,Phylum=myzozoa,(absent from chain),1,medplanktonset,expected above family: the two registers use different higher classifications
0fc02221cdd5,INFO,ncbi,ncbi_higher_rank_divergence,scrippsiella,NCBI_ID,54902,Order=thoracosphaerales,(absent from chain),1,medplanktonset,expected above family: the two registers use different higher classifications
748f1cc5c777,INFO,ncbi,ncbi_higher_rank_divergence,scyphosphaera apsteinii,NCBI_ID,418940,Kingdom=chromista,(absent from chain),2,medplanktonset;planktoscope,expected above family: the two registers use different higher classifications
541c2c33301f,INFO,ncbi,ncbi_higher_rank_divergence,scyphosphaera apsteinii,NCBI_ID,418940,Class=coccolithophyceae,(absent from chain),2,medplanktonset;planktoscope,expected above family: the two registers use different higher classifications
3efdc5b4db8e,INFO,ncbi,ncbi_higher_rank_divergence,scyphosphaera apsteinii,NCBI_ID,418940,Order=zygodiscales,(absent from chain),2,medplanktonset;planktoscope,expected above family: the two registers use different higher classifications
aeebabfb1a46,INFO,ncbi,ncbi_higher_rank_divergence,scyphozoa,NCBI_ID,6142,Kingdom=animalia,(absent from chain),6,global_uvp5;isiisnet;planktonset1.0;tara_pacific_hsn;tara_pacific_manta;zooscan,expected above family: the two registers use different higher classifications
691f55ba0e57,INFO,ncbi,ncbi_higher_rank_divergence,semaeostomeae,NCBI_ID,6143,Kingdom=animalia,(absent from chain),1,global_uvp5,expected above family: the two registers use different higher classifications
7c115552c3f7,INFO,ncbi,ncbi_higher_rank_divergence,sergestidae,NCBI_ID,111522,Kingdom=animalia,(absent from chain),4,planktonset1.0;tara_pacific_hsn;tara_pacific_manta;zooscan,expected above family: the two registers use different higher classifications
7faefcaa56a5,INFO,ncbi,ncbi_higher_rank_divergence,sessilia,NCBI_ID,116172,Kingdom=animalia,(absent from chain),1,sykezooscan2024,expected above family: the two registers use different higher classifications
57d7756b5c63,INFO,ncbi,ncbi_higher_rank_divergence,simocephalus serrulatus,NCBI_ID,117539,Kingdom=animalia,(absent from chain),1,frepj,expected above family: the two registers use different higher classifications
07ce2c8f1f96,INFO,ncbi,ncbi_higher_rank_divergence,simocephalus vetulus,NCBI_ID,77651,Kingdom=animalia,(absent from chain),1,frepj,expected above family: the two registers use different higher classifications
2df839c6cdc0,INFO,ncbi,ncbi_higher_rank_divergence,sinocalanus tenellus,NCBI_ID,207960,Kingdom=animalia,(absent from chain),1,frepj,expected above family: the two registers use different higher classifications
33b6c1178e66,INFO,ncbi,ncbi_higher_rank_divergence,sinodiaptomus sarsi,NCBI_ID,555048,Kingdom=animalia,(absent from chain),1,frepj,expected above family: the two registers use different higher classifications
684ee2f79633,INFO,ncbi,ncbi_higher_rank_divergence,sinodiaptomus valkano,NCBI_ID,555049,Kingdom=animalia,(absent from chain),1,frepj,expected above family: the two registers use different higher classifications
5f09b5b115f9,INFO,ncbi,ncbi_higher_rank_divergence,siphodera,NCBI_ID,234078,Kingdom=animalia,(absent from chain),1,global_uvp5,expected above family: the two registers use different higher classifications
01d335210292,INFO,ncbi,ncbi_higher_rank_divergence,siphodera,NCBI_ID,234078,Order=plagiorchiida,(absent from chain),1,global_uvp5,expected above family: the two registers use different higher classifications
0a2322e9b83d,INFO,ncbi,ncbi_higher_rank_divergence,siphonophora,NCBI_ID,2099839,Kingdom=animalia,(absent from chain),1,jedioceans,expected above family: the two registers use different higher classifications
0e9af65c3ab3,INFO,ncbi,ncbi_higher_rank_divergence,siphonophorae,NCBI_ID,42759,Kingdom=animalia,(absent from chain),23,global_uvp5;isiisnet;planktonset1.0;tara_pacific_hsn;tara_pacific_manta;uvp6net;zoocamnet;zooscan,expected above family: the two registers use different higher classifications
62b96361f207,INFO,ncbi,ncbi_higher_rank_divergence,skeletonema,NCBI_ID,2842,Kingdom=chromista,(absent from chain),3,medplanktonset;planktoscope;whoi,expected above family: the two registers use different higher classifications
3ace57f6a86b,INFO,ncbi,ncbi_higher_rank_divergence,skeletonema,NCBI_ID,2842,Phylum=heterokontophyta,(absent from chain),3,medplanktonset;planktoscope;whoi,expected above family: the two registers use different higher classifications
119973c77f95,INFO,ncbi,ncbi_higher_rank_divergence,skeletonema,NCBI_ID,2842,Class=bacillariophyceae,(absent from chain),3,medplanktonset;planktoscope;whoi,expected above family: the two registers use different higher classifications
6777654a11b4,INFO,ncbi,ncbi_higher_rank_divergence,skeletonema marinoi,NCBI_ID,267567,Kingdom=chromista,(absent from chain),2,daplankton;syke_ifcb_2022,expected above family: the two registers use different higher classifications
c580283342fc,INFO,ncbi,ncbi_higher_rank_divergence,skeletonema marinoi,NCBI_ID,267567,Phylum=heterokontophyta,(absent from chain),2,daplankton;syke_ifcb_2022,expected above family: the two registers use different higher classifications
a6471ad22713,INFO,ncbi,ncbi_higher_rank_divergence,skeletonema marinoi,NCBI_ID,267567,Class=bacillariophyceae,(absent from chain),2,daplankton;syke_ifcb_2022,expected above family: the two registers use different higher classifications
79a20c767544,INFO,ncbi,ncbi_higher_rank_divergence,skeletonema menzelii,NCBI_ID,216823,Kingdom=chromista,(absent from chain),1,medplanktonset,expected above family: the two registers use different higher classifications
369ee7ae1806,INFO,ncbi,ncbi_higher_rank_divergence,skeletonema menzelii,NCBI_ID,216823,Phylum=heterokontophyta,(absent from chain),1,medplanktonset,expected above family: the two registers use different higher classifications
0548bd855267,INFO,ncbi,ncbi_higher_rank_divergence,skeletonema menzelii,NCBI_ID,216823,Class=bacillariophyceae,(absent from chain),1,medplanktonset,expected above family: the two registers use different higher classifications
378acad065f5,INFO,ncbi,ncbi_higher_rank_divergence,sminthea,NCBI_ID,1538290,Kingdom=animalia,(absent from chain),1,global_uvp5,expected above family: the two registers use different higher classifications
869940f7087e,INFO,ncbi,ncbi_higher_rank_divergence,solmaris,NCBI_ID,2099357,Kingdom=animalia,(absent from chain),2,global_uvp5;planktonset1.0,expected above family: the two registers use different higher classifications
57c014f4e199,INFO,ncbi,ncbi_higher_rank_divergence,solmarisidae,NCBI_ID,2099351,Kingdom=animalia,(absent from chain),1,global_uvp5,expected above family: the two registers use different higher classifications
ef3b24594edf,INFO,ncbi,ncbi_higher_rank_divergence,solmundella,NCBI_ID,497512,Kingdom=animalia,(absent from chain),1,planktonset1.0,expected above family: the two registers use different higher classifications
402dbf66f6be,INFO,ncbi,ncbi_higher_rank_divergence,solmundella bitentaculata,NCBI_ID,497513,Kingdom=animalia,(absent from chain),3,global_uvp5;zooscan,expected above family: the two registers use different higher classifications
880ad47f8d2c,INFO,ncbi,ncbi_higher_rank_divergence,sourniaea diacantha,NCBI_ID,2723146,Kingdom=chromista,(absent from chain),1,medplanktonset,expected above family: the two registers use different higher classifications
b48ed4e8e512,INFO,ncbi,ncbi_higher_rank_divergence,sourniaea diacantha,NCBI_ID,2723146,Phylum=myzozoa,(absent from chain),1,medplanktonset,expected above family: the two registers use different higher classifications
9dfb0b3c284d,INFO,ncbi,ncbi_higher_rank_divergence,sphaeronectes,NCBI_ID,168791,Kingdom=animalia,(absent from chain),3,planktonset1.0,expected above family: the two registers use different higher classifications
a4c3aa7c38bb,INFO,ncbi,ncbi_higher_rank_divergence,spirostomum ambiguum,NCBI_ID,37688,Kingdom=chromista,(absent from chain),1,lensless,expected above family: the two registers use different higher classifications
50c905ebaed3,INFO,ncbi,ncbi_higher_rank_divergence,spongodiscidae,NCBI_ID,220106,Kingdom=chromista,(absent from chain),1,planktoscope,expected above family: the two registers use different higher classifications
225569ac7520,INFO,ncbi,ncbi_higher_rank_divergence,spongodiscidae,NCBI_ID,220106,Phylum=radiozoa,(absent from chain),1,planktoscope,expected above family: the two registers use different higher classifications
e2c5f526b766,INFO,ncbi,ncbi_higher_rank_divergence,spongodiscidae,NCBI_ID,220106,Class=polycystina,(absent from chain),1,planktoscope,expected above family: the two registers use different higher classifications
54db61c3c62b,INFO,ncbi,ncbi_higher_rank_divergence,spumellaria,NCBI_ID,65583,Kingdom=chromista,(absent from chain),6,flowcamnet;planktoscope;tara_pacific_bongo;tara_pacific_decknet;tara_pacific_hsn;tara_pacific_manta,expected above family: the two registers use different higher classifications
5ecd2840569e,INFO,ncbi,ncbi_higher_rank_divergence,spumellaria,NCBI_ID,65583,Phylum=radiozoa,(absent from chain),6,flowcamnet;planktoscope;tara_pacific_bongo;tara_pacific_decknet;tara_pacific_hsn;tara_pacific_manta,expected above family: the two registers use different higher classifications
8e6ab013fbbe,INFO,ncbi,ncbi_higher_rank_divergence,spumellaria,NCBI_ID,65583,Class=polycystina,(absent from chain),6,flowcamnet;planktoscope;tara_pacific_bongo;tara_pacific_decknet;tara_pacific_hsn;tara_pacific_manta,expected above family: the two registers use different higher classifications
1ce5142f6d09,INFO,ncbi,ncbi_higher_rank_divergence,steenstrupiella,NCBI_ID,513282,Kingdom=chromista,(absent from chain),4,flowcamnet;planktoscope;tara_pacific_bongo;tara_pacific_decknet,expected above family: the two registers use different higher classifications
06f55c714111,INFO,ncbi,ncbi_higher_rank_divergence,steenstrupiella,NCBI_ID,513282,Class=oligotrichea,(absent from chain),4,flowcamnet;planktoscope;tara_pacific_bongo;tara_pacific_decknet,expected above family: the two registers use different higher classifications
3270f1da0849,INFO,ncbi,ncbi_higher_rank_divergence,steenstrupiella,NCBI_ID,513282,Order=choreotrichida,(absent from chain),4,flowcamnet;planktoscope;tara_pacific_bongo;tara_pacific_decknet,expected above family: the two registers use different higher classifications
eb0b08c6c12e,INFO,ncbi,ncbi_higher_rank_divergence,stegocephalus inflatus,NCBI_ID,317538,Kingdom=animalia,(absent from chain),1,global_uvp5,expected above family: the two registers use different higher classifications
6ac9055a88c6,INFO,ncbi,ncbi_higher_rank_divergence,stentor coeruleus,NCBI_ID,5963,Kingdom=chromista,(absent from chain),1,lensless,expected above family: the two registers use different higher classifications
34e9092c6100,INFO,ncbi,ncbi_higher_rank_divergence,stephanopyxis,NCBI_ID,3006,Kingdom=chromista,(absent from chain),1,whoi,expected above family: the two registers use different higher classifications
726b7b156b85,INFO,ncbi,ncbi_higher_rank_divergence,stephanopyxis,NCBI_ID,3006,Phylum=heterokontophyta,(absent from chain),1,whoi,expected above family: the two registers use different higher classifications
cf414c291423,INFO,ncbi,ncbi_higher_rank_divergence,stephanopyxis,NCBI_ID,3006,Class=bacillariophyceae,(absent from chain),1,whoi,expected above family: the two registers use different higher classifications
88e1d2eb151a,INFO,ncbi,ncbi_higher_rank_divergence,stephanopyxis,NCBI_ID,3006,Order=melosirales,(absent from chain),1,whoi,expected above family: the two registers use different higher classifications
e77fbdd50f3c,INFO,ncbi,ncbi_higher_rank_divergence,sticholonchida,NCBI_ID,1054998,Kingdom=chromista,(absent from chain),1,planktoscope,expected above family: the two registers use different higher classifications
1107d70d30e3,INFO,ncbi,ncbi_higher_rank_divergence,sticholonchida,NCBI_ID,1054998,Phylum=radiozoa,(absent from chain),1,planktoscope,expected above family: the two registers use different higher classifications
d7999ae085bc,INFO,ncbi,ncbi_higher_rank_divergence,sticholonchida,NCBI_ID,1054998,Class=sticholonchea,(absent from chain),1,planktoscope,expected above family: the two registers use different higher classifications
9da2b36e71e3,INFO,ncbi,ncbi_higher_rank_divergence,stomatopoda,NCBI_ID,75390,Kingdom=animalia,(absent from chain),2,planktonset1.0;zooscan,expected above family: the two registers use different higher classifications
9a36c4a7a5ca,INFO,ncbi,ncbi_higher_rank_divergence,striatella,NCBI_ID,2963561,Kingdom=chromista,(absent from chain),2,planktoscope;tara_pacific_bongo,expected above family: the two registers use different higher classifications
0c7640ebc785,INFO,ncbi,ncbi_higher_rank_divergence,striatella,NCBI_ID,2963561,Phylum=heterokontophyta,(absent from chain),2,planktoscope;tara_pacific_bongo,expected above family: the two registers use different higher classifications
74de01a13157,INFO,ncbi,ncbi_higher_rank_divergence,striatella,NCBI_ID,2963561,Class=bacillariophyceae,(absent from chain),2,planktoscope;tara_pacific_bongo,expected above family: the two registers use different higher classifications
e9a936a57e1a,INFO,ncbi,ncbi_higher_rank_divergence,striatella,NCBI_ID,2963561,Order=striatellales,(absent from chain),2,planktoscope;tara_pacific_bongo,expected above family: the two registers use different higher classifications
48cb89562ec4,INFO,ncbi,ncbi_higher_rank_divergence,strobilidium,NCBI_ID,181620,Kingdom=chromista,(absent from chain),1,whoi,expected above family: the two registers use different higher classifications
59fb22316b6a,INFO,ncbi,ncbi_higher_rank_divergence,strobilidium,NCBI_ID,181620,Class=oligotrichea,(absent from chain),1,whoi,expected above family: the two registers use different higher classifications
21b09f3ef73e,INFO,ncbi,ncbi_higher_rank_divergence,strombidium,NCBI_ID,60005,Kingdom=chromista,(absent from chain),2,whoi,expected above family: the two registers use different higher classifications
ad35c87ff25a,INFO,ncbi,ncbi_higher_rank_divergence,strombidium,NCBI_ID,60005,Class=oligotrichea,(absent from chain),2,whoi,expected above family: the two registers use different higher classifications
b168cb0edcf5,INFO,ncbi,ncbi_higher_rank_divergence,strombidium,NCBI_ID,60005,Order=oligotrichida,(absent from chain),2,whoi,expected above family: the two registers use different higher classifications
9eb3b9f0a633,INFO,ncbi,ncbi_higher_rank_divergence,strombidium capitatum,NCBI_ID,1606869,Kingdom=chromista,(absent from chain),1,whoi,expected above family: the two registers use different higher classifications
03e29b3bb31e,INFO,ncbi,ncbi_higher_rank_divergence,strombidium capitatum,NCBI_ID,1606869,Class=oligotrichea,(absent from chain),1,whoi,expected above family: the two registers use different higher classifications
ef4b7ed313c5,INFO,ncbi,ncbi_higher_rank_divergence,strombidium capitatum,NCBI_ID,1606869,Order=oligotrichida,(absent from chain),1,whoi,expected above family: the two registers use different higher classifications
43ab9ca37b4c,INFO,ncbi,ncbi_higher_rank_divergence,strombidium conicum,NCBI_ID,641206,Kingdom=chromista,(absent from chain),1,whoi,expected above family: the two registers use different higher classifications
617ad67a6300,INFO,ncbi,ncbi_higher_rank_divergence,strombidium conicum,NCBI_ID,641206,Class=oligotrichea,(absent from chain),1,whoi,expected above family: the two registers use different higher classifications
f8d61e3edf43,INFO,ncbi,ncbi_higher_rank_divergence,strombidium conicum,NCBI_ID,641206,Order=oligotrichida,(absent from chain),1,whoi,expected above family: the two registers use different higher classifications
23d5b2012f84,INFO,ncbi,ncbi_higher_rank_divergence,strombidium inclinatum,NCBI_ID,197538,Kingdom=chromista,(absent from chain),1,whoi,expected above family: the two registers use different higher classifications
e2c332453cdc,INFO,ncbi,ncbi_higher_rank_divergence,strombidium inclinatum,NCBI_ID,197538,Class=oligotrichea,(absent from chain),1,whoi,expected above family: the two registers use different higher classifications
4ef315746aaf,INFO,ncbi,ncbi_higher_rank_divergence,strombidium inclinatum,NCBI_ID,197538,Order=oligotrichida,(absent from chain),1,whoi,expected above family: the two registers use different higher classifications
47adbba55199,INFO,ncbi,ncbi_higher_rank_divergence,strombidium oculatum,NCBI_ID,236065,Kingdom=chromista,(absent from chain),1,whoi,expected above family: the two registers use different higher classifications
abca77a1abfd,INFO,ncbi,ncbi_higher_rank_divergence,strombidium oculatum,NCBI_ID,236065,Class=oligotrichea,(absent from chain),1,whoi,expected above family: the two registers use different higher classifications
ef44a58029ba,INFO,ncbi,ncbi_higher_rank_divergence,strombidium oculatum,NCBI_ID,236065,Order=oligotrichida,(absent from chain),1,whoi,expected above family: the two registers use different higher classifications
1fa9ec6d6c90,INFO,ncbi,ncbi_higher_rank_divergence,strombidium wulffi,NCBI_ID,60005,Kingdom=chromista,(absent from chain),1,whoi,expected above family: the two registers use different higher classifications
30499b65594d,INFO,ncbi,ncbi_higher_rank_divergence,strombidium wulffi,NCBI_ID,60005,Class=oligotrichea,(absent from chain),1,whoi,expected above family: the two registers use different higher classifications
ca1ae0b6e956,INFO,ncbi,ncbi_higher_rank_divergence,strombidium wulffi,NCBI_ID,60005,Order=oligotrichida,(absent from chain),1,whoi,expected above family: the two registers use different higher classifications
2903e71bd895,INFO,ncbi,ncbi_higher_rank_divergence,swima,NCBI_ID,702659,Kingdom=animalia,(absent from chain),2,global_uvp5;uvp6net,expected above family: the two registers use different higher classifications
3af52305aa83,INFO,ncbi,ncbi_higher_rank_divergence,synchaeta,NCBI_ID,204744,Kingdom=animalia,(absent from chain),3,frepj;sykezooscan2024;zoolake,expected above family: the two registers use different higher classifications
6391eaa17c96,INFO,ncbi,ncbi_higher_rank_divergence,synchaeta oblonga,NCBI_ID,204744,Kingdom=animalia,(absent from chain),1,frepj,expected above family: the two registers use different higher classifications
64f59d31d465,INFO,ncbi,ncbi_higher_rank_divergence,synchaeta stylata,NCBI_ID,204744,Kingdom=animalia,(absent from chain),1,frepj,expected above family: the two registers use different higher classifications
de689c2709f8,INFO,ncbi,ncbi_higher_rank_divergence,synchaeta tremula,NCBI_ID,204744,Kingdom=animalia,(absent from chain),1,frepj,expected above family: the two registers use different higher classifications
f496afefecf1,INFO,ncbi,ncbi_higher_rank_divergence,syracosphaera pulchra,NCBI_ID,418946,Kingdom=chromista,(absent from chain),1,medplanktonset,expected above family: the two registers use different higher classifications
136826776dfe,INFO,ncbi,ncbi_higher_rank_divergence,syracosphaera pulchra,NCBI_ID,418946,Class=coccolithophyceae,(absent from chain),1,medplanktonset,expected above family: the two registers use different higher classifications
e8b57aadfe18,INFO,ncbi,ncbi_higher_rank_divergence,teleaulax,NCBI_ID,77930,Kingdom=chromista,(absent from chain),2,daplankton;syke_ifcb_2022,expected above family: the two registers use different higher classifications
3893ecb5c612,INFO,ncbi,ncbi_higher_rank_divergence,teleaulax,NCBI_ID,77930,Phylum=cryptophyta,(absent from chain),2,daplankton;syke_ifcb_2022,expected above family: the two registers use different higher classifications
6ffeece2603c,INFO,ncbi,ncbi_higher_rank_divergence,teleaulax acuta,NCBI_ID,195071,Kingdom=chromista,(absent from chain),1,daplankton,expected above family: the two registers use different higher classifications
ae346cb5531f,INFO,ncbi,ncbi_higher_rank_divergence,teleaulax acuta,NCBI_ID,195071,Phylum=cryptophyta,(absent from chain),1,daplankton,expected above family: the two registers use different higher classifications
6c944cec7755,INFO,ncbi,ncbi_higher_rank_divergence,teleostei,NCBI_ID,32443,Kingdom=animalia,(absent from chain),5,global_uvp5;planktonset1.0,expected above family: the two registers use different higher classifications
a14371a3aed7,INFO,ncbi,ncbi_higher_rank_divergence,temora,NCBI_ID,261851,Kingdom=animalia,(absent from chain),2,planktoscope,expected above family: the two registers use different higher classifications
f0985e4f475a,INFO,ncbi,ncbi_higher_rank_divergence,temoridae,NCBI_ID,88013,Kingdom=animalia,(absent from chain),5,global_uvp5;tara_pacific_hsn;tara_pacific_manta;zoocamnet;zooscan,expected above family: the two registers use different higher classifications
dceef9e54363,INFO,ncbi,ncbi_higher_rank_divergence,tenuicylindrus belgicus,NCBI_ID,1398096,Kingdom=chromista,(absent from chain),1,medplanktonset,expected above family: the two registers use different higher classifications
a5c787200ffb,INFO,ncbi,ncbi_higher_rank_divergence,tenuicylindrus belgicus,NCBI_ID,1398096,Phylum=heterokontophyta,(absent from chain),1,medplanktonset,expected above family: the two registers use different higher classifications
7f3e67f981a8,INFO,ncbi,ncbi_higher_rank_divergence,tenuicylindrus belgicus,NCBI_ID,1398096,Class=bacillariophyceae,(absent from chain),1,medplanktonset,expected above family: the two registers use different higher classifications
18dc44b3c5d3,INFO,ncbi,ncbi_higher_rank_divergence,testudinella,NCBI_ID,525911,Kingdom=animalia,(absent from chain),1,frepj,expected above family: the two registers use different higher classifications
5365ef43d3ac,INFO,ncbi,ncbi_higher_rank_divergence,testudinella patina,NCBI_ID,525915,Kingdom=animalia,(absent from chain),1,frepj,expected above family: the two registers use different higher classifications
f31e7432f198,INFO,ncbi,ncbi_higher_rank_divergence,tetraselmis,NCBI_ID,3164,Kingdom=plantae,(absent from chain),1,daplankton,expected above family: the two registers use different higher classifications
12caadab7d9c,INFO,ncbi,ncbi_higher_rank_divergence,thalassionema,NCBI_ID,33648,Kingdom=chromista,(absent from chain),3,medplanktonset;whoi;zoocamnet,expected above family: the two registers use different higher classifications
10f770559423,INFO,ncbi,ncbi_higher_rank_divergence,thalassionema,NCBI_ID,33648,Phylum=heterokontophyta,(absent from chain),3,medplanktonset;whoi;zoocamnet,expected above family: the two registers use different higher classifications
49faed1db7d0,INFO,ncbi,ncbi_higher_rank_divergence,thalassionema,NCBI_ID,33648,Class=bacillariophyceae,(absent from chain),3,medplanktonset;whoi;zoocamnet,expected above family: the two registers use different higher classifications
bd5f6198c373,INFO,ncbi,ncbi_higher_rank_divergence,thalassionematales,NCBI_ID,33849,Kingdom=chromista,(absent from chain),4,flowcamnet;planktoscope;tara_pacific_bongo;tara_pacific_decknet,expected above family: the two registers use different higher classifications
45f59cf3d075,INFO,ncbi,ncbi_higher_rank_divergence,thalassionematales,NCBI_ID,33849,Phylum=heterokontophyta,(absent from chain),4,flowcamnet;planktoscope;tara_pacific_bongo;tara_pacific_decknet,expected above family: the two registers use different higher classifications
3035407a2ea4,INFO,ncbi,ncbi_higher_rank_divergence,thalassiosira,NCBI_ID,35127,Kingdom=chromista,(absent from chain),3,medplanktonset;whoi,expected above family: the two registers use different higher classifications
ec1794100795,INFO,ncbi,ncbi_higher_rank_divergence,thalassiosira,NCBI_ID,35127,Phylum=heterokontophyta,(absent from chain),3,medplanktonset;whoi,expected above family: the two registers use different higher classifications
ecaa5ae9d0e5,INFO,ncbi,ncbi_higher_rank_divergence,thalassiosira,NCBI_ID,35127,Class=bacillariophyceae,(absent from chain),3,medplanktonset;whoi,expected above family: the two registers use different higher classifications
67f43c7109cd,INFO,ncbi,ncbi_higher_rank_divergence,thalassiosira gravida,NCBI_ID,420259,Kingdom=chromista,(absent from chain),1,medplanktonset,expected above family: the two registers use different higher classifications
1b0ed8b5e97a,INFO,ncbi,ncbi_higher_rank_divergence,thalassiosira gravida,NCBI_ID,420259,Phylum=heterokontophyta,(absent from chain),1,medplanktonset,expected above family: the two registers use different higher classifications
90059a4506f4,INFO,ncbi,ncbi_higher_rank_divergence,thalassiosira gravida,NCBI_ID,420259,Class=bacillariophyceae,(absent from chain),1,medplanktonset,expected above family: the two registers use different higher classifications
20d290dd98e1,INFO,ncbi,ncbi_higher_rank_divergence,thalassiosira levanderi,NCBI_ID,35127,Kingdom=chromista,(absent from chain),1,syke_ifcb_2022,expected above family: the two registers use different higher classifications
4ac714ade72e,INFO,ncbi,ncbi_higher_rank_divergence,thalassiosira levanderi,NCBI_ID,35127,Phylum=heterokontophyta,(absent from chain),1,syke_ifcb_2022,expected above family: the two registers use different higher classifications
0094c4f3f187,INFO,ncbi,ncbi_higher_rank_divergence,thalassiosira levanderi,NCBI_ID,35127,Class=bacillariophyceae,(absent from chain),1,syke_ifcb_2022,expected above family: the two registers use different higher classifications
1201fc7374e3,INFO,ncbi,ncbi_higher_rank_divergence,thalassiosirales,NCBI_ID,33847,Kingdom=chromista,(absent from chain),1,planktoscope,expected above family: the two registers use different higher classifications
91773ade9930,INFO,ncbi,ncbi_higher_rank_divergence,thalassiosirales,NCBI_ID,33847,Phylum=heterokontophyta,(absent from chain),1,planktoscope,expected above family: the two registers use different higher classifications
1e74303a612b,INFO,ncbi,ncbi_higher_rank_divergence,thalassiosirales,NCBI_ID,33847,Class=bacillariophyceae,(absent from chain),1,planktoscope,expected above family: the two registers use different higher classifications
0886679457a1,INFO,ncbi,ncbi_higher_rank_divergence,thaliacea,NCBI_ID,30304,Kingdom=animalia,(absent from chain),4,global_uvp5;tara_pacific_hsn;tara_pacific_manta;zoocamnet,expected above family: the two registers use different higher classifications
3e296e1a4618,INFO,ncbi,ncbi_higher_rank_divergence,thecofilosea,NCBI_ID,1004930,Kingdom=chromista,(absent from chain),5,global_uvp5;planktoscope;zooscan,expected above family: the two registers use different higher classifications
b90d3dd062c1,INFO,ncbi,ncbi_higher_rank_divergence,thecosomata,NCBI_ID,158030,Kingdom=animalia,(absent from chain),3,global_uvp5;planktonset1.0,expected above family: the two registers use different higher classifications
dbc75ef25587,INFO,ncbi,ncbi_higher_rank_divergence,thecostraca,NCBI_ID,116172,Kingdom=animalia,(absent from chain),12,jedioceans;planktoscope;tara_pacific_hsn;tara_pacific_manta;zoocamnet;zooscan,expected above family: the two registers use different higher classifications
714060ef274a,INFO,ncbi,ncbi_higher_rank_divergence,thermocyclops,NCBI_ID,342431,Kingdom=animalia,(absent from chain),1,frepj,expected above family: the two registers use different higher classifications
fe7f593bfdb9,INFO,ncbi,ncbi_higher_rank_divergence,thermocyclops crassus,NCBI_ID,669472,Kingdom=animalia,(absent from chain),1,frepj,expected above family: the two registers use different higher classifications
09f1fecf90d3,INFO,ncbi,ncbi_higher_rank_divergence,thermocyclops taihokuensis,NCBI_ID,1606835,Kingdom=animalia,(absent from chain),1,frepj,expected above family: the two registers use different higher classifications
767c68f1a002,INFO,ncbi,ncbi_higher_rank_divergence,tiarina,NCBI_ID,693139,Kingdom=chromista,(absent from chain),2,medplanktonset;planktoscope,expected above family: the two registers use different higher classifications
fca9125cb869,INFO,ncbi,ncbi_higher_rank_divergence,tiarina fusus,NCBI_ID,693140,Kingdom=chromista,(absent from chain),1,whoi,expected above family: the two registers use different higher classifications
d338238e1c5c,INFO,ncbi,ncbi_higher_rank_divergence,tintinnida,NCBI_ID,200604,Kingdom=chromista,(absent from chain),1,whoi,expected above family: the two registers use different higher classifications
d554222def81,INFO,ncbi,ncbi_higher_rank_divergence,tintinnopsis,NCBI_ID,180939,Kingdom=chromista,(absent from chain),1,planktoscope,expected above family: the two registers use different higher classifications
06d03f61cae3,INFO,ncbi,ncbi_higher_rank_divergence,tintinnopsis,NCBI_ID,180939,Class=oligotrichea,(absent from chain),1,planktoscope,expected above family: the two registers use different higher classifications
99988176c602,INFO,ncbi,ncbi_higher_rank_divergence,tintinnopsis,NCBI_ID,180939,Order=choreotrichida,(absent from chain),1,planktoscope,expected above family: the two registers use different higher classifications
8bca068138df,INFO,ncbi,ncbi_higher_rank_divergence,tomopteridae,NCBI_ID,397572,Kingdom=animalia,(absent from chain),3,global_uvp5;tara_pacific_manta;zooscan,expected above family: the two registers use different higher classifications
9d8a7fd334d5,INFO,ncbi,ncbi_higher_rank_divergence,tomopteris,NCBI_ID,397573,Kingdom=animalia,(absent from chain),1,global_uvp5,expected above family: the two registers use different higher classifications
c5fe02e48239,INFO,ncbi,ncbi_higher_rank_divergence,tontonia appendiculariformis,NCBI_ID,641220,Kingdom=chromista,(absent from chain),1,whoi,expected above family: the two registers use different higher classifications
c7eb1669222f,INFO,ncbi,ncbi_higher_rank_divergence,tontonia appendiculariformis,NCBI_ID,641220,Class=oligotrichea,(absent from chain),1,whoi,expected above family: the two registers use different higher classifications
78480dd9c092,INFO,ncbi,ncbi_higher_rank_divergence,tontonia appendiculariformis,NCBI_ID,641220,Order=oligotrichida,(absent from chain),1,whoi,expected above family: the two registers use different higher classifications
30c6407a5372,INFO,ncbi,ncbi_higher_rank_divergence,tontonia gracillima,NCBI_ID,641222,Kingdom=chromista,(absent from chain),1,whoi,expected above family: the two registers use different higher classifications
9eb3c597a322,INFO,ncbi,ncbi_higher_rank_divergence,tontonia gracillima,NCBI_ID,641222,Class=oligotrichea,(absent from chain),1,whoi,expected above family: the two registers use different higher classifications
9b8e3150fdb7,INFO,ncbi,ncbi_higher_rank_divergence,tontonia gracillima,NCBI_ID,641222,Order=oligotrichida,(absent from chain),1,whoi,expected above family: the two registers use different higher classifications
f676d166909c,INFO,ncbi,ncbi_higher_rank_divergence,torodinium,NCBI_ID,1641412,Kingdom=chromista,(absent from chain),1,medplanktonset,expected above family: the two registers use different higher classifications
900da9741baf,INFO,ncbi,ncbi_higher_rank_divergence,torodinium,NCBI_ID,1641412,Phylum=myzozoa,(absent from chain),1,medplanktonset,expected above family: the two registers use different higher classifications
e50b059aa19e,INFO,ncbi,ncbi_higher_rank_divergence,torodinium,NCBI_ID,1641412,Order=gymnodiniales,(absent from chain),1,medplanktonset,expected above family: the two registers use different higher classifications
7e799b0a2ef0,INFO,ncbi,ncbi_higher_rank_divergence,trachymedusae,NCBI_ID,43183,Kingdom=animalia,(absent from chain),2,global_uvp5;medplanktonset,expected above family: the two registers use different higher classifications
18df134ccae6,INFO,ncbi,ncbi_higher_rank_divergence,triceratium,NCBI_ID,1003065,Kingdom=chromista,(absent from chain),1,planktoscope,expected above family: the two registers use different higher classifications
d59f4c4dd049,INFO,ncbi,ncbi_higher_rank_divergence,triceratium,NCBI_ID,1003065,Phylum=heterokontophyta,(absent from chain),1,planktoscope,expected above family: the two registers use different higher classifications
79c77866ac1c,INFO,ncbi,ncbi_higher_rank_divergence,triceratium,NCBI_ID,1003065,Class=bacillariophyceae,(absent from chain),1,planktoscope,expected above family: the two registers use different higher classifications
d9a6fb2c5119,INFO,ncbi,ncbi_higher_rank_divergence,trichocerca,NCBI_ID,360703,Kingdom=animalia,(absent from chain),2,frepj;zoolake,expected above family: the two registers use different higher classifications
af54d2bb6a3e,INFO,ncbi,ncbi_higher_rank_divergence,trichocerca bicristata,NCBI_ID,360703,Kingdom=animalia,(absent from chain),1,frepj,expected above family: the two registers use different higher classifications
c07d95e223f6,INFO,ncbi,ncbi_higher_rank_divergence,trichocerca birostris,NCBI_ID,360703,Kingdom=animalia,(absent from chain),1,frepj,expected above family: the two registers use different higher classifications
7f8dcc8f34aa,INFO,ncbi,ncbi_higher_rank_divergence,trichocerca capucina,NCBI_ID,360703,Kingdom=animalia,(absent from chain),1,frepj,expected above family: the two registers use different higher classifications
2117156b9a15,INFO,ncbi,ncbi_higher_rank_divergence,trichocerca cylindrica,NCBI_ID,360703,Kingdom=animalia,(absent from chain),1,frepj,expected above family: the two registers use different higher classifications
593b19bfcf37,INFO,ncbi,ncbi_higher_rank_divergence,trichocerca elongata,NCBI_ID,360703,Kingdom=animalia,(absent from chain),1,frepj,expected above family: the two registers use different higher classifications
a7fb7bb80ddf,INFO,ncbi,ncbi_higher_rank_divergence,trichocerca longiseta,NCBI_ID,360703,Kingdom=animalia,(absent from chain),1,frepj,expected above family: the two registers use different higher classifications
54bd947f996a,INFO,ncbi,ncbi_higher_rank_divergence,trichocerca mucosa,NCBI_ID,360703,Kingdom=animalia,(absent from chain),1,frepj,expected above family: the two registers use different higher classifications
cf9284678826,INFO,ncbi,ncbi_higher_rank_divergence,trichocerca pusilla,NCBI_ID,360703,Kingdom=animalia,(absent from chain),1,frepj,expected above family: the two registers use different higher classifications
9325932fa99b,INFO,ncbi,ncbi_higher_rank_divergence,trichocerca rattus,NCBI_ID,360703,Kingdom=animalia,(absent from chain),1,frepj,expected above family: the two registers use different higher classifications
851c2deabb20,INFO,ncbi,ncbi_higher_rank_divergence,trichodesmium,NCBI_ID,1205,Phylum=cyanobacteria,(absent from chain),19,global_uvp5;jedioceans;planktonset1.0;planktoscope;tara_pacific_bongo;uvp6net;zoocamnet,expected above family: the two registers use different higher classifications
dc59bc852515,INFO,ncbi,ncbi_higher_rank_divergence,trichotria tetractis,NCBI_ID,360708,Kingdom=animalia,(absent from chain),1,frepj,expected above family: the two registers use different higher classifications
6e3f11d02601,INFO,ncbi,ncbi_higher_rank_divergence,trieres mobiliensis,NCBI_ID,655800,Kingdom=chromista,(absent from chain),1,medplanktonset,expected above family: the two registers use different higher classifications
ff142441a2b8,INFO,ncbi,ncbi_higher_rank_divergence,trieres mobiliensis,NCBI_ID,655800,Phylum=heterokontophyta,(absent from chain),1,medplanktonset,expected above family: the two registers use different higher classifications
7213e81b7f98,INFO,ncbi,ncbi_higher_rank_divergence,trieres mobiliensis,NCBI_ID,655800,Class=bacillariophyceae,(absent from chain),1,medplanktonset,expected above family: the two registers use different higher classifications
83537596620d,INFO,ncbi,ncbi_higher_rank_divergence,trieres mobiliensis,NCBI_ID,655800,Order=triceratiales,(absent from chain),1,medplanktonset,expected above family: the two registers use different higher classifications
14241deb9244,INFO,ncbi,ncbi_higher_rank_divergence,trigonium,NCBI_ID,1003143,Kingdom=chromista,(absent from chain),1,planktoscope,expected above family: the two registers use different higher classifications
d1f4be1495d2,INFO,ncbi,ncbi_higher_rank_divergence,trigonium,NCBI_ID,1003143,Phylum=heterokontophyta,(absent from chain),1,planktoscope,expected above family: the two registers use different higher classifications
483dcc3e1d1b,INFO,ncbi,ncbi_higher_rank_divergence,trigonium,NCBI_ID,1003143,Class=bacillariophyceae,(absent from chain),1,planktoscope,expected above family: the two registers use different higher classifications
4f7ce9dc412c,INFO,ncbi,ncbi_higher_rank_divergence,trigonium,NCBI_ID,1003143,Order=biddulphiales,(absent from chain),1,planktoscope,expected above family: the two registers use different higher classifications
d865343d8c25,INFO,ncbi,ncbi_higher_rank_divergence,tripos,NCBI_ID,2126447,Kingdom=chromista,(absent from chain),5,jedioceans;medplanktonset;planktoscope;zooscan,expected above family: the two registers use different higher classifications
d13c2792201e,INFO,ncbi,ncbi_higher_rank_divergence,tripos,NCBI_ID,2126447,Phylum=myzozoa,(absent from chain),5,jedioceans;medplanktonset;planktoscope;zooscan,expected above family: the two registers use different higher classifications
5dd5b7af486e,INFO,ncbi,ncbi_higher_rank_divergence,tripos arcticus,NCBI_ID,2126447,Kingdom=chromista,(absent from chain),1,planktoscope,expected above family: the two registers use different higher classifications
c1e15da73fa0,INFO,ncbi,ncbi_higher_rank_divergence,tripos arcticus,NCBI_ID,2126447,Phylum=myzozoa,(absent from chain),1,planktoscope,expected above family: the two registers use different higher classifications
d5410cde0299,INFO,ncbi,ncbi_higher_rank_divergence,tripos arietinus,NCBI_ID,644164,Kingdom=chromista,(absent from chain),2,medplanktonset;planktoscope,expected above family: the two registers use different higher classifications
def43744ee0a,INFO,ncbi,ncbi_higher_rank_divergence,tripos arietinus,NCBI_ID,644164,Phylum=myzozoa,(absent from chain),2,medplanktonset;planktoscope,expected above family: the two registers use different higher classifications
9aef20a2b83b,INFO,ncbi,ncbi_higher_rank_divergence,tripos azoricus,NCBI_ID,644165,Kingdom=chromista,(absent from chain),2,medplanktonset;planktoscope,expected above family: the two registers use different higher classifications
0ec3d5b18b1c,INFO,ncbi,ncbi_higher_rank_divergence,tripos azoricus,NCBI_ID,644165,Phylum=myzozoa,(absent from chain),2,medplanktonset;planktoscope,expected above family: the two registers use different higher classifications
ef8d21f65c5f,INFO,ncbi,ncbi_higher_rank_divergence,tripos belone,NCBI_ID,3111898,Kingdom=chromista,(absent from chain),1,planktoscope,expected above family: the two registers use different higher classifications
6023d520d60c,INFO,ncbi,ncbi_higher_rank_divergence,tripos belone,NCBI_ID,3111898,Phylum=myzozoa,(absent from chain),1,planktoscope,expected above family: the two registers use different higher classifications
2e135259110e,INFO,ncbi,ncbi_higher_rank_divergence,tripos brevis,NCBI_ID,2283687,Kingdom=chromista,(absent from chain),1,planktoscope,expected above family: the two registers use different higher classifications
1fcb41f91cdf,INFO,ncbi,ncbi_higher_rank_divergence,tripos brevis,NCBI_ID,2283687,Phylum=myzozoa,(absent from chain),1,planktoscope,expected above family: the two registers use different higher classifications
c2d606cff195,INFO,ncbi,ncbi_higher_rank_divergence,tripos candelabrum,NCBI_ID,644166,Kingdom=chromista,(absent from chain),3,planktoscope;tara_pacific_bongo;tara_pacific_decknet,expected above family: the two registers use different higher classifications
3d0d4d3bcdeb,INFO,ncbi,ncbi_higher_rank_divergence,tripos candelabrum,NCBI_ID,644166,Phylum=myzozoa,(absent from chain),3,planktoscope;tara_pacific_bongo;tara_pacific_decknet,expected above family: the two registers use different higher classifications
3023989b5e56,INFO,ncbi,ncbi_higher_rank_divergence,tripos concilians,NCBI_ID,644167,Kingdom=chromista,(absent from chain),1,medplanktonset,expected above family: the two registers use different higher classifications
46d58e823c56,INFO,ncbi,ncbi_higher_rank_divergence,tripos concilians,NCBI_ID,644167,Phylum=myzozoa,(absent from chain),1,medplanktonset,expected above family: the two registers use different higher classifications
24967e4f7d25,INFO,ncbi,ncbi_higher_rank_divergence,tripos contortus,NCBI_ID,2795480,Kingdom=chromista,(absent from chain),2,medplanktonset;planktoscope,expected above family: the two registers use different higher classifications
1a563052c6f6,INFO,ncbi,ncbi_higher_rank_divergence,tripos contortus,NCBI_ID,2795480,Phylum=myzozoa,(absent from chain),2,medplanktonset;planktoscope,expected above family: the two registers use different higher classifications
f00fed94ec6f,INFO,ncbi,ncbi_higher_rank_divergence,tripos declinatus,NCBI_ID,644169,Kingdom=chromista,(absent from chain),2,medplanktonset;planktoscope,expected above family: the two registers use different higher classifications
d1569c12e727,INFO,ncbi,ncbi_higher_rank_divergence,tripos declinatus,NCBI_ID,644169,Phylum=myzozoa,(absent from chain),2,medplanktonset;planktoscope,expected above family: the two registers use different higher classifications
3f6adf2849bf,INFO,ncbi,ncbi_higher_rank_divergence,tripos euarcuatus,NCBI_ID,644170,Kingdom=chromista,(absent from chain),1,medplanktonset,expected above family: the two registers use different higher classifications
dd81be486584,INFO,ncbi,ncbi_higher_rank_divergence,tripos euarcuatus,NCBI_ID,644170,Phylum=myzozoa,(absent from chain),1,medplanktonset,expected above family: the two registers use different higher classifications
dac8088efa49,INFO,ncbi,ncbi_higher_rank_divergence,tripos extensus,NCBI_ID,644171,Kingdom=chromista,(absent from chain),1,planktoscope,expected above family: the two registers use different higher classifications
4b1962931d28,INFO,ncbi,ncbi_higher_rank_divergence,tripos extensus,NCBI_ID,644171,Phylum=myzozoa,(absent from chain),1,planktoscope,expected above family: the two registers use different higher classifications
e30d2b714a59,INFO,ncbi,ncbi_higher_rank_divergence,tripos furca,NCBI_ID,119094,Kingdom=chromista,(absent from chain),5,flowcamnet;medplanktonset;planktoscope;tara_pacific_bongo;tara_pacific_decknet,expected above family: the two registers use different higher classifications
98efe346863f,INFO,ncbi,ncbi_higher_rank_divergence,tripos furca,NCBI_ID,119094,Phylum=myzozoa,(absent from chain),5,flowcamnet;medplanktonset;planktoscope;tara_pacific_bongo;tara_pacific_decknet,expected above family: the two registers use different higher classifications
1992453ba1a2,INFO,ncbi,ncbi_higher_rank_divergence,tripos fusus,NCBI_ID,2916,Kingdom=chromista,(absent from chain),5,flowcamnet;medplanktonset;planktoscope;tara_pacific_bongo;tara_pacific_decknet,expected above family: the two registers use different higher classifications
6312f3f02970,INFO,ncbi,ncbi_higher_rank_divergence,tripos fusus,NCBI_ID,2916,Phylum=myzozoa,(absent from chain),5,flowcamnet;medplanktonset;planktoscope;tara_pacific_bongo;tara_pacific_decknet,expected above family: the two registers use different higher classifications
00efba0574ba,INFO,ncbi,ncbi_higher_rank_divergence,tripos geniculatus,NCBI_ID,3681919,Kingdom=chromista,(absent from chain),2,planktoscope;tara_pacific_decknet,expected above family: the two registers use different higher classifications
c3f4f831e4f6,INFO,ncbi,ncbi_higher_rank_divergence,tripos geniculatus,NCBI_ID,3681919,Phylum=myzozoa,(absent from chain),2,planktoscope;tara_pacific_decknet,expected above family: the two registers use different higher classifications
8b73fde42678,INFO,ncbi,ncbi_higher_rank_divergence,tripos gravidus,NCBI_ID,644172,Kingdom=chromista,(absent from chain),2,planktoscope,expected above family: the two registers use different higher classifications
a4bf5cda30fe,INFO,ncbi,ncbi_higher_rank_divergence,tripos gravidus,NCBI_ID,644172,Phylum=myzozoa,(absent from chain),2,planktoscope,expected above family: the two registers use different higher classifications
3eabfac63c9a,INFO,ncbi,ncbi_higher_rank_divergence,tripos hexacanthus,NCBI_ID,644173,Kingdom=chromista,(absent from chain),1,planktoscope,expected above family: the two registers use different higher classifications
b82352883d1d,INFO,ncbi,ncbi_higher_rank_divergence,tripos hexacanthus,NCBI_ID,644173,Phylum=myzozoa,(absent from chain),1,planktoscope,expected above family: the two registers use different higher classifications
7dfb5b285a8f,INFO,ncbi,ncbi_higher_rank_divergence,tripos horridus,NCBI_ID,203191,Kingdom=chromista,(absent from chain),1,medplanktonset,expected above family: the two registers use different higher classifications
f057f6164602,INFO,ncbi,ncbi_higher_rank_divergence,tripos horridus,NCBI_ID,203191,Phylum=myzozoa,(absent from chain),1,medplanktonset,expected above family: the two registers use different higher classifications
395695436722,INFO,ncbi,ncbi_higher_rank_divergence,tripos incisus,NCBI_ID,2126447,Kingdom=chromista,(absent from chain),1,planktoscope,expected above family: the two registers use different higher classifications
05f82927f1d8,INFO,ncbi,ncbi_higher_rank_divergence,tripos incisus,NCBI_ID,2126447,Phylum=myzozoa,(absent from chain),1,planktoscope,expected above family: the two registers use different higher classifications
4dfcb1110cb2,INFO,ncbi,ncbi_higher_rank_divergence,tripos limulus,NCBI_ID,644175,Kingdom=chromista,(absent from chain),2,planktoscope;tara_pacific_decknet,expected above family: the two registers use different higher classifications
059057ce9ca1,INFO,ncbi,ncbi_higher_rank_divergence,tripos limulus,NCBI_ID,644175,Phylum=myzozoa,(absent from chain),2,planktoscope;tara_pacific_decknet,expected above family: the two registers use different higher classifications
38c5a19be15a,INFO,ncbi,ncbi_higher_rank_divergence,tripos lineatus,NCBI_ID,994785,Kingdom=chromista,(absent from chain),1,planktoscope,expected above family: the two registers use different higher classifications
fce7ed4ad376,INFO,ncbi,ncbi_higher_rank_divergence,tripos lineatus,NCBI_ID,994785,Phylum=myzozoa,(absent from chain),1,planktoscope,expected above family: the two registers use different higher classifications
bd6d5982c25f,INFO,ncbi,ncbi_higher_rank_divergence,tripos macroceros,NCBI_ID,994787,Kingdom=chromista,(absent from chain),2,medplanktonset;planktoscope,expected above family: the two registers use different higher classifications
81edead3f7a9,INFO,ncbi,ncbi_higher_rank_divergence,tripos macroceros,NCBI_ID,994787,Phylum=myzozoa,(absent from chain),2,medplanktonset;planktoscope,expected above family: the two registers use different higher classifications
410e2147b991,INFO,ncbi,ncbi_higher_rank_divergence,tripos massiliensis,NCBI_ID,644176,Kingdom=chromista,(absent from chain),1,planktoscope,expected above family: the two registers use different higher classifications
59989d1863e2,INFO,ncbi,ncbi_higher_rank_divergence,tripos massiliensis,NCBI_ID,644176,Phylum=myzozoa,(absent from chain),1,planktoscope,expected above family: the two registers use different higher classifications
5842bfd123df,INFO,ncbi,ncbi_higher_rank_divergence,tripos minutus,NCBI_ID,644177,Kingdom=chromista,(absent from chain),1,medplanktonset,expected above family: the two registers use different higher classifications
b32b25fb87f5,INFO,ncbi,ncbi_higher_rank_divergence,tripos minutus,NCBI_ID,644177,Phylum=myzozoa,(absent from chain),1,medplanktonset,expected above family: the two registers use different higher classifications
45064ced7bee,INFO,ncbi,ncbi_higher_rank_divergence,tripos paradoxides,NCBI_ID,644178,Kingdom=chromista,(absent from chain),1,planktoscope,expected above family: the two registers use different higher classifications
6f5bd52feb45,INFO,ncbi,ncbi_higher_rank_divergence,tripos paradoxides,NCBI_ID,644178,Phylum=myzozoa,(absent from chain),1,planktoscope,expected above family: the two registers use different higher classifications
e5487507881a,INFO,ncbi,ncbi_higher_rank_divergence,tripos pentagonus,NCBI_ID,644179,Kingdom=chromista,(absent from chain),5,flowcamnet;medplanktonset;planktoscope;tara_pacific_bongo;tara_pacific_decknet,expected above family: the two registers use different higher classifications
6b5def3b40bf,INFO,ncbi,ncbi_higher_rank_divergence,tripos pentagonus,NCBI_ID,644179,Phylum=myzozoa,(absent from chain),5,flowcamnet;medplanktonset;planktoscope;tara_pacific_bongo;tara_pacific_decknet,expected above family: the two registers use different higher classifications
75163cb93696,INFO,ncbi,ncbi_higher_rank_divergence,tripos petersii,NCBI_ID,644180,Kingdom=chromista,(absent from chain),1,planktoscope,expected above family: the two registers use different higher classifications
d09862dd1568,INFO,ncbi,ncbi_higher_rank_divergence,tripos petersii,NCBI_ID,644180,Phylum=myzozoa,(absent from chain),1,planktoscope,expected above family: the two registers use different higher classifications
cec1745a82d8,INFO,ncbi,ncbi_higher_rank_divergence,tripos platycornis,NCBI_ID,692279,Kingdom=chromista,(absent from chain),1,planktoscope,expected above family: the two registers use different higher classifications
e557809d61e2,INFO,ncbi,ncbi_higher_rank_divergence,tripos platycornis,NCBI_ID,692279,Phylum=myzozoa,(absent from chain),1,planktoscope,expected above family: the two registers use different higher classifications
0a5e536a3091,INFO,ncbi,ncbi_higher_rank_divergence,tripos pulchellus,NCBI_ID,2795484,Kingdom=chromista,(absent from chain),1,planktoscope,expected above family: the two registers use different higher classifications
f54ac54bd199,INFO,ncbi,ncbi_higher_rank_divergence,tripos pulchellus,NCBI_ID,2795484,Phylum=myzozoa,(absent from chain),1,planktoscope,expected above family: the two registers use different higher classifications
cf25717c622e,INFO,ncbi,ncbi_higher_rank_divergence,tripos ranipes,NCBI_ID,2795485,Kingdom=chromista,(absent from chain),1,planktoscope,expected above family: the two registers use different higher classifications
a5427c1c061d,INFO,ncbi,ncbi_higher_rank_divergence,tripos ranipes,NCBI_ID,2795485,Phylum=myzozoa,(absent from chain),1,planktoscope,expected above family: the two registers use different higher classifications
f4829f73eed6,INFO,ncbi,ncbi_higher_rank_divergence,tripos symmetricus,NCBI_ID,644181,Kingdom=chromista,(absent from chain),2,medplanktonset;planktoscope,expected above family: the two registers use different higher classifications
f4559e8a7433,INFO,ncbi,ncbi_higher_rank_divergence,tripos symmetricus,NCBI_ID,644181,Phylum=myzozoa,(absent from chain),2,medplanktonset;planktoscope,expected above family: the two registers use different higher classifications
72a5e2b47974,INFO,ncbi,ncbi_higher_rank_divergence,tripos teres,NCBI_ID,3111885,Kingdom=chromista,(absent from chain),2,medplanktonset;planktoscope,expected above family: the two registers use different higher classifications
fb7836313271,INFO,ncbi,ncbi_higher_rank_divergence,tripos teres,NCBI_ID,3111885,Phylum=myzozoa,(absent from chain),2,medplanktonset;planktoscope,expected above family: the two registers use different higher classifications
23276bf2869e,INFO,ncbi,ncbi_higher_rank_divergence,tripos trichoceros,NCBI_ID,2795486,Kingdom=chromista,(absent from chain),1,planktoscope,expected above family: the two registers use different higher classifications
e236d005999f,INFO,ncbi,ncbi_higher_rank_divergence,tripos trichoceros,NCBI_ID,2795486,Phylum=myzozoa,(absent from chain),1,planktoscope,expected above family: the two registers use different higher classifications
b1c85fbd5cdb,INFO,ncbi,ncbi_higher_rank_divergence,triposolenia,NCBI_ID,1050100,Kingdom=chromista,(absent from chain),1,planktoscope,expected above family: the two registers use different higher classifications
e4a3def237cc,INFO,ncbi,ncbi_higher_rank_divergence,triposolenia,NCBI_ID,1050100,Phylum=myzozoa,(absent from chain),1,planktoscope,expected above family: the two registers use different higher classifications
a9da45352e18,INFO,ncbi,ncbi_higher_rank_divergence,trombidiformes,NCBI_ID,83136,Kingdom=animalia,(absent from chain),2,jedioceans,expected above family: the two registers use different higher classifications
b89b63045be6,INFO,ncbi,ncbi_higher_rank_divergence,tropocyclops,NCBI_ID,516451,Kingdom=animalia,(absent from chain),1,frepj,expected above family: the two registers use different higher classifications
39da660b6adb,INFO,ncbi,ncbi_higher_rank_divergence,tuscaroridae,NCBI_ID,1572404,Kingdom=chromista,(absent from chain),1,global_uvp5,expected above family: the two registers use different higher classifications
8c6f4fe65668,INFO,ncbi,ncbi_higher_rank_divergence,umbilicosphaera sibogae,NCBI_ID,38819,Kingdom=chromista,(absent from chain),1,medplanktonset,expected above family: the two registers use different higher classifications
841c8781ec0b,INFO,ncbi,ncbi_higher_rank_divergence,umbilicosphaera sibogae,NCBI_ID,38819,Class=coccolithophyceae,(absent from chain),1,medplanktonset,expected above family: the two registers use different higher classifications
0fccf71aeac3,INFO,ncbi,ncbi_higher_rank_divergence,undellidae,NCBI_ID,1176381,Kingdom=chromista,(absent from chain),4,flowcamnet;planktoscope;tara_pacific_bongo;tara_pacific_decknet,expected above family: the two registers use different higher classifications
1525b229ff09,INFO,ncbi,ncbi_higher_rank_divergence,undellidae,NCBI_ID,1176381,Class=oligotrichea,(absent from chain),4,flowcamnet;planktoscope;tara_pacific_bongo;tara_pacific_decknet,expected above family: the two registers use different higher classifications
a7cb1fbde3c8,INFO,ncbi,ncbi_higher_rank_divergence,undellidae,NCBI_ID,1176381,Order=choreotrichida,(absent from chain),4,flowcamnet;planktoscope;tara_pacific_bongo;tara_pacific_decknet,expected above family: the two registers use different higher classifications
4f227c67de71,INFO,ncbi,ncbi_higher_rank_divergence,uroglena,NCBI_ID,98067,Kingdom=chromista,(absent from chain),1,zoolake,expected above family: the two registers use different higher classifications
b42626fc962d,INFO,ncbi,ncbi_higher_rank_divergence,uroglena,NCBI_ID,98067,Order=ochromonadales,(absent from chain),1,zoolake,expected above family: the two registers use different higher classifications
30169b8419f3,INFO,ncbi,ncbi_higher_rank_divergence,uroglenopsis,NCBI_ID,2582958,Kingdom=chromista,(absent from chain),1,syke_ifcb_2022,expected above family: the two registers use different higher classifications
311495389d3b,INFO,ncbi,ncbi_higher_rank_divergence,uroglenopsis,NCBI_ID,2582958,Order=ochromonadales,(absent from chain),1,syke_ifcb_2022,expected above family: the two registers use different higher classifications
e29f9dfe8cc3,INFO,ncbi,ncbi_higher_rank_divergence,volvox,NCBI_ID,3066,Kingdom=plantae,(absent from chain),1,lensless,expected above family: the two registers use different higher classifications
e888d9f73f0d,INFO,ncbi,ncbi_higher_rank_divergence,vorticella,NCBI_ID,60849,Kingdom=chromista,(absent from chain),2,frepj;tara_pacific_bongo,expected above family: the two registers use different higher classifications
6d778a8d25f9,INFO,ncbi,ncbi_higher_rank_divergence,vorticella,NCBI_ID,60849,Order=peritrichida,(absent from chain),2,frepj;tara_pacific_bongo,expected above family: the two registers use different higher classifications
085d7e71f657,INFO,ncbi,ncbi_higher_rank_divergence,warnowia polyphemus,NCBI_ID,651390,Kingdom=chromista,(absent from chain),1,medplanktonset,expected above family: the two registers use different higher classifications
570748341a9e,INFO,ncbi,ncbi_higher_rank_divergence,warnowia polyphemus,NCBI_ID,651390,Phylum=myzozoa,(absent from chain),1,medplanktonset,expected above family: the two registers use different higher classifications
db8ffc1d1316,INFO,ncbi,ncbi_higher_rank_divergence,woronichinia,NCBI_ID,283819,Phylum=cyanobacteria,(absent from chain),2,daplankton;syke_ifcb_2022,expected above family: the two registers use different higher classifications
3bb2c72755e7,INFO,ncbi,ncbi_higher_rank_divergence,xystonella,NCBI_ID,1176392,Kingdom=chromista,(absent from chain),1,planktoscope,expected above family: the two registers use different higher classifications
3a644d569885,INFO,ncbi,ncbi_higher_rank_divergence,xystonella,NCBI_ID,1176392,Class=oligotrichea,(absent from chain),1,planktoscope,expected above family: the two registers use different higher classifications
af0b066f924c,INFO,ncbi,ncbi_higher_rank_divergence,xystonella,NCBI_ID,1176392,Order=choreotrichida,(absent from chain),1,planktoscope,expected above family: the two registers use different higher classifications
8fa7b3d6cdd8,INFO,ncbi,ncbi_higher_rank_divergence,xystonellidae,NCBI_ID,211023,Kingdom=chromista,(absent from chain),3,flowcamnet;planktoscope;tara_pacific_decknet,expected above family: the two registers use different higher classifications
ac2e0fc24967,INFO,ncbi,ncbi_higher_rank_divergence,xystonellidae,NCBI_ID,211023,Class=oligotrichea,(absent from chain),3,flowcamnet;planktoscope;tara_pacific_decknet,expected above family: the two registers use different higher classifications
70f5a6f0415e,INFO,ncbi,ncbi_higher_rank_divergence,xystonellidae,NCBI_ID,211023,Order=choreotrichida,(absent from chain),3,flowcamnet;planktoscope;tara_pacific_decknet,expected above family: the two registers use different higher classifications
ece26f6f95ae,INFO,ncbi,ncbi_higher_rank_divergence,xystonellopsis,NCBI_ID,211023,Kingdom=chromista,(absent from chain),1,planktoscope,expected above family: the two registers use different higher classifications
c6aec77122d2,INFO,ncbi,ncbi_higher_rank_divergence,xystonellopsis,NCBI_ID,211023,Class=oligotrichea,(absent from chain),1,planktoscope,expected above family: the two registers use different higher classifications
d7c7ceac5e4e,INFO,ncbi,ncbi_higher_rank_divergence,xystonellopsis,NCBI_ID,211023,Order=choreotrichida,(absent from chain),1,planktoscope,expected above family: the two registers use different higher classifications
0c138359a185,INFO,ncbi,ncbi_higher_rank_divergence,xystonellopsis paradoxa,NCBI_ID,211023,Kingdom=chromista,(absent from chain),1,planktoscope,expected above family: the two registers use different higher classifications
a521b9df76af,INFO,ncbi,ncbi_higher_rank_divergence,xystonellopsis paradoxa,NCBI_ID,211023,Class=oligotrichea,(absent from chain),1,planktoscope,expected above family: the two registers use different higher classifications
0f55317f7b37,INFO,ncbi,ncbi_higher_rank_divergence,xystonellopsis paradoxa,NCBI_ID,211023,Order=choreotrichida,(absent from chain),1,planktoscope,expected above family: the two registers use different higher classifications
e942c30c4842,INFO,ncbi,ncbi_higher_rank_divergence,zoantharia,NCBI_ID,44927,Kingdom=animalia,(absent from chain),1,global_uvp5,expected above family: the two registers use different higher classifications
e712df21c13d,INFO,ncbi,ncbi_higher_rank_divergence,zoothamniidae,NCBI_ID,168255,Kingdom=chromista,(absent from chain),2,planktoscope;tara_pacific_decknet,expected above family: the two registers use different higher classifications
dfbbdf11e3c7,INFO,wikidata,wikidata_ncbi_claim_absent,actinommidae,NCBI_ID,414914,414914,(no claim),1,planktoscope,"the Qcode carries no NCBI identifier claim, so the harvested value cannot be replayed"
2c390e0b9a66,INFO,wikidata,wikidata_ncbi_claim_absent,akashiwo,NCBI_ID,143671,143671,(no claim),1,whoi,"the Qcode carries no NCBI identifier claim, so the harvested value cannot be replayed"
73df6248f13f,INFO,wikidata,wikidata_ncbi_claim_absent,alexandrium,NCBI_ID,2924,2924,(no claim),1,medplanktonset,"the Qcode carries no NCBI identifier claim, so the harvested value cannot be replayed"
052e57daa44b,INFO,wikidata,wikidata_ncbi_claim_absent,amphibelone,NCBI_ID,278120,278120,(no claim),3,flowcamnet;planktoscope;tara_pacific_decknet,"the Qcode carries no NCBI identifier claim, so the harvested value cannot be replayed"
058148008258,INFO,wikidata,wikidata_ncbi_claim_absent,amphidinium,NCBI_ID,2960,2960,(no claim),2,medplanktonset;whoi,"the Qcode carries no NCBI identifier claim, so the harvested value cannot be replayed"
e5c4768f57b6,INFO,wikidata,wikidata_ncbi_claim_absent,amphisolenia,NCBI_ID,584886,584886,(no claim),2,planktoscope;tara_pacific_decknet,"the Qcode carries no NCBI identifier claim, so the harvested value cannot be replayed"
a9c4e76a57bc,INFO,wikidata,wikidata_ncbi_claim_absent,animalia,NCBI_ID,33208,33208,(no claim),3,planktonset1.0;tara_pacific_bongo;tara_pacific_decknet,"the Qcode carries no NCBI identifier claim, so the harvested value cannot be replayed"
b8f0dd611a69,INFO,wikidata,wikidata_ncbi_claim_absent,aphanothece parallelliformis,NCBI_ID,1121,1121,(no claim),1,syke_ifcb_2022,"the Qcode carries no NCBI identifier claim, so the harvested value cannot be replayed"
04a96085be37,INFO,wikidata,wikidata_ncbi_claim_absent,asterionella bleakeleyi,NCBI_ID,35129,35129,(no claim),1,planktoscope,"the Qcode carries no NCBI identifier claim, so the harvested value cannot be replayed"
b647246417de,INFO,wikidata,wikidata_ncbi_claim_absent,asterionellopsis,NCBI_ID,33639,33639,(no claim),3,planktoscope;tara_pacific_decknet;whoi,"the Qcode carries no NCBI identifier claim, so the harvested value cannot be replayed"
ec187059b669,INFO,wikidata,wikidata_ncbi_claim_absent,asteromphalus,NCBI_ID,1529359,1529359,(no claim),1,medplanktonset,"the Qcode carries no NCBI identifier claim, so the harvested value cannot be replayed"
94979a9c07d7,INFO,wikidata,wikidata_ncbi_claim_absent,asteromphalus sarcophagus,NCBI_ID,1529359,1529359,(no claim),1,medplanktonset,"the Qcode carries no NCBI identifier claim, so the harvested value cannot be replayed"
4145b246a6d3,INFO,wikidata,wikidata_ncbi_claim_absent,aulacantha,NCBI_ID,238792,238792,(no claim),1,global_uvp5,"the Qcode carries no NCBI identifier claim, so the harvested value cannot be replayed"
9724f270f878,INFO,wikidata,wikidata_ncbi_claim_absent,aulacanthidae,NCBI_ID,238791,238791,(no claim),3,global_uvp5;isiisnet;uvp6net,"the Qcode carries no NCBI identifier claim, so the harvested value cannot be replayed"
6d211252cdc9,INFO,wikidata,wikidata_ncbi_claim_absent,aulographis,NCBI_ID,1332241,1332241,(no claim),1,global_uvp5,"the Qcode carries no NCBI identifier claim, so the harvested value cannot be replayed"
6cf5344bcfb3,INFO,wikidata,wikidata_ncbi_claim_absent,aulosphaeridae,NCBI_ID,238780,238780,(no claim),6,global_uvp5;uvp6net,"the Qcode carries no NCBI identifier claim, so the harvested value cannot be replayed"
2584b0222192,INFO,wikidata,wikidata_ncbi_claim_absent,bacteriastrum,NCBI_ID,426670,426670,(no claim),6,flowcamnet;medplanktonset;planktoscope;tara_pacific_bongo;tara_pacific_decknet,"the Qcode carries no NCBI identifier claim, so the harvested value cannot be replayed"
63ef5a4e2deb,INFO,wikidata,wikidata_ncbi_claim_absent,bellerochea,NCBI_ID,210443,210443,(no claim),1,planktoscope,"the Qcode carries no NCBI identifier claim, so the harvested value cannot be replayed"
d3bbb0892151,INFO,wikidata,wikidata_ncbi_claim_absent,biddulphia,NCBI_ID,420276,420276,(no claim),3,planktoscope;tara_pacific_bongo;whoi,"the Qcode carries no NCBI identifier claim, so the harvested value cannot be replayed"
91b74338129a,INFO,wikidata,wikidata_ncbi_claim_absent,bleakeleya,NCBI_ID,915294,915294,(no claim),1,planktoscope,"the Qcode carries no NCBI identifier claim, so the harvested value cannot be replayed"
2ea65712f0e0,INFO,wikidata,wikidata_ncbi_claim_absent,bodonida,NCBI_ID,5653,5653,(no claim),1,whoi,"the Qcode carries no NCBI identifier claim, so the harvested value cannot be replayed"
96bd1deb5ed9,INFO,wikidata,wikidata_ncbi_claim_absent,calciopappus caudatus,NCBI_ID,418932,418932,(no claim),1,medplanktonset,"the Qcode carries no NCBI identifier claim, so the harvested value cannot be replayed"
dd665096a789,INFO,wikidata,wikidata_ncbi_claim_absent,calciosolenia brasiliensis,NCBI_ID,418928,418928,(no claim),1,medplanktonset,"the Qcode carries no NCBI identifier claim, so the harvested value cannot be replayed"
2934f26fa92b,INFO,wikidata,wikidata_ncbi_claim_absent,callimitra,NCBI_ID,3138939,3138939,(no claim),1,planktoscope,"the Qcode carries no NCBI identifier claim, so the harvested value cannot be replayed"
69098258d6ae,INFO,wikidata,wikidata_ncbi_claim_absent,cannosphaeridae,NCBI_ID,3077087,3077087,(no claim),2,global_uvp5,"the Qcode carries no NCBI identifier claim, so the harvested value cannot be replayed"
c7a35704e1b6,INFO,wikidata,wikidata_ncbi_claim_absent,castanellidae,NCBI_ID,3457918,3457918,(no claim),1,global_uvp5,"the Qcode carries no NCBI identifier claim, so the harvested value cannot be replayed"
aef5cc893a7c,INFO,wikidata,wikidata_ncbi_claim_absent,centrales,NCBI_ID,33849,33849,(no claim),3,daplankton;medplanktonset;syke_ifcb_2022,"the Qcode carries no NCBI identifier claim, so the harvested value cannot be replayed"
dedd847fd011,INFO,wikidata,wikidata_ncbi_claim_absent,ceratium,NCBI_ID,2915,2915,(no claim),2,whoi;zoolake,"the Qcode carries no NCBI identifier claim, so the harvested value cannot be replayed"
1eac3b98baa8,INFO,wikidata,wikidata_ncbi_claim_absent,ceratium hirundinella,NCBI_ID,2915,2915,(no claim),1,frepj,"the Qcode carries no NCBI identifier claim, so the harvested value cannot be replayed"
073bf044acf5,INFO,wikidata,wikidata_ncbi_claim_absent,ceratoneis closterium,NCBI_ID,2856,2856,(no claim),1,syke_ifcb_2022,"the Qcode carries no NCBI identifier claim, so the harvested value cannot be replayed"
6f1eb6c87160,INFO,wikidata,wikidata_ncbi_claim_absent,chaetoceros dadayi,NCBI_ID,49237,49237,(no claim),1,planktoscope,"the Qcode carries no NCBI identifier claim, so the harvested value cannot be replayed"
abdb9907205b,INFO,wikidata,wikidata_ncbi_claim_absent,challengeron,NCBI_ID,332298,332298,(no claim),1,planktoscope,"the Qcode carries no NCBI identifier claim, so the harvested value cannot be replayed"
f37a065a2b9b,INFO,wikidata,wikidata_ncbi_claim_absent,chlorococcales,NCBI_ID,3042,3042,(no claim),2,daplankton;syke_ifcb_2022,"the Qcode carries no NCBI identifier claim, so the harvested value cannot be replayed"
9d1d297bf478,INFO,wikidata,wikidata_ncbi_claim_absent,choanoflagellatea,NCBI_ID,28009,28009,(no claim),2,whoi,"the Qcode carries no NCBI identifier claim, so the harvested value cannot be replayed"
f8ced0ff70de,INFO,wikidata,wikidata_ncbi_claim_absent,choreotrichida,NCBI_ID,200605,200605,(no claim),7,flowcamnet;jedioceans;medplanktonset;planktoscope;tara_pacific_bongo;tara_pacific_decknet,"the Qcode carries no NCBI identifier claim, so the harvested value cannot be replayed"
4978d2ba3847,INFO,wikidata,wikidata_ncbi_claim_absent,chrysochromulina lanceolata,NCBI_ID,35140,35140,(no claim),1,medplanktonset,"the Qcode carries no NCBI identifier claim, so the harvested value cannot be replayed"
63f96d1bacaf,INFO,wikidata,wikidata_ncbi_claim_absent,circoporidae,NCBI_ID,3077321,3077321,(no claim),1,global_uvp5,"the Qcode carries no NCBI identifier claim, so the harvested value cannot be replayed"
0c7bd31f3f0a,INFO,wikidata,wikidata_ncbi_claim_absent,cladoceramus,NCBI_ID,6544,6544,(no claim),1,zoocamnet,"the Qcode carries no NCBI identifier claim, so the harvested value cannot be replayed"
ceb93059615a,INFO,wikidata,wikidata_ncbi_claim_absent,cladopyxis,NCBI_ID,1129411,1129411,(no claim),4,flowcamnet;planktoscope;tara_pacific_bongo;tara_pacific_decknet,"the Qcode carries no NCBI identifier claim, so the harvested value cannot be replayed"
8a73f1a18bd1,INFO,wikidata,wikidata_ncbi_claim_absent,cladopyxis brachiolata,NCBI_ID,1129411,1129411,(no claim),1,medplanktonset,"the Qcode carries no NCBI identifier claim, so the harvested value cannot be replayed"
774cad02a349,INFO,wikidata,wikidata_ncbi_claim_absent,climacodium,NCBI_ID,2022333,2022333,(no claim),3,flowcamnet;planktoscope;tara_pacific_decknet,"the Qcode carries no NCBI identifier claim, so the harvested value cannot be replayed"
65ed794b2c1f,INFO,wikidata,wikidata_ncbi_claim_absent,climacodium crocosphaera,NCBI_ID,2022333,2022333,(no claim),2,flowcamnet;tara_pacific_decknet,"the Qcode carries no NCBI identifier claim, so the harvested value cannot be replayed"
b4bb8d0ecdd7,INFO,wikidata,wikidata_ncbi_claim_absent,climacosphenia,NCBI_ID,449129,449129,(no claim),1,planktoscope,"the Qcode carries no NCBI identifier claim, so the harvested value cannot be replayed"
534a3115f81a,INFO,wikidata,wikidata_ncbi_claim_absent,coccodiscidae,NCBI_ID,299202,299202,(no claim),1,planktoscope,"the Qcode carries no NCBI identifier claim, so the harvested value cannot be replayed"
bf8b83beb363,INFO,wikidata,wikidata_ncbi_claim_absent,cochlodinium,NCBI_ID,77299,77299,(no claim),1,whoi,"the Qcode carries no NCBI identifier claim, so the harvested value cannot be replayed"
b2d2eec325c3,INFO,wikidata,wikidata_ncbi_claim_absent,coelodendridae,NCBI_ID,238787,238787,(no claim),5,global_uvp5;uvp6net,"the Qcode carries no NCBI identifier claim, so the harvested value cannot be replayed"
7442199e2004,INFO,wikidata,wikidata_ncbi_claim_absent,coelodendrum,NCBI_ID,238788,238788,(no claim),1,global_uvp5,"the Qcode carries no NCBI identifier claim, so the harvested value cannot be replayed"
2860f1302916,INFO,wikidata,wikidata_ncbi_claim_absent,collozoum,NCBI_ID,65591,65591,(no claim),1,planktoscope,"the Qcode carries no NCBI identifier claim, so the harvested value cannot be replayed"
2b132b2672ea,INFO,wikidata,wikidata_ncbi_claim_absent,corethron,NCBI_ID,49242,49242,(no claim),3,planktoscope;tara_pacific_decknet;whoi,"the Qcode carries no NCBI identifier claim, so the harvested value cannot be replayed"
0025ba74027a,INFO,wikidata,wikidata_ncbi_claim_absent,corythodinium,NCBI_ID,240356,240356,(no claim),1,planktoscope,"the Qcode carries no NCBI identifier claim, so the harvested value cannot be replayed"
badcffe4d3e1,INFO,wikidata,wikidata_ncbi_claim_absent,corythodinium constrictum,NCBI_ID,240356,240356,(no claim),2,medplanktonset;planktoscope,"the Qcode carries no NCBI identifier claim, so the harvested value cannot be replayed"
aa1bfbeb3a84,INFO,wikidata,wikidata_ncbi_claim_absent,corythodinium milneri,NCBI_ID,240356,240356,(no claim),1,medplanktonset,"the Qcode carries no NCBI identifier claim, so the harvested value cannot be replayed"
49704ec7060d,INFO,wikidata,wikidata_ncbi_claim_absent,corythodinium tesselatum,NCBI_ID,240356,240356,(no claim),1,planktoscope,"the Qcode carries no NCBI identifier claim, so the harvested value cannot be replayed"
749ca8c86e65,INFO,wikidata,wikidata_ncbi_claim_absent,coscinodiscaceae,NCBI_ID,38747,38747,(no claim),1,flowcamnet,"the Qcode carries no NCBI identifier claim, so the harvested value cannot be replayed"
a28da335026d,INFO,wikidata,wikidata_ncbi_claim_absent,coscinodiscus,NCBI_ID,33641,33641,(no claim),3,global_uvp5;whoi;zooscan,"the Qcode carries no NCBI identifier claim, so the harvested value cannot be replayed"
4f121e8851ed,INFO,wikidata,wikidata_ncbi_claim_absent,cryptophyceae,NCBI_ID,3027,3027,(no claim),1,medplanktonset,"the Qcode carries no NCBI identifier claim, so the harvested value cannot be replayed"
bfd91987e642,INFO,wikidata,wikidata_ncbi_claim_absent,ctenophora,NCBI_ID,1003038,1003038,(no claim),12,global_uvp5;isiisnet;planktoscope;tara_pacific_hsn;tara_pacific_manta;uvp6net;zoocamnet;zooscan,"the Qcode carries no NCBI identifier claim, so the harvested value cannot be replayed"
0ffa52374c50,INFO,wikidata,wikidata_ncbi_claim_absent,cyanobacteria,NCBI_ID,1117,1117,(no claim),10,daplankton;flowcamnet;planktoscope;syke_ifcb_2022;tara_pacific_bongo;tara_pacific_decknet;tara_pacific_hsn,"the Qcode carries no NCBI identifier claim, so the harvested value cannot be replayed"
52ad0e258450,INFO,wikidata,wikidata_ncbi_claim_absent,cylindrotheca,NCBI_ID,2852,2852,(no claim),2,tara_pacific_bongo;whoi,"the Qcode carries no NCBI identifier claim, so the harvested value cannot be replayed"
4b99cb2160e3,INFO,wikidata,wikidata_ncbi_claim_absent,cymbulia peronii,NCBI_ID,3108434,3108434,(no claim),1,zooscan,"the Qcode carries no NCBI identifier claim, so the harvested value cannot be replayed"
886c6bddd577,INFO,wikidata,wikidata_ncbi_claim_absent,dactyliosolen,NCBI_ID,1118494,1118494,(no claim),4,flowcamnet;tara_pacific_bongo;tara_pacific_decknet;whoi,"the Qcode carries no NCBI identifier claim, so the harvested value cannot be replayed"
6f7200744f7c,INFO,wikidata,wikidata_ncbi_claim_absent,delphineis,NCBI_ID,265589,265589,(no claim),1,whoi,"the Qcode carries no NCBI identifier claim, so the harvested value cannot be replayed"
65bf8be36866,INFO,wikidata,wikidata_ncbi_claim_absent,diatoma,NCBI_ID,2862,2862,(no claim),13,flowcamnet;global_uvp5;tara_pacific_bongo;tara_pacific_decknet;tara_pacific_manta;zoocamnet,"the Qcode carries no NCBI identifier claim, so the harvested value cannot be replayed"
ca1cfbbd49e2,INFO,wikidata,wikidata_ncbi_claim_absent,dictyocha,NCBI_ID,35686,35686,(no claim),3,planktoscope;tara_pacific_bongo;whoi,"the Qcode carries no NCBI identifier claim, so the harvested value cannot be replayed"
7aa29d0ed8db,INFO,wikidata,wikidata_ncbi_claim_absent,dinophysaceae,NCBI_ID,47932,47932,(no claim),1,medplanktonset,"the Qcode carries no NCBI identifier claim, so the harvested value cannot be replayed"
89797e1abb7b,INFO,wikidata,wikidata_ncbi_claim_absent,dinophysis parva,NCBI_ID,47933,47933,(no claim),1,medplanktonset,"the Qcode carries no NCBI identifier claim, so the harvested value cannot be replayed"
c30b79c564d7,INFO,wikidata,wikidata_ncbi_claim_absent,discosphaera tubifera,NCBI_ID,418941,418941,(no claim),1,medplanktonset,"the Qcode carries no NCBI identifier claim, so the harvested value cannot be replayed"
5847a6c868a9,INFO,wikidata,wikidata_ncbi_claim_absent,ditylum,NCBI_ID,49248,49248,(no claim),7,flowcamnet;planktoscope;tara_pacific_bongo;tara_pacific_decknet;whoi,"the Qcode carries no NCBI identifier claim, so the harvested value cannot be replayed"
7cb78a02d048,INFO,wikidata,wikidata_ncbi_claim_absent,entomoneis,NCBI_ID,186042,186042,(no claim),1,planktoscope,"the Qcode carries no NCBI identifier claim, so the harvested value cannot be replayed"
b4fd41cb327c,INFO,wikidata,wikidata_ncbi_claim_absent,epicancella,NCBI_ID,1236001,1236001,(no claim),1,planktoscope,"the Qcode carries no NCBI identifier claim, so the harvested value cannot be replayed"
256614500502,INFO,wikidata,wikidata_ncbi_claim_absent,ethmodiscus gazellae,NCBI_ID,938126,938126,(no claim),1,planktoscope,"the Qcode carries no NCBI identifier claim, so the harvested value cannot be replayed"
f7cf75985a76,INFO,wikidata,wikidata_ncbi_claim_absent,eucampia,NCBI_ID,49251,49251,(no claim),4,planktoscope;tara_pacific_bongo;tara_pacific_decknet;whoi,"the Qcode carries no NCBI identifier claim, so the harvested value cannot be replayed"
cb339fb8d484,INFO,wikidata,wikidata_ncbi_claim_absent,euglenophyceae,NCBI_ID,2704141,2704141,(no claim),3,daplankton;medplanktonset;syke_ifcb_2022,"the Qcode carries no NCBI identifier claim, so the harvested value cannot be replayed"
53c5bffa34a9,INFO,wikidata,wikidata_ncbi_claim_absent,euphysetta,NCBI_ID,332297,332297,(no claim),1,planktoscope,"the Qcode carries no NCBI identifier claim, so the harvested value cannot be replayed"
dcb58f0730db,INFO,wikidata,wikidata_ncbi_claim_absent,eutreptiella,NCBI_ID,73024,73024,(no claim),2,daplankton;syke_ifcb_2022,"the Qcode carries no NCBI identifier claim, so the harvested value cannot be replayed"
bb1fa1f0ee42,INFO,wikidata,wikidata_ncbi_claim_absent,favella,NCBI_ID,182086,182086,(no claim),1,planktoscope,"the Qcode carries no NCBI identifier claim, so the harvested value cannot be replayed"
815990b3beb4,INFO,wikidata,wikidata_ncbi_claim_absent,fragilaria,NCBI_ID,33644,33644,(no claim),1,zoolake,"the Qcode carries no NCBI identifier claim, so the harvested value cannot be replayed"
faa88f5116de,INFO,wikidata,wikidata_ncbi_claim_absent,fragilariaceae,NCBI_ID,33856,33856,(no claim),1,planktoscope,"the Qcode carries no NCBI identifier claim, so the harvested value cannot be replayed"
a875aa3cc7cd,INFO,wikidata,wikidata_ncbi_claim_absent,fragilariopsis,NCBI_ID,186035,186035,(no claim),2,flowcamnet;tara_pacific_decknet,"the Qcode carries no NCBI identifier claim, so the harvested value cannot be replayed"
715b72751ff7,INFO,wikidata,wikidata_ncbi_claim_absent,gephyrocapsa huxleyi,NCBI_ID,38816,38816,(no claim),1,whoi,"the Qcode carries no NCBI identifier claim, so the harvested value cannot be replayed"
78954c1ab029,INFO,wikidata,wikidata_ncbi_claim_absent,gossleriella,NCBI_ID,216785,216785,(no claim),1,planktoscope,"the Qcode carries no NCBI identifier claim, so the harvested value cannot be replayed"
4e2d341dd087,INFO,wikidata,wikidata_ncbi_claim_absent,guinardia,NCBI_ID,216800,216800,(no claim),3,flowcamnet;tara_pacific_bongo;tara_pacific_decknet,"the Qcode carries no NCBI identifier claim, so the harvested value cannot be replayed"
942576811f95,INFO,wikidata,wikidata_ncbi_claim_absent,gyrodinium,NCBI_ID,60594,60594,(no claim),3,medplanktonset;planktoscope;whoi,"the Qcode carries no NCBI identifier claim, so the harvested value cannot be replayed"
6d3ef2a0a2a2,INFO,wikidata,wikidata_ncbi_claim_absent,haslea silbo,NCBI_ID,1146997,1146997,(no claim),1,medplanktonset,"the Qcode carries no NCBI identifier claim, so the harvested value cannot be replayed"
34ec84632422,INFO,wikidata,wikidata_ncbi_claim_absent,helix aspersa,NCBI_ID,6535,6535,(no claim),1,global_uvp5,"the Qcode carries no NCBI identifier claim, so the harvested value cannot be replayed"
c75cc07b4f4a,INFO,wikidata,wikidata_ncbi_claim_absent,hemiaulus,NCBI_ID,426649,426649,(no claim),6,flowcamnet;medplanktonset;planktoscope;tara_pacific_bongo;tara_pacific_decknet;whoi,"the Qcode carries no NCBI identifier claim, so the harvested value cannot be replayed"
5c605d427e2a,INFO,wikidata,wikidata_ncbi_claim_absent,hemidiscus,NCBI_ID,1954218,1954218,(no claim),2,planktoscope;tara_pacific_bongo,"the Qcode carries no NCBI identifier claim, so the harvested value cannot be replayed"
d86ac54dfa46,INFO,wikidata,wikidata_ncbi_claim_absent,heterocapsa,NCBI_ID,2918,2918,(no claim),1,medplanktonset,"the Qcode carries no NCBI identifier claim, so the harvested value cannot be replayed"
b2eed57663d9,INFO,wikidata,wikidata_ncbi_claim_absent,isthmia,NCBI_ID,1003063,1003063,(no claim),1,planktoscope,"the Qcode carries no NCBI identifier claim, so the harvested value cannot be replayed"
1b9e75c2f6dd,INFO,wikidata,wikidata_ncbi_claim_absent,kapelodinium vestifici,NCBI_ID,1890389,1890389,(no claim),1,medplanktonset,"the Qcode carries no NCBI identifier claim, so the harvested value cannot be replayed"
26c1dd7f4b5c,INFO,wikidata,wikidata_ncbi_claim_absent,lauderia,NCBI_ID,49254,49254,(no claim),2,planktoscope;whoi,"the Qcode carries no NCBI identifier claim, so the harvested value cannot be replayed"
4e2df425bd74,INFO,wikidata,wikidata_ncbi_claim_absent,leegaardiella ovalis,NCBI_ID,1925000,1925000,(no claim),1,whoi,"the Qcode carries no NCBI identifier claim, so the harvested value cannot be replayed"
8df1aedc7a29,INFO,wikidata,wikidata_ncbi_claim_absent,leptocylindrus,NCBI_ID,163515,163515,(no claim),3,medplanktonset;planktoscope;whoi,"the Qcode carries no NCBI identifier claim, so the harvested value cannot be replayed"
935fde10d9c5,INFO,wikidata,wikidata_ncbi_claim_absent,leptocylindrus mediterraneus,NCBI_ID,1785165,1785165,(no claim),2,planktoscope;whoi,"the Qcode carries no NCBI identifier claim, so the harvested value cannot be replayed"
8ae4c4485fc9,INFO,wikidata,wikidata_ncbi_claim_absent,licmophora,NCBI_ID,210597,210597,(no claim),5,medplanktonset;planktoscope;syke_ifcb_2022;tara_pacific_bongo;whoi,"the Qcode carries no NCBI identifier claim, so the harvested value cannot be replayed"
ab257e0ebc39,INFO,wikidata,wikidata_ncbi_claim_absent,lioloma,NCBI_ID,3093593,3093593,(no claim),1,planktoscope,"the Qcode carries no NCBI identifier claim, so the harvested value cannot be replayed"
30a531fb6a6d,INFO,wikidata,wikidata_ncbi_claim_absent,lioloma pacificum,NCBI_ID,3471099,3471099,(no claim),1,medplanktonset,"the Qcode carries no NCBI identifier claim, so the harvested value cannot be replayed"
7dee81fa298c,INFO,wikidata,wikidata_ncbi_claim_absent,lithodesmium,NCBI_ID,59811,59811,(no claim),1,planktoscope,"the Qcode carries no NCBI identifier claim, so the harvested value cannot be replayed"
229a38227490,INFO,wikidata,wikidata_ncbi_claim_absent,mastogloia,NCBI_ID,1003320,1003320,(no claim),1,planktoscope,"the Qcode carries no NCBI identifier claim, so the harvested value cannot be replayed"
c06ac324e29a,INFO,wikidata,wikidata_ncbi_claim_absent,mediopyxis,NCBI_ID,327390,327390,(no claim),1,planktoscope,"the Qcode carries no NCBI identifier claim, so the harvested value cannot be replayed"
784ad04cd984,INFO,wikidata,wikidata_ncbi_claim_absent,medusettidae,NCBI_ID,332297,332297,(no claim),1,global_uvp5,"the Qcode carries no NCBI identifier claim, so the harvested value cannot be replayed"
dab33d27bde3,INFO,wikidata,wikidata_ncbi_claim_absent,melosira,NCBI_ID,35124,35124,(no claim),1,global_uvp5,"the Qcode carries no NCBI identifier claim, so the harvested value cannot be replayed"
547cbdd15e34,INFO,wikidata,wikidata_ncbi_claim_absent,melosiraceae,NCBI_ID,35123,35123,(no claim),1,flowcamnet,"the Qcode carries no NCBI identifier claim, so the harvested value cannot be replayed"
a0f44043783c,INFO,wikidata,wikidata_ncbi_claim_absent,meringosphaera mediterranea,NCBI_ID,2837474,2837474,(no claim),1,medplanktonset,"the Qcode carries no NCBI identifier claim, so the harvested value cannot be replayed"
ac1727e7efeb,INFO,wikidata,wikidata_ncbi_claim_absent,neobrightwellia alternans,NCBI_ID,1003021,1003021,(no claim),1,medplanktonset,"the Qcode carries no NCBI identifier claim, so the harvested value cannot be replayed"
c8f572c44573,INFO,wikidata,wikidata_ncbi_claim_absent,neocalyptrella,NCBI_ID,2731301,2731301,(no claim),1,planktoscope,"the Qcode carries no NCBI identifier claim, so the harvested value cannot be replayed"
617a1c0b8128,INFO,wikidata,wikidata_ncbi_claim_absent,neoceratium,NCBI_ID,665866,665866,(no claim),8,flowcamnet;planktoscope;tara_pacific_bongo;tara_pacific_decknet;tara_pacific_manta;zoocamnet,"the Qcode carries no NCBI identifier claim, so the harvested value cannot be replayed"
a79a3f70f364,INFO,wikidata,wikidata_ncbi_claim_absent,nitzschia,NCBI_ID,651811,651811,(no claim),2,flowcamnet;tara_pacific_decknet,"the Qcode carries no NCBI identifier claim, so the harvested value cannot be replayed"
caa4d44164d0,INFO,wikidata,wikidata_ncbi_claim_absent,nodularia,NCBI_ID,1830174,1830174,(no claim),1,global_uvp5,"the Qcode carries no NCBI identifier claim, so the harvested value cannot be replayed"
2735612e9814,INFO,wikidata,wikidata_ncbi_claim_absent,octactis,NCBI_ID,3095340,3095340,(no claim),1,planktoscope,"the Qcode carries no NCBI identifier claim, so the harvested value cannot be replayed"
f6c2e149201d,INFO,wikidata,wikidata_ncbi_claim_absent,octactis octonaria,NCBI_ID,1104380,1104380,(no claim),1,medplanktonset,"the Qcode carries no NCBI identifier claim, so the harvested value cannot be replayed"
a3dad58bbc8c,INFO,wikidata,wikidata_ncbi_claim_absent,odontella,NCBI_ID,332376,332376,(no claim),4,flowcamnet;planktoscope;whoi,"the Qcode carries no NCBI identifier claim, so the harvested value cannot be replayed"
0d878f4f8c91,INFO,wikidata,wikidata_ncbi_claim_absent,odontella mobiliensis,NCBI_ID,655800,655800,(no claim),1,planktoscope,"the Qcode carries no NCBI identifier claim, so the harvested value cannot be replayed"
c82936af7022,INFO,wikidata,wikidata_ncbi_claim_absent,odontella sinensis,NCBI_ID,1514140,1514140,(no claim),1,planktoscope,"the Qcode carries no NCBI identifier claim, so the harvested value cannot be replayed"
239edffd8745,INFO,wikidata,wikidata_ncbi_claim_absent,ophiaster,NCBI_ID,418932,418932,(no claim),1,medplanktonset,"the Qcode carries no NCBI identifier claim, so the harvested value cannot be replayed"
b3cd1b3bc810,INFO,wikidata,wikidata_ncbi_claim_absent,oxytoxum,NCBI_ID,2950224,2950224,(no claim),5,flowcamnet;medplanktonset;planktoscope;tara_pacific_bongo;tara_pacific_decknet,"the Qcode carries no NCBI identifier claim, so the harvested value cannot be replayed"
4dd063ab1922,INFO,wikidata,wikidata_ncbi_claim_absent,oxytoxum caudatum,NCBI_ID,2950224,2950224,(no claim),1,medplanktonset,"the Qcode carries no NCBI identifier claim, so the harvested value cannot be replayed"
ce9699e9169a,INFO,wikidata,wikidata_ncbi_claim_absent,oxytoxum scolopax,NCBI_ID,2950224,2950224,(no claim),1,medplanktonset,"the Qcode carries no NCBI identifier claim, so the harvested value cannot be replayed"
488f1837519c,INFO,wikidata,wikidata_ncbi_claim_absent,oxytoxum variabile,NCBI_ID,2950224,2950224,(no claim),1,medplanktonset,"the Qcode carries no NCBI identifier claim, so the harvested value cannot be replayed"
59412b2e295a,INFO,wikidata,wikidata_ncbi_claim_absent,paralia,NCBI_ID,216907,216907,(no claim),1,whoi,"the Qcode carries no NCBI identifier claim, so the harvested value cannot be replayed"
0d6888e530af,INFO,wikidata,wikidata_ncbi_claim_absent,parvicorbicula socialis,NCBI_ID,1925537,1925537,(no claim),1,whoi,"the Qcode carries no NCBI identifier claim, so the harvested value cannot be replayed"
e500d51bacad,INFO,wikidata,wikidata_ncbi_claim_absent,pennales,NCBI_ID,33849,33849,(no claim),7,flowcamnet;medplanktonset;syke_ifcb_2022;whoi,"the Qcode carries no NCBI identifier claim, so the harvested value cannot be replayed"
d3554e5a8d7f,INFO,wikidata,wikidata_ncbi_claim_absent,peridiniella catenata,NCBI_ID,3111327,3111327,(no claim),3,daplankton;syke_ifcb_2022,"the Qcode carries no NCBI identifier claim, so the harvested value cannot be replayed"
145aed664b72,INFO,wikidata,wikidata_ncbi_claim_absent,phalacroma,NCBI_ID,330137,330137,(no claim),4,medplanktonset;planktoscope;tara_pacific_bongo;tara_pacific_decknet,"the Qcode carries no NCBI identifier claim, so the harvested value cannot be replayed"
635bbbe86941,INFO,wikidata,wikidata_ncbi_claim_absent,plagiacanthidae,NCBI_ID,1054398,1054398,(no claim),1,planktoscope,"the Qcode carries no NCBI identifier claim, so the harvested value cannot be replayed"
e6a1fb1cdbd0,INFO,wikidata,wikidata_ncbi_claim_absent,plagiotropis,NCBI_ID,2126264,2126264,(no claim),1,medplanktonset,"the Qcode carries no NCBI identifier claim, so the harvested value cannot be replayed"
4c5a2ae153b1,INFO,wikidata,wikidata_ncbi_claim_absent,pleurosigma,NCBI_ID,197752,197752,(no claim),1,whoi,"the Qcode carries no NCBI identifier claim, so the harvested value cannot be replayed"
0e0a0db3b097,INFO,wikidata,wikidata_ncbi_claim_absent,pleurosigmataceae,NCBI_ID,197751,197751,(no claim),2,medplanktonset;planktoscope,"the Qcode carries no NCBI identifier claim, so the harvested value cannot be replayed"
30403ec72358,INFO,wikidata,wikidata_ncbi_claim_absent,podolampas,NCBI_ID,699223,699223,(no claim),4,flowcamnet;planktoscope;tara_pacific_bongo;tara_pacific_decknet,"the Qcode carries no NCBI identifier claim, so the harvested value cannot be replayed"
54f8d9d7ccbc,INFO,wikidata,wikidata_ncbi_claim_absent,poroecus,NCBI_ID,180938,180938,(no claim),3,flowcamnet;tara_pacific_bongo;tara_pacific_decknet,"the Qcode carries no NCBI identifier claim, so the harvested value cannot be replayed"
caac6259598f,INFO,wikidata,wikidata_ncbi_claim_absent,proboscia,NCBI_ID,216776,216776,(no claim),1,planktoscope,"the Qcode carries no NCBI identifier claim, so the harvested value cannot be replayed"
f375582b03ef,INFO,wikidata,wikidata_ncbi_claim_absent,proplectella,NCBI_ID,3698981,3698981,(no claim),1,planktoscope,"the Qcode carries no NCBI identifier claim, so the harvested value cannot be replayed"
7ff267277910,INFO,wikidata,wikidata_ncbi_claim_absent,prorocentrum,NCBI_ID,2944,2944,(no claim),1,whoi,"the Qcode carries no NCBI identifier claim, so the harvested value cannot be replayed"
0321f3a459c5,INFO,wikidata,wikidata_ncbi_claim_absent,prorocentrum redfieldii,NCBI_ID,2820087,2820087,(no claim),1,medplanktonset,"the Qcode carries no NCBI identifier claim, so the harvested value cannot be replayed"
8fada040c86c,INFO,wikidata,wikidata_ncbi_claim_absent,proterythropsis,NCBI_ID,651421,651421,(no claim),1,whoi,"the Qcode carries no NCBI identifier claim, so the harvested value cannot be replayed"
12049bb13803,INFO,wikidata,wikidata_ncbi_claim_absent,protoperidinium,NCBI_ID,261839,261839,(no claim),5,flowcamnet;planktoscope;tara_pacific_bongo;tara_pacific_decknet;whoi,"the Qcode carries no NCBI identifier claim, so the harvested value cannot be replayed"
c2ef98766eff,INFO,wikidata,wikidata_ncbi_claim_absent,protoperidinium diabolus,NCBI_ID,261839,261839,(no claim),1,medplanktonset,"the Qcode carries no NCBI identifier claim, so the harvested value cannot be replayed"
5b52d1b46ccd,INFO,wikidata,wikidata_ncbi_claim_absent,pseudopedinella,NCBI_ID,35683,35683,(no claim),2,daplankton;syke_ifcb_2022,"the Qcode carries no NCBI identifier claim, so the harvested value cannot be replayed"
3a7ba9661e1a,INFO,wikidata,wikidata_ncbi_claim_absent,pseudosolenia,NCBI_ID,1334974,1334974,(no claim),1,planktoscope,"the Qcode carries no NCBI identifier claim, so the harvested value cannot be replayed"
86924999bcb5,INFO,wikidata,wikidata_ncbi_claim_absent,pyramimonas longicauda,NCBI_ID,36882,36882,(no claim),1,whoi,"the Qcode carries no NCBI identifier claim, so the harvested value cannot be replayed"
dc66708e0e49,INFO,wikidata,wikidata_ncbi_claim_absent,pyrocystaceae,NCBI_ID,1573500,1573500,(no claim),6,flowcamnet;tara_pacific_bongo;tara_pacific_decknet;tara_pacific_hsn;tara_pacific_manta,"the Qcode carries no NCBI identifier claim, so the harvested value cannot be replayed"
06c9e2077b9f,INFO,wikidata,wikidata_ncbi_claim_absent,pyrocystis,NCBI_ID,2971,2971,(no claim),2,isiisnet;planktoscope,"the Qcode carries no NCBI identifier claim, so the harvested value cannot be replayed"
06d53380bb65,INFO,wikidata,wikidata_ncbi_claim_absent,pyrocystis hamulus,NCBI_ID,2971,2971,(no claim),1,planktoscope,"the Qcode carries no NCBI identifier claim, so the harvested value cannot be replayed"
6abb39393c2c,INFO,wikidata,wikidata_ncbi_claim_absent,pyrocystis pseudonoctiluca,NCBI_ID,2971,2971,(no claim),1,planktoscope,"the Qcode carries no NCBI identifier claim, so the harvested value cannot be replayed"
b5b9fc1d0a94,INFO,wikidata,wikidata_ncbi_claim_absent,pyrophacus,NCBI_ID,261841,261841,(no claim),4,flowcamnet;planktoscope;tara_pacific_bongo;tara_pacific_decknet,"the Qcode carries no NCBI identifier claim, so the harvested value cannot be replayed"
c49ecc01f675,INFO,wikidata,wikidata_ncbi_claim_absent,pyrophacus horologium,NCBI_ID,3111395,3111395,(no claim),1,medplanktonset,"the Qcode carries no NCBI identifier claim, so the harvested value cannot be replayed"
c52bf9aaf423,INFO,wikidata,wikidata_ncbi_claim_absent,pyrosomatida,NCBI_ID,76842,76842,(no claim),3,global_uvp5;tara_pacific_manta;zooscan,"the Qcode carries no NCBI identifier claim, so the harvested value cannot be replayed"
991d5f3873b4,INFO,wikidata,wikidata_ncbi_claim_absent,radiozoa,NCBI_ID,543769,543769,(no claim),7,jedioceans;medplanktonset;planktonset1.0;planktoscope,"the Qcode carries no NCBI identifier claim, so the harvested value cannot be replayed"
f58f386cb71e,INFO,wikidata,wikidata_ncbi_claim_absent,rhabdonellopsis,NCBI_ID,211026,211026,(no claim),3,planktoscope;tara_pacific_bongo;tara_pacific_decknet,"the Qcode carries no NCBI identifier claim, so the harvested value cannot be replayed"
cb1f363ced9c,INFO,wikidata,wikidata_ncbi_claim_absent,rhabdosphaera clavigera,NCBI_ID,418941,418941,(no claim),1,medplanktonset,"the Qcode carries no NCBI identifier claim, so the harvested value cannot be replayed"
76dc4e54b431,INFO,wikidata,wikidata_ncbi_claim_absent,rhincalanidae,NCBI_ID,6833,6833,(no claim),2,tara_pacific_hsn;zooscan,"the Qcode carries no NCBI identifier claim, so the harvested value cannot be replayed"
3c3f134b246a,INFO,wikidata,wikidata_ncbi_claim_absent,rhinomonas nottbeckii,NCBI_ID,1326783,1326783,(no claim),1,daplankton,"the Qcode carries no NCBI identifier claim, so the harvested value cannot be replayed"
d842a656ab6b,INFO,wikidata,wikidata_ncbi_claim_absent,rhizosolenia,NCBI_ID,3004,3004,(no claim),12,flowcamnet;planktoscope;tara_pacific_bongo;tara_pacific_decknet;whoi;zoocamnet,"the Qcode carries no NCBI identifier claim, so the harvested value cannot be replayed"
3c66368592f9,INFO,wikidata,wikidata_ncbi_claim_absent,rhizosoleniaceae,NCBI_ID,33845,33845,(no claim),4,flowcamnet;medplanktonset;planktoscope,"the Qcode carries no NCBI identifier claim, so the harvested value cannot be replayed"
aaccae132c19,INFO,wikidata,wikidata_ncbi_claim_absent,scrippsiella,NCBI_ID,54902,54902,(no claim),1,medplanktonset,"the Qcode carries no NCBI identifier claim, so the harvested value cannot be replayed"
a5e309cbd33d,INFO,wikidata,wikidata_ncbi_claim_absent,skeletonema,NCBI_ID,2842,2842,(no claim),3,medplanktonset;planktoscope;whoi,"the Qcode carries no NCBI identifier claim, so the harvested value cannot be replayed"
99c4f9c79d9b,INFO,wikidata,wikidata_ncbi_claim_absent,sourniaea diacantha,NCBI_ID,2723146,2723146,(no claim),1,medplanktonset,"the Qcode carries no NCBI identifier claim, so the harvested value cannot be replayed"
abb974bfe89a,INFO,wikidata,wikidata_ncbi_claim_absent,stephanopyxis,NCBI_ID,3006,3006,(no claim),1,whoi,"the Qcode carries no NCBI identifier claim, so the harvested value cannot be replayed"
6f083aebc5b8,INFO,wikidata,wikidata_ncbi_claim_absent,sticholonchida,NCBI_ID,1054998,1054998,(no claim),1,planktoscope,"the Qcode carries no NCBI identifier claim, so the harvested value cannot be replayed"
c9301a0e745e,INFO,wikidata,wikidata_ncbi_claim_absent,striatella,NCBI_ID,2963561,2963561,(no claim),2,planktoscope;tara_pacific_bongo,"the Qcode carries no NCBI identifier claim, so the harvested value cannot be replayed"
98b1da9032f8,INFO,wikidata,wikidata_ncbi_claim_absent,strombidium wulffi,NCBI_ID,60005,60005,(no claim),1,whoi,"the Qcode carries no NCBI identifier claim, so the harvested value cannot be replayed"
874cce1a215b,INFO,wikidata,wikidata_ncbi_claim_absent,teleaulax,NCBI_ID,77930,77930,(no claim),2,daplankton;syke_ifcb_2022,"the Qcode carries no NCBI identifier claim, so the harvested value cannot be replayed"
13ccef6b8c32,INFO,wikidata,wikidata_ncbi_claim_absent,thalassionema,NCBI_ID,33648,33648,(no claim),3,medplanktonset;whoi;zoocamnet,"the Qcode carries no NCBI identifier claim, so the harvested value cannot be replayed"
403144e899ff,INFO,wikidata,wikidata_ncbi_claim_absent,thalassionematales,NCBI_ID,33849,33849,(no claim),4,flowcamnet;planktoscope;tara_pacific_bongo;tara_pacific_decknet,"the Qcode carries no NCBI identifier claim, so the harvested value cannot be replayed"
356bb417e618,INFO,wikidata,wikidata_ncbi_claim_absent,thalassiosira,NCBI_ID,35127,35127,(no claim),3,medplanktonset;whoi,"the Qcode carries no NCBI identifier claim, so the harvested value cannot be replayed"
4135087d0ef5,INFO,wikidata,wikidata_ncbi_claim_absent,thalassiosira levanderi,NCBI_ID,35127,35127,(no claim),1,syke_ifcb_2022,"the Qcode carries no NCBI identifier claim, so the harvested value cannot be replayed"
0a2e8e4aec4e,INFO,wikidata,wikidata_ncbi_claim_absent,tiarina fusus,NCBI_ID,693140,693140,(no claim),1,whoi,"the Qcode carries no NCBI identifier claim, so the harvested value cannot be replayed"
cd57f52d75f5,INFO,wikidata,wikidata_ncbi_claim_absent,tontonia appendiculariformis,NCBI_ID,641220,641220,(no claim),1,whoi,"the Qcode carries no NCBI identifier claim, so the harvested value cannot be replayed"
87ea8fc92130,INFO,wikidata,wikidata_ncbi_claim_absent,tontonia gracillima,NCBI_ID,641222,641222,(no claim),1,whoi,"the Qcode carries no NCBI identifier claim, so the harvested value cannot be replayed"
16d86ab31257,INFO,wikidata,wikidata_ncbi_claim_absent,torodinium,NCBI_ID,1641412,1641412,(no claim),1,medplanktonset,"the Qcode carries no NCBI identifier claim, so the harvested value cannot be replayed"
44f543a195a6,INFO,wikidata,wikidata_ncbi_claim_absent,triceratium,NCBI_ID,1003065,1003065,(no claim),1,planktoscope,"the Qcode carries no NCBI identifier claim, so the harvested value cannot be replayed"
3150410e09d5,INFO,wikidata,wikidata_ncbi_claim_absent,trigonium,NCBI_ID,1003143,1003143,(no claim),1,planktoscope,"the Qcode carries no NCBI identifier claim, so the harvested value cannot be replayed"
82b1b3ed3426,INFO,wikidata,wikidata_ncbi_claim_absent,tripos,NCBI_ID,2126447,2126447,(no claim),5,jedioceans;medplanktonset;planktoscope;zooscan,"the Qcode carries no NCBI identifier claim, so the harvested value cannot be replayed"
a759deb32520,INFO,wikidata,wikidata_ncbi_claim_absent,tripos arcticus,NCBI_ID,2126447,2126447,(no claim),1,planktoscope,"the Qcode carries no NCBI identifier claim, so the harvested value cannot be replayed"
afc8127fcb94,INFO,wikidata,wikidata_ncbi_claim_absent,tripos belone,NCBI_ID,3111898,3111898,(no claim),1,planktoscope,"the Qcode carries no NCBI identifier claim, so the harvested value cannot be replayed"
504d70bd766e,INFO,wikidata,wikidata_ncbi_claim_absent,tripos geniculatus,NCBI_ID,3681919,3681919,(no claim),2,planktoscope;tara_pacific_decknet,"the Qcode carries no NCBI identifier claim, so the harvested value cannot be replayed"
f38357b92d2b,INFO,wikidata,wikidata_ncbi_claim_absent,tripos horridus,NCBI_ID,203191,203191,(no claim),1,medplanktonset,"the Qcode carries no NCBI identifier claim, so the harvested value cannot be replayed"
7cff6b5a73cf,INFO,wikidata,wikidata_ncbi_claim_absent,tripos incisus,NCBI_ID,2126447,2126447,(no claim),1,planktoscope,"the Qcode carries no NCBI identifier claim, so the harvested value cannot be replayed"
1d8d7e56f2e7,INFO,wikidata,wikidata_ncbi_claim_absent,tripos petersii,NCBI_ID,644180,644180,(no claim),1,planktoscope,"the Qcode carries no NCBI identifier claim, so the harvested value cannot be replayed"
2c0164fa0e38,INFO,wikidata,wikidata_ncbi_claim_absent,tripos teres,NCBI_ID,3111885,3111885,(no claim),2,medplanktonset;planktoscope,"the Qcode carries no NCBI identifier claim, so the harvested value cannot be replayed"
280b2c724406,INFO,wikidata,wikidata_ncbi_claim_absent,triposolenia,NCBI_ID,1050100,1050100,(no claim),1,planktoscope,"the Qcode carries no NCBI identifier claim, so the harvested value cannot be replayed"
5bf0dd843d82,INFO,wikidata,wikidata_ncbi_claim_absent,uroglena,NCBI_ID,98067,98067,(no claim),1,zoolake,"the Qcode carries no NCBI identifier claim, so the harvested value cannot be replayed"
cc86aece8410,INFO,wikidata,wikidata_ncbi_claim_absent,uroglenopsis,NCBI_ID,2582958,2582958,(no claim),1,syke_ifcb_2022,"the Qcode carries no NCBI identifier claim, so the harvested value cannot be replayed"
dba12fc500bf,INFO,wikidata,wikidata_ncbi_claim_absent,warnowia polyphemus,NCBI_ID,651390,651390,(no claim),1,medplanktonset,"the Qcode carries no NCBI identifier claim, so the harvested value cannot be replayed"
14d0f622a396,INFO,wikidata,wikidata_ncbi_claim_absent,xystonellopsis,NCBI_ID,211023,211023,(no claim),1,planktoscope,"the Qcode carries no NCBI identifier claim, so the harvested value cannot be replayed"
91b32aae02fa,INFO,wikidata,wikidata_ncbi_claim_absent,xystonellopsis paradoxa,NCBI_ID,211023,211023,(no claim),1,planktoscope,"the Qcode carries no NCBI identifier claim, so the harvested value cannot be replayed"
668e538068a3,INFO,wikidata,wikidata_worms_claim_absent,actinosphaerium nucleofilum,aphia_ID,590589,590589,(no claim),1,lensless,"the Qcode carries no WoRMS identifier claim, so the harvested value cannot be replayed"
87960723812f,INFO,wikidata,wikidata_worms_claim_absent,amphibelone,aphia_ID,1701367,1701367,(no claim),3,flowcamnet;planktoscope;tara_pacific_decknet,"the Qcode carries no WoRMS identifier claim, so the harvested value cannot be replayed"
228188f962e9,INFO,wikidata,wikidata_worms_claim_absent,amphorellopsis,aphia_ID,425527,425527,(no claim),1,planktoscope,"the Qcode carries no WoRMS identifier claim, so the harvested value cannot be replayed"
8ac8154cdfd4,INFO,wikidata,wikidata_worms_claim_absent,blepharisma americanum,aphia_ID,178694,178694,(no claim),1,lensless,"the Qcode carries no WoRMS identifier claim, so the harvested value cannot be replayed"
fbd4247a0d41,INFO,wikidata,wikidata_worms_claim_absent,ceratoneis closterium,aphia_ID,163932,163932,(no claim),1,syke_ifcb_2022,"the Qcode carries no WoRMS identifier claim, so the harvested value cannot be replayed"
e394285cc6e1,INFO,wikidata,wikidata_worms_claim_absent,chaetoceros anastomosans,aphia_ID,149292,149292,(no claim),1,medplanktonset,"the Qcode carries no WoRMS identifier claim, so the harvested value cannot be replayed"
fd00b9350cd7,INFO,wikidata,wikidata_worms_claim_absent,chaetoceros dadayi,aphia_ID,148985,148985,(no claim),1,planktoscope,"the Qcode carries no WoRMS identifier claim, so the harvested value cannot be replayed"
0dfe0fe0ba25,INFO,wikidata,wikidata_worms_claim_absent,chaetoceros peruvianus,aphia_ID,178185,178185,(no claim),4,flowcamnet;medplanktonset;planktoscope;tara_pacific_decknet,"the Qcode carries no WoRMS identifier claim, so the harvested value cannot be replayed"
68ef4ae33bca,INFO,wikidata,wikidata_worms_claim_absent,chaoborus,aphia_ID,118088,118088,(no claim),2,frepj;zoolake,"the Qcode carries no WoRMS identifier claim, so the harvested value cannot be replayed"
63719ef30b1e,INFO,wikidata,wikidata_worms_claim_absent,echidnophaga,aphia_ID,112045,112045,(no claim),1,global_uvp5,"the Qcode carries no WoRMS identifier claim, so the harvested value cannot be replayed"
7c36144c95a8,INFO,wikidata,wikidata_worms_claim_absent,guinardia striata,aphia_ID,149113,149113,(no claim),1,whoi,"the Qcode carries no WoRMS identifier claim, so the harvested value cannot be replayed"
069c7ecf56a5,INFO,wikidata,wikidata_worms_claim_absent,haslea silbo,aphia_ID,1782279,1782279,(no claim),1,medplanktonset,"the Qcode carries no WoRMS identifier claim, so the harvested value cannot be replayed"
27fcf35f8d03,INFO,wikidata,wikidata_worms_claim_absent,helix aspersa,aphia_ID,153970,153970,(no claim),1,global_uvp5,"the Qcode carries no WoRMS identifier claim, so the harvested value cannot be replayed"
bee5349f0ecd,INFO,wikidata,wikidata_worms_claim_absent,heterocapsa triquetra,aphia_ID,110153,110153,(no claim),2,daplankton;syke_ifcb_2022,"the Qcode carries no WoRMS identifier claim, so the harvested value cannot be replayed"
346c5d4ff11c,INFO,wikidata,wikidata_worms_claim_absent,leptocephalus,aphia_ID,843623,843623,(no claim),1,planktonset1.0,"the Qcode carries no WoRMS identifier claim, so the harvested value cannot be replayed"
ebc7b1e99b36,INFO,wikidata,wikidata_worms_claim_absent,leptocylindrus mediterraneus,aphia_ID,149230,149230,(no claim),2,planktoscope;whoi,"the Qcode carries no WoRMS identifier claim, so the harvested value cannot be replayed"
d4af3a8aca38,INFO,wikidata,wikidata_worms_claim_absent,melosira arctica,aphia_ID,149042,149042,(no claim),2,daplankton;syke_ifcb_2022,"the Qcode carries no WoRMS identifier claim, so the harvested value cannot be replayed"
f0a9ea2fac27,INFO,wikidata,wikidata_worms_claim_absent,meringosphaera mediterranea,aphia_ID,248129,248129,(no claim),1,medplanktonset,"the Qcode carries no WoRMS identifier claim, so the harvested value cannot be replayed"
cde47f6455c7,INFO,wikidata,wikidata_worms_claim_absent,nodularia,aphia_ID,156692,156692,(no claim),1,global_uvp5,"the Qcode carries no WoRMS identifier claim, so the harvested value cannot be replayed"
9471cfdb8926,INFO,wikidata,wikidata_worms_claim_absent,odontella mobiliensis,aphia_ID,164116,164116,(no claim),1,planktoscope,"the Qcode carries no WoRMS identifier claim, so the harvested value cannot be replayed"
164a07d257fa,INFO,wikidata,wikidata_worms_claim_absent,pseudochattonella farcimen,aphia_ID,531467,531467,(no claim),1,whoi,"the Qcode carries no WoRMS identifier claim, so the harvested value cannot be replayed"
76703792418f,INFO,wikidata,wikidata_worms_claim_absent,rhizosolenia,aphia_ID,149069,149069,(no claim),12,flowcamnet;planktoscope;tara_pacific_bongo;tara_pacific_decknet;whoi;zoocamnet,"the Qcode carries no WoRMS identifier claim, so the harvested value cannot be replayed"
d5ef3f31806a,INFO,wikidata,wikidata_worms_claim_absent,sourniaea diacantha,aphia_ID,1760858,1760858,(no claim),1,medplanktonset,"the Qcode carries no WoRMS identifier claim, so the harvested value cannot be replayed"
e9160a65772d,INFO,wikidata,wikidata_worms_claim_absent,strombidium oculatum,aphia_ID,101320,101320,(no claim),1,whoi,"the Qcode carries no WoRMS identifier claim, so the harvested value cannot be replayed"
a735f11e11e6,INFO,wikidata,wikidata_worms_claim_absent,tenuicylindrus belgicus,aphia_ID,149037,149037,(no claim),1,medplanktonset,"the Qcode carries no WoRMS identifier claim, so the harvested value cannot be replayed"
560f94f8194e,INFO,wikidata,wikidata_worms_claim_absent,tontonia gracillima,aphia_ID,101347,101347,(no claim),1,whoi,"the Qcode carries no WoRMS identifier claim, so the harvested value cannot be replayed"
c1d174d9ea7b,INFO,wikidata,wikidata_worms_claim_absent,trieres mobiliensis,aphia_ID,839991,839991,(no claim),1,medplanktonset,"the Qcode carries no WoRMS identifier claim, so the harvested value cannot be replayed"
1b5caf510dab,INFO,worms,worms_rank_outside_seven,achelata,aphia_ID,383017,Order,Infraorder,1,tara_pacific_hsn,"WoRMS rank has no column in the seven-rank schema, so it was folded into the nearest one"
294a210198b7,INFO,worms,worms_rank_outside_seven,alciopini,aphia_ID,932,Family,Tribe,1,tara_pacific_manta,"WoRMS rank has no column in the seven-rank schema, so it was folded into the nearest one"
c659da43bfa2,INFO,worms,worms_rank_outside_seven,anthozoa,aphia_ID,1292,Phylum,Subphylum,2,tara_pacific_hsn;tara_pacific_manta,"WoRMS rank has no column in the seven-rank schema, so it was folded into the nearest one"
77b36c808ee3,INFO,worms,worms_rank_outside_seven,brachyura,aphia_ID,106673,Order,Infraorder,6,tara_pacific_hsn;tara_pacific_manta,"WoRMS rank has no column in the seven-rank schema, so it was folded into the nearest one"
afa9632e8c58,INFO,worms,worms_rank_outside_seven,cirripedia,aphia_ID,1082,Class,Subclass,5,tara_pacific_hsn;tara_pacific_manta,"WoRMS rank has no column in the seven-rank schema, so it was folded into the nearest one"
843bf784f7c7,INFO,worms,worms_rank_outside_seven,hexapoda,aphia_ID,1278,Class,Subphylum,6,global_uvp5;tara_pacific_hsn;tara_pacific_manta;zooscan,"WoRMS rank has no column in the seven-rank schema, so it was folded into the nearest one"
