subject_id	predicate_id	object_id	mapping_justification	mapping_date	author_id	confidence	comment
pzt:000002	skos:exactMatch	ecotaxa_legacy:208	semapv:UnspecifiedMatching				
pzt:000002	skos:exactMatch	ecotaxa_legacy:688	semapv:UnspecifiedMatching				
pzt:000002	skos:exactMatch	ecotaxa_legacy:714	semapv:UnspecifiedMatching				
pzt:000005	skos:exactMatch	ecotaxa_legacy:205	semapv:UnspecifiedMatching				
pzt:000005	skos:exactMatch	ecotaxa_legacy:667	semapv:UnspecifiedMatching				
pzt:000005	skos:exactMatch	ecotaxa_legacy:715	semapv:UnspecifiedMatching				
pzt:000008	skos:exactMatch	ecotaxa_legacy:207	semapv:UnspecifiedMatching				
pzt:000008	skos:exactMatch	ecotaxa_legacy:666	semapv:UnspecifiedMatching				
pzt:000008	skos:exactMatch	ecotaxa_legacy:717	semapv:UnspecifiedMatching				
pzt:000010	skos:exactMatch	ecotaxa_legacy:213	semapv:UnspecifiedMatching				
pzt:000010	skos:exactMatch	ecotaxa_legacy:226	semapv:UnspecifiedMatching				
pzt:000010	skos:exactMatch	ecotaxa_legacy:552	semapv:UnspecifiedMatching				
pzt:000010	skos:exactMatch	ecotaxa_legacy:750	semapv:UnspecifiedMatching				
pzt:000014	skos:exactMatch	ecotaxa_legacy:204	semapv:UnspecifiedMatching				
pzt:000014	skos:exactMatch	ecotaxa_legacy:576	semapv:UnspecifiedMatching				
pzt:000015	skos:exactMatch	ecotaxa_legacy:577	semapv:UnspecifiedMatching				
pzt:000036	skos:exactMatch	ecotaxa_legacy:716	semapv:UnspecifiedMatching				
pzt:000038	skos:exactMatch	ecotaxa_legacy:215	semapv:UnspecifiedMatching				
pzt:000044	skos:exactMatch	ncbi:33208	semapv:UnspecifiedMatching				
pzt:000044	skos:exactMatch	wikidata:Q729	semapv:UnspecifiedMatching				
pzt:000044	skos:exactMatch	worms:2	semapv:UnspecifiedMatching				
pzt:000045	skos:exactMatch	bold:2	semapv:UnspecifiedMatching				
pzt:000045	skos:exactMatch	ecotaxa_legacy:558	semapv:UnspecifiedMatching				
pzt:000045	skos:exactMatch	ecotaxa_legacy:632	semapv:UnspecifiedMatching				
pzt:000045	skos:exactMatch	ncbi:6340	semapv:UnspecifiedMatching				
pzt:000045	skos:exactMatch	wikidata:Q25522	semapv:UnspecifiedMatching				
pzt:000045	skos:exactMatch	worms:882	semapv:UnspecifiedMatching				
pzt:000046	skos:exactMatch	bold:24489	semapv:UnspecifiedMatching				
pzt:000046	skos:exactMatch	ecotaxa_legacy:558	semapv:UnspecifiedMatching				
pzt:000046	skos:exactMatch	ecotaxa_legacy:632	semapv:UnspecifiedMatching				
pzt:000046	skos:exactMatch	ncbi:6341	semapv:UnspecifiedMatching				
pzt:000046	skos:exactMatch	wikidata:Q18952	semapv:UnspecifiedMatching				
pzt:000046	skos:exactMatch	worms:883	semapv:UnspecifiedMatching				
pzt:000047	skos:exactMatch	bold:25265	semapv:UnspecifiedMatching				
pzt:000047	skos:exactMatch	ecotaxa_legacy:558	semapv:UnspecifiedMatching				
pzt:000047	skos:exactMatch	ecotaxa_legacy:632	semapv:UnspecifiedMatching				
pzt:000047	skos:exactMatch	ncbi:6348	semapv:UnspecifiedMatching				
pzt:000047	skos:exactMatch	wikidata:Q733080	semapv:UnspecifiedMatching				
pzt:000047	skos:exactMatch	worms:892	semapv:UnspecifiedMatching				
pzt:000048	skos:exactMatch	bold:29430	semapv:UnspecifiedMatching				
pzt:000048	skos:exactMatch	ecotaxa_legacy:558	semapv:UnspecifiedMatching				
pzt:000048	skos:exactMatch	ecotaxa_legacy:632	semapv:UnspecifiedMatching				
pzt:000048	skos:exactMatch	ncbi:195257	semapv:UnspecifiedMatching				
pzt:000048	skos:exactMatch	wikidata:Q3917508	semapv:UnspecifiedMatching				
pzt:000048	skos:exactMatch	worms:931	semapv:UnspecifiedMatching				
pzt:000049	skos:exactMatch	worms:932	semapv:UnspecifiedMatching				
pzt:000050	skos:exactMatch	bold:125419	semapv:UnspecifiedMatching				
pzt:000050	skos:exactMatch	ecotaxa_legacy:201	semapv:UnspecifiedMatching				
pzt:000050	skos:exactMatch	ecotaxa_legacy:364	semapv:UnspecifiedMatching				
pzt:000050	skos:exactMatch	ncbi:397572	semapv:UnspecifiedMatching				
pzt:000050	skos:exactMatch	wikidata:Q3897245	semapv:UnspecifiedMatching				
pzt:000050	skos:exactMatch	worms:958	semapv:UnspecifiedMatching				
pzt:000051	skos:exactMatch	bold:178448	semapv:UnspecifiedMatching				
pzt:000051	skos:exactMatch	ecotaxa_legacy:201	semapv:UnspecifiedMatching				
pzt:000051	skos:exactMatch	ecotaxa_legacy:364	semapv:UnspecifiedMatching				
pzt:000051	skos:exactMatch	ncbi:397573	semapv:UnspecifiedMatching				
pzt:000051	skos:exactMatch	wikidata:Q3280378	semapv:UnspecifiedMatching				
pzt:000051	skos:exactMatch	worms:129715	semapv:UnspecifiedMatching				
pzt:000054	skos:exactMatch	worms:129642	semapv:UnspecifiedMatching				
pzt:000056	skos:exactMatch	bold:125431	semapv:UnspecifiedMatching				
pzt:000056	skos:exactMatch	ecotaxa_legacy:558	semapv:UnspecifiedMatching				
pzt:000056	skos:exactMatch	ecotaxa_legacy:632	semapv:UnspecifiedMatching				
pzt:000056	skos:exactMatch	ncbi:278013	semapv:UnspecifiedMatching				
pzt:000056	skos:exactMatch	wikidata:Q3556969	semapv:UnspecifiedMatching				
pzt:000056	skos:exactMatch	worms:920	semapv:UnspecifiedMatching				
pzt:000057	skos:exactMatch	bold:506616	semapv:UnspecifiedMatching				
pzt:000057	skos:exactMatch	ecotaxa_legacy:558	semapv:UnspecifiedMatching				
pzt:000057	skos:exactMatch	ecotaxa_legacy:632	semapv:UnspecifiedMatching				
pzt:000057	skos:exactMatch	ncbi:702659	semapv:UnspecifiedMatching				
pzt:000057	skos:exactMatch	wikidata:Q7656187	semapv:UnspecifiedMatching				
pzt:000057	skos:exactMatch	worms:413514	semapv:UnspecifiedMatching				
pzt:000059	skos:exactMatch	bold:201270	semapv:UnspecifiedMatching				
pzt:000059	skos:exactMatch	ecotaxa_legacy:558	semapv:UnspecifiedMatching				
pzt:000059	skos:exactMatch	ecotaxa_legacy:632	semapv:UnspecifiedMatching				
pzt:000059	skos:exactMatch	ncbi:527962	semapv:UnspecifiedMatching				
pzt:000059	skos:exactMatch	wikidata:Q3901525	semapv:UnspecifiedMatching				
pzt:000059	skos:exactMatch	worms:324750	semapv:UnspecifiedMatching				
pzt:000060	skos:exactMatch	bold:201268	semapv:UnspecifiedMatching				
pzt:000060	skos:exactMatch	ecotaxa_legacy:558	semapv:UnspecifiedMatching				
pzt:000060	skos:exactMatch	ecotaxa_legacy:632	semapv:UnspecifiedMatching				
pzt:000060	skos:exactMatch	ncbi:307604	semapv:UnspecifiedMatching				
pzt:000060	skos:exactMatch	wikidata:Q18172393	semapv:UnspecifiedMatching				
pzt:000060	skos:exactMatch	worms:324619	semapv:UnspecifiedMatching				
pzt:000061	skos:exactMatch	worms:982	semapv:UnspecifiedMatching				
pzt:000062	skos:exactMatch	bold:20	semapv:UnspecifiedMatching				
pzt:000062	skos:exactMatch	ncbi:6656	semapv:UnspecifiedMatching				
pzt:000062	skos:exactMatch	wikidata:Q1360	semapv:UnspecifiedMatching				
pzt:000062	skos:exactMatch	worms:1065	semapv:UnspecifiedMatching				
pzt:000064	skos:exactMatch	bold:298	semapv:UnspecifiedMatching				
pzt:000064	skos:exactMatch	ncbi:83136	semapv:UnspecifiedMatching				
pzt:000064	skos:exactMatch	wikidata:Q686325	semapv:UnspecifiedMatching				
pzt:000064	skos:exactMatch	worms:182702	semapv:UnspecifiedMatching				
pzt:000065	skos:exactMatch	bold:174581	semapv:UnspecifiedMatching				
pzt:000065	skos:exactMatch	ncbi:94797	semapv:UnspecifiedMatching				
pzt:000065	skos:exactMatch	wikidata:Q1104692	semapv:UnspecifiedMatching				
pzt:000065	skos:exactMatch	worms:1484	semapv:UnspecifiedMatching				
pzt:000067	skos:exactMatch	bold:68	semapv:UnspecifiedMatching				
pzt:000067	skos:exactMatch	ncbi:6658	semapv:UnspecifiedMatching				
pzt:000067	skos:exactMatch	wikidata:Q188360	semapv:UnspecifiedMatching				
pzt:000067	skos:exactMatch	worms:1069	semapv:UnspecifiedMatching				
pzt:000070	skos:exactMatch	bold:4568	semapv:UnspecifiedMatching				
pzt:000070	skos:exactMatch	ncbi:27402	semapv:UnspecifiedMatching				
pzt:000070	skos:exactMatch	wikidata:Q618980	semapv:UnspecifiedMatching				
pzt:000070	skos:exactMatch	worms:106265	semapv:UnspecifiedMatching				
pzt:000071	skos:broadMatch	bold:4568	semapv:LogicalReasoning				
pzt:000071	skos:broadMatch	ncbi:27402	semapv:LogicalReasoning				
pzt:000071	skos:broadMatch	wikidata:Q618980	semapv:LogicalReasoning				
pzt:000071	skos:broadMatch	worms:106265	semapv:LogicalReasoning				
pzt:000072	skos:broadMatch	bold:4568	semapv:LogicalReasoning				
pzt:000072	skos:broadMatch	ncbi:27402	semapv:LogicalReasoning				
pzt:000072	skos:broadMatch	wikidata:Q618980	semapv:LogicalReasoning				
pzt:000072	skos:broadMatch	worms:106265	semapv:LogicalReasoning				
pzt:000073	skos:broadMatch	bold:4568	semapv:LogicalReasoning				
pzt:000073	skos:broadMatch	ncbi:27402	semapv:LogicalReasoning				
pzt:000073	skos:broadMatch	wikidata:Q618980	semapv:LogicalReasoning				
pzt:000073	skos:broadMatch	worms:106265	semapv:LogicalReasoning				
pzt:000074	skos:broadMatch	bold:4568	semapv:LogicalReasoning				
pzt:000074	skos:broadMatch	ncbi:27402	semapv:LogicalReasoning				
pzt:000074	skos:broadMatch	wikidata:Q618980	semapv:LogicalReasoning				
pzt:000074	skos:broadMatch	worms:106265	semapv:LogicalReasoning				
pzt:000076	skos:exactMatch	bold:4592	semapv:UnspecifiedMatching				
pzt:000076	skos:exactMatch	ncbi:77671	semapv:UnspecifiedMatching				
pzt:000076	skos:exactMatch	wikidata:Q6549092	semapv:UnspecifiedMatching				
pzt:000076	skos:exactMatch	worms:148376	semapv:UnspecifiedMatching				
pzt:000077	skos:broadMatch	bold:4592	semapv:LogicalReasoning				
pzt:000077	skos:broadMatch	ncbi:77671	semapv:LogicalReasoning				
pzt:000077	skos:broadMatch	wikidata:Q6549092	semapv:LogicalReasoning				
pzt:000077	skos:broadMatch	worms:148376	semapv:LogicalReasoning				
pzt:000078	skos:broadMatch	bold:4592	semapv:LogicalReasoning				
pzt:000078	skos:broadMatch	ncbi:77671	semapv:LogicalReasoning				
pzt:000078	skos:broadMatch	wikidata:Q6549092	semapv:LogicalReasoning				
pzt:000078	skos:broadMatch	worms:148376	semapv:LogicalReasoning				
pzt:000079	skos:broadMatch	bold:4592	semapv:LogicalReasoning				
pzt:000079	skos:broadMatch	ncbi:77671	semapv:LogicalReasoning				
pzt:000079	skos:broadMatch	wikidata:Q6549092	semapv:LogicalReasoning				
pzt:000079	skos:broadMatch	worms:148376	semapv:LogicalReasoning				
pzt:000080	skos:exactMatch	bold:4582	semapv:UnspecifiedMatching				
pzt:000080	skos:exactMatch	ncbi:6668	semapv:UnspecifiedMatching				
pzt:000080	skos:exactMatch	wikidata:Q269354	semapv:UnspecifiedMatching				
pzt:000080	skos:exactMatch	worms:148370	semapv:UnspecifiedMatching				
pzt:000081	skos:broadMatch	bold:4582	semapv:LogicalReasoning				
pzt:000081	skos:broadMatch	ncbi:6668	semapv:LogicalReasoning				
pzt:000081	skos:broadMatch	wikidata:Q269354	semapv:LogicalReasoning				
pzt:000081	skos:broadMatch	worms:148370	semapv:LogicalReasoning				
pzt:000082	skos:broadMatch	bold:4582	semapv:LogicalReasoning				
pzt:000082	skos:broadMatch	ncbi:6668	semapv:LogicalReasoning				
pzt:000082	skos:broadMatch	wikidata:Q269354	semapv:LogicalReasoning				
pzt:000082	skos:broadMatch	worms:148370	semapv:LogicalReasoning				
pzt:000083	skos:broadMatch	bold:4582	semapv:LogicalReasoning				
pzt:000083	skos:broadMatch	ncbi:6668	semapv:LogicalReasoning				
pzt:000083	skos:broadMatch	wikidata:Q269354	semapv:LogicalReasoning				
pzt:000083	skos:broadMatch	worms:148370	semapv:LogicalReasoning				
pzt:000084	skos:broadMatch	bold:4582	semapv:LogicalReasoning				
pzt:000084	skos:broadMatch	ncbi:6668	semapv:LogicalReasoning				
pzt:000084	skos:broadMatch	wikidata:Q269354	semapv:LogicalReasoning				
pzt:000084	skos:broadMatch	worms:148370	semapv:LogicalReasoning				
pzt:000085	skos:broadMatch	bold:4582	semapv:LogicalReasoning				
pzt:000085	skos:broadMatch	ncbi:6668	semapv:LogicalReasoning				
pzt:000085	skos:broadMatch	wikidata:Q269354	semapv:LogicalReasoning				
pzt:000085	skos:broadMatch	worms:148370	semapv:LogicalReasoning				
pzt:000086	skos:broadMatch	bold:4582	semapv:LogicalReasoning				
pzt:000086	skos:broadMatch	ncbi:6668	semapv:LogicalReasoning				
pzt:000086	skos:broadMatch	wikidata:Q269354	semapv:LogicalReasoning				
pzt:000086	skos:broadMatch	worms:148370	semapv:LogicalReasoning				
pzt:000087	skos:broadMatch	bold:4582	semapv:LogicalReasoning				
pzt:000087	skos:broadMatch	ncbi:6668	semapv:LogicalReasoning				
pzt:000087	skos:broadMatch	wikidata:Q269354	semapv:LogicalReasoning				
pzt:000087	skos:broadMatch	worms:148370	semapv:LogicalReasoning				
pzt:000088	skos:broadMatch	bold:4582	semapv:LogicalReasoning				
pzt:000088	skos:broadMatch	ncbi:6668	semapv:LogicalReasoning				
pzt:000088	skos:broadMatch	wikidata:Q269354	semapv:LogicalReasoning				
pzt:000088	skos:broadMatch	worms:148370	semapv:LogicalReasoning				
pzt:000091	skos:exactMatch	bold:5262	semapv:UnspecifiedMatching				
pzt:000091	skos:exactMatch	ncbi:117531	semapv:UnspecifiedMatching				
pzt:000091	skos:exactMatch	wikidata:Q4561167	semapv:UnspecifiedMatching				
pzt:000091	skos:exactMatch	worms:234062	semapv:UnspecifiedMatching				
pzt:000092	skos:broadMatch	bold:5262	semapv:LogicalReasoning				
pzt:000092	skos:broadMatch	ncbi:117531	semapv:LogicalReasoning				
pzt:000092	skos:broadMatch	wikidata:Q4561167	semapv:LogicalReasoning				
pzt:000092	skos:broadMatch	worms:234062	semapv:LogicalReasoning				
pzt:000093	skos:broadMatch	bold:5262	semapv:LogicalReasoning				
pzt:000093	skos:broadMatch	ncbi:117531	semapv:LogicalReasoning				
pzt:000093	skos:broadMatch	wikidata:Q4561167	semapv:LogicalReasoning				
pzt:000093	skos:broadMatch	worms:234062	semapv:LogicalReasoning				
pzt:000094	skos:broadMatch	bold:5262	semapv:LogicalReasoning				
pzt:000094	skos:broadMatch	ncbi:117531	semapv:LogicalReasoning				
pzt:000094	skos:broadMatch	wikidata:Q4561167	semapv:LogicalReasoning				
pzt:000094	skos:broadMatch	worms:234062	semapv:LogicalReasoning				
pzt:000095	skos:broadMatch	bold:5262	semapv:LogicalReasoning				
pzt:000095	skos:broadMatch	ncbi:117531	semapv:LogicalReasoning				
pzt:000095	skos:broadMatch	wikidata:Q4561167	semapv:LogicalReasoning				
pzt:000095	skos:broadMatch	worms:234062	semapv:LogicalReasoning				
pzt:000096	skos:broadMatch	bold:5262	semapv:LogicalReasoning				
pzt:000096	skos:broadMatch	ncbi:117531	semapv:LogicalReasoning				
pzt:000096	skos:broadMatch	wikidata:Q4561167	semapv:LogicalReasoning				
pzt:000096	skos:broadMatch	worms:234062	semapv:LogicalReasoning				
pzt:000097	skos:exactMatch	bold:103352	semapv:UnspecifiedMatching				
pzt:000097	skos:exactMatch	ecotaxa_legacy:358	semapv:UnspecifiedMatching				
pzt:000097	skos:exactMatch	ncbi:124139	semapv:UnspecifiedMatching				
pzt:000097	skos:exactMatch	wikidata:Q15728876	semapv:UnspecifiedMatching				
pzt:000097	skos:exactMatch	worms:106266	semapv:UnspecifiedMatching				
pzt:000098	skos:exactMatch	bold:103353	semapv:UnspecifiedMatching				
pzt:000098	skos:exactMatch	ecotaxa_legacy:358	semapv:UnspecifiedMatching				
pzt:000098	skos:exactMatch	ncbi:124140	semapv:UnspecifiedMatching				
pzt:000098	skos:exactMatch	wikidata:Q4549909	semapv:UnspecifiedMatching				
pzt:000098	skos:exactMatch	worms:106272	semapv:UnspecifiedMatching				
pzt:000102	skos:exactMatch	ncbi:189689	semapv:UnspecifiedMatching				
pzt:000102	skos:exactMatch	wikidata:Q4570957	semapv:UnspecifiedMatching				
pzt:000102	skos:exactMatch	worms:933270	semapv:UnspecifiedMatching				
pzt:000103	skos:exactMatch	bold:1573	semapv:UnspecifiedMatching				
pzt:000103	skos:exactMatch	ncbi:77713	semapv:UnspecifiedMatching				
pzt:000103	skos:exactMatch	wikidata:Q4569514	semapv:UnspecifiedMatching				
pzt:000103	skos:exactMatch	worms:148356	semapv:UnspecifiedMatching				
pzt:000104	skos:exactMatch	bold:5249	semapv:UnspecifiedMatching				
pzt:000104	skos:exactMatch	ncbi:362317	semapv:UnspecifiedMatching				
pzt:000104	skos:exactMatch	wikidata:Q4734358	semapv:UnspecifiedMatching				
pzt:000104	skos:exactMatch	worms:148383	semapv:UnspecifiedMatching				
pzt:000107	skos:exactMatch	bold:71408	semapv:UnspecifiedMatching				
pzt:000107	skos:exactMatch	ncbi:1917096	semapv:UnspecifiedMatching				
pzt:000107	skos:exactMatch	wikidata:Q4561166	semapv:UnspecifiedMatching				
pzt:000107	skos:exactMatch	worms:593151	semapv:UnspecifiedMatching				
pzt:000108	skos:exactMatch	wikidata:Q4553091	semapv:UnspecifiedMatching				
pzt:000108	skos:exactMatch	worms:1302235	semapv:UnspecifiedMatching				
pzt:000110	skos:exactMatch	ncbi:1071220	semapv:UnspecifiedMatching				
pzt:000110	skos:exactMatch	wikidata:Q4544671	semapv:UnspecifiedMatching				
pzt:000110	skos:exactMatch	worms:1302980	semapv:UnspecifiedMatching				
pzt:000111	skos:exactMatch	bold:5250	semapv:UnspecifiedMatching				
pzt:000111	skos:exactMatch	ncbi:362319	semapv:UnspecifiedMatching				
pzt:000111	skos:exactMatch	wikidata:Q4553018	semapv:UnspecifiedMatching				
pzt:000111	skos:exactMatch	worms:593107	semapv:UnspecifiedMatching				
pzt:000112	skos:exactMatch	wikidata:Q21258897	semapv:UnspecifiedMatching				
pzt:000112	skos:exactMatch	worms:1302341	semapv:UnspecifiedMatching				
pzt:000113	skos:exactMatch	bold:5255	semapv:UnspecifiedMatching				
pzt:000113	skos:exactMatch	ncbi:77744	semapv:UnspecifiedMatching				
pzt:000113	skos:exactMatch	wikidata:Q4566638	semapv:UnspecifiedMatching				
pzt:000113	skos:exactMatch	worms:148377	semapv:UnspecifiedMatching				
pzt:000114	skos:exactMatch	bold:48339	semapv:UnspecifiedMatching				
pzt:000114	skos:exactMatch	ncbi:362310	semapv:UnspecifiedMatching				
pzt:000114	skos:exactMatch	wikidata:Q4555689	semapv:UnspecifiedMatching				
pzt:000114	skos:exactMatch	worms:1302406	semapv:UnspecifiedMatching				
pzt:000115	skos:exactMatch	bold:78201	semapv:UnspecifiedMatching				
pzt:000115	skos:exactMatch	ncbi:77745	semapv:UnspecifiedMatching				
pzt:000115	skos:exactMatch	wikidata:Q4557580	semapv:UnspecifiedMatching				
pzt:000115	skos:exactMatch	worms:148406	semapv:UnspecifiedMatching				
pzt:000117	skos:exactMatch	bold:191237	semapv:UnspecifiedMatching				
pzt:000117	skos:exactMatch	ncbi:1917127	semapv:UnspecifiedMatching				
pzt:000117	skos:exactMatch	wikidata:Q4565765	semapv:UnspecifiedMatching				
pzt:000117	skos:exactMatch	worms:148402	semapv:UnspecifiedMatching				
pzt:000119	skos:exactMatch	bold:52789	semapv:UnspecifiedMatching				
pzt:000119	skos:exactMatch	ncbi:527154	semapv:UnspecifiedMatching				
pzt:000119	skos:exactMatch	wikidata:Q4559277	semapv:UnspecifiedMatching				
pzt:000119	skos:exactMatch	worms:148386	semapv:UnspecifiedMatching				
pzt:000120	skos:exactMatch	wikidata:Q4549679	semapv:UnspecifiedMatching				
pzt:000120	skos:exactMatch	worms:148411	semapv:UnspecifiedMatching				
pzt:000122	skos:exactMatch	bold:191241	semapv:UnspecifiedMatching				
pzt:000122	skos:exactMatch	wikidata:Q4545545	semapv:UnspecifiedMatching				
pzt:000122	skos:exactMatch	worms:412824	semapv:UnspecifiedMatching				
pzt:000124	skos:exactMatch	wikidata:Q107064992	semapv:UnspecifiedMatching				
pzt:000124	skos:exactMatch	worms:1303559	semapv:UnspecifiedMatching				
pzt:000125	skos:exactMatch	wikidata:Q50770444	semapv:UnspecifiedMatching				
pzt:000125	skos:exactMatch	worms:1303978	semapv:UnspecifiedMatching				
pzt:000128	skos:exactMatch	bold:51840	semapv:UnspecifiedMatching				
pzt:000128	skos:exactMatch	ncbi:117539	semapv:UnspecifiedMatching				
pzt:000128	skos:exactMatch	wikidata:Q6548961	semapv:UnspecifiedMatching				
pzt:000128	skos:exactMatch	worms:412852	semapv:UnspecifiedMatching				
pzt:000129	skos:exactMatch	bold:10044	semapv:UnspecifiedMatching				
pzt:000129	skos:exactMatch	ncbi:77651	semapv:UnspecifiedMatching				
pzt:000129	skos:exactMatch	wikidata:Q2098807	semapv:UnspecifiedMatching				
pzt:000129	skos:exactMatch	worms:148404	semapv:UnspecifiedMatching				
pzt:000132	skos:exactMatch	wikidata:Q136802257	semapv:UnspecifiedMatching				
pzt:000135	skos:exactMatch	bold:8953	semapv:UnspecifiedMatching				
pzt:000135	skos:exactMatch	ncbi:77711	semapv:UnspecifiedMatching				
pzt:000135	skos:exactMatch	wikidata:Q4544645	semapv:UnspecifiedMatching				
pzt:000135	skos:exactMatch	worms:160273	semapv:UnspecifiedMatching				
pzt:000137	skos:exactMatch	bold:5237	semapv:UnspecifiedMatching				
pzt:000137	skos:exactMatch	ncbi:362306	semapv:UnspecifiedMatching				
pzt:000137	skos:exactMatch	wikidata:Q4546201	semapv:UnspecifiedMatching				
pzt:000137	skos:exactMatch	worms:593153	semapv:UnspecifiedMatching				
pzt:000139	skos:exactMatch	wikidata:Q37482091	semapv:UnspecifiedMatching				
pzt:000140	skos:exactMatch	ncbi:77664	semapv:UnspecifiedMatching				
pzt:000140	skos:exactMatch	wikidata:Q4543971	semapv:UnspecifiedMatching				
pzt:000140	skos:exactMatch	worms:412855	semapv:UnspecifiedMatching				
pzt:000141	skos:exactMatch	bold:52809	semapv:UnspecifiedMatching				
pzt:000141	skos:exactMatch	ncbi:152158	semapv:UnspecifiedMatching				
pzt:000141	skos:exactMatch	wikidata:Q4573229	semapv:UnspecifiedMatching				
pzt:000141	skos:exactMatch	worms:345486	semapv:UnspecifiedMatching				
pzt:000146	skos:exactMatch	bold:4564	semapv:UnspecifiedMatching				
pzt:000146	skos:exactMatch	ncbi:77706	semapv:UnspecifiedMatching				
pzt:000146	skos:exactMatch	wikidata:Q15886001	semapv:UnspecifiedMatching				
pzt:000146	skos:exactMatch	worms:247922	semapv:UnspecifiedMatching				
pzt:000147	skos:broadMatch	bold:4564	semapv:LogicalReasoning				
pzt:000147	skos:broadMatch	ncbi:77706	semapv:LogicalReasoning				
pzt:000147	skos:broadMatch	wikidata:Q15886001	semapv:LogicalReasoning				
pzt:000147	skos:broadMatch	worms:247922	semapv:LogicalReasoning				
pzt:000150	skos:exactMatch	bold:4559	semapv:UnspecifiedMatching				
pzt:000150	skos:exactMatch	ecotaxa_legacy:345	semapv:UnspecifiedMatching				
pzt:000150	skos:exactMatch	ncbi:141402	semapv:UnspecifiedMatching				
pzt:000150	skos:exactMatch	wikidata:Q4575907	semapv:UnspecifiedMatching				
pzt:000150	skos:exactMatch	worms:106267	semapv:UnspecifiedMatching				
pzt:000151	skos:exactMatch	bold:4557	semapv:UnspecifiedMatching				
pzt:000151	skos:exactMatch	ecotaxa_legacy:351	semapv:UnspecifiedMatching				
pzt:000151	skos:exactMatch	ecotaxa_legacy:363	semapv:UnspecifiedMatching				
pzt:000151	skos:exactMatch	ncbi:141399	semapv:UnspecifiedMatching				
pzt:000151	skos:exactMatch	wikidata:Q6551088	semapv:UnspecifiedMatching				
pzt:000151	skos:exactMatch	worms:106269	semapv:UnspecifiedMatching				
pzt:000152	skos:exactMatch	bold:979181	semapv:UnspecifiedMatching				
pzt:000152	skos:exactMatch	ecotaxa_legacy:175	semapv:UnspecifiedMatching				
pzt:000152	skos:exactMatch	ecotaxa_legacy:255	semapv:UnspecifiedMatching				
pzt:000152	skos:exactMatch	ecotaxa_legacy:563	semapv:UnspecifiedMatching				
pzt:000152	skos:exactMatch	ecotaxa_legacy:575	semapv:UnspecifiedMatching				
pzt:000152	skos:exactMatch	ncbi:6830	semapv:UnspecifiedMatching				
pzt:000152	skos:exactMatch	wikidata:Q189973	semapv:UnspecifiedMatching				
pzt:000152	skos:exactMatch	worms:1080	semapv:UnspecifiedMatching				
pzt:000153	skos:exactMatch	bold:386	semapv:UnspecifiedMatching				
pzt:000153	skos:exactMatch	ecotaxa_legacy:114	semapv:UnspecifiedMatching				
pzt:000153	skos:exactMatch	ecotaxa_legacy:320	semapv:UnspecifiedMatching				
pzt:000153	skos:exactMatch	ecotaxa_legacy:564	semapv:UnspecifiedMatching				
pzt:000153	skos:exactMatch	ncbi:6833	semapv:UnspecifiedMatching				
pzt:000153	skos:exactMatch	wikidata:Q478553	semapv:UnspecifiedMatching				
pzt:000153	skos:exactMatch	worms:1100	semapv:UnspecifiedMatching				
pzt:000154	skos:exactMatch	bold:1731	semapv:UnspecifiedMatching				
pzt:000154	skos:exactMatch	ecotaxa_legacy:49	semapv:UnspecifiedMatching				
pzt:000154	skos:exactMatch	ecotaxa_legacy:758	semapv:UnspecifiedMatching				
pzt:000154	skos:exactMatch	ncbi:121147	semapv:UnspecifiedMatching				
pzt:000154	skos:exactMatch	wikidata:Q3809261	semapv:UnspecifiedMatching				
pzt:000154	skos:exactMatch	worms:104074	semapv:UnspecifiedMatching				
pzt:000156	skos:exactMatch	bold:264636	semapv:UnspecifiedMatching				
pzt:000156	skos:exactMatch	ecotaxa_legacy:56	semapv:UnspecifiedMatching				
pzt:000156	skos:exactMatch	ncbi:201674	semapv:UnspecifiedMatching				
pzt:000156	skos:exactMatch	wikidata:Q6552416	semapv:UnspecifiedMatching				
pzt:000156	skos:exactMatch	worms:104140	semapv:UnspecifiedMatching				
pzt:000157	skos:exactMatch	bold:1722	semapv:UnspecifiedMatching				
pzt:000157	skos:exactMatch	ecotaxa_legacy:50	semapv:UnspecifiedMatching				
pzt:000157	skos:exactMatch	ncbi:6835	semapv:UnspecifiedMatching				
pzt:000157	skos:exactMatch	wikidata:Q3809091	semapv:UnspecifiedMatching				
pzt:000157	skos:exactMatch	worms:104079	semapv:UnspecifiedMatching				
pzt:000158	skos:exactMatch	bold:1757	semapv:UnspecifiedMatching				
pzt:000158	skos:exactMatch	ecotaxa_legacy:45	semapv:UnspecifiedMatching				
pzt:000158	skos:exactMatch	ncbi:207962	semapv:UnspecifiedMatching				
pzt:000158	skos:exactMatch	wikidata:Q18196358	semapv:UnspecifiedMatching				
pzt:000158	skos:exactMatch	worms:104080	semapv:UnspecifiedMatching				
pzt:000159	skos:exactMatch	bold:1713	semapv:UnspecifiedMatching				
pzt:000159	skos:exactMatch	ecotaxa_legacy:46	semapv:UnspecifiedMatching				
pzt:000159	skos:exactMatch	ecotaxa_legacy:761	semapv:UnspecifiedMatching				
pzt:000159	skos:exactMatch	ncbi:136181	semapv:UnspecifiedMatching				
pzt:000159	skos:exactMatch	wikidata:Q3808940	semapv:UnspecifiedMatching				
pzt:000159	skos:exactMatch	worms:104081	semapv:UnspecifiedMatching				
pzt:000160	skos:exactMatch	bold:5721	semapv:UnspecifiedMatching				
pzt:000160	skos:exactMatch	ecotaxa_legacy:46	semapv:UnspecifiedMatching				
pzt:000160	skos:exactMatch	ecotaxa_legacy:761	semapv:UnspecifiedMatching				
pzt:000160	skos:exactMatch	ncbi:136182	semapv:UnspecifiedMatching				
pzt:000160	skos:exactMatch	wikidata:Q6552632	semapv:UnspecifiedMatching				
pzt:000160	skos:exactMatch	worms:104159	semapv:UnspecifiedMatching				
pzt:000161	skos:exactMatch	bold:607188	semapv:UnspecifiedMatching				
pzt:000161	skos:exactMatch	ecotaxa_legacy:46	semapv:UnspecifiedMatching				
pzt:000161	skos:exactMatch	ecotaxa_legacy:761	semapv:UnspecifiedMatching				
pzt:000161	skos:exactMatch	ncbi:1345090	semapv:UnspecifiedMatching				
pzt:000161	skos:exactMatch	wikidata:Q18091913	semapv:UnspecifiedMatching				
pzt:000161	skos:exactMatch	worms:104160	semapv:UnspecifiedMatching				
pzt:000163	skos:exactMatch	bold:31018	semapv:UnspecifiedMatching				
pzt:000163	skos:exactMatch	ncbi:207960	semapv:UnspecifiedMatching				
pzt:000163	skos:exactMatch	wikidata:Q14342538	semapv:UnspecifiedMatching				
pzt:000163	skos:exactMatch	worms:355664	semapv:UnspecifiedMatching				
pzt:000165	skos:exactMatch	bold:5751	semapv:UnspecifiedMatching				
pzt:000165	skos:exactMatch	ecotaxa_legacy:114	semapv:UnspecifiedMatching				
pzt:000165	skos:exactMatch	ecotaxa_legacy:320	semapv:UnspecifiedMatching				
pzt:000165	skos:exactMatch	ecotaxa_legacy:564	semapv:UnspecifiedMatching				
pzt:000165	skos:exactMatch	ncbi:149010	semapv:UnspecifiedMatching				
pzt:000165	skos:exactMatch	wikidata:Q6551348	semapv:UnspecifiedMatching				
pzt:000165	skos:exactMatch	worms:104162	semapv:UnspecifiedMatching				
pzt:000166	skos:exactMatch	bold:5322	semapv:UnspecifiedMatching				
pzt:000166	skos:exactMatch	ecotaxa_legacy:114	semapv:UnspecifiedMatching				
pzt:000166	skos:exactMatch	ecotaxa_legacy:320	semapv:UnspecifiedMatching				
pzt:000166	skos:exactMatch	ecotaxa_legacy:564	semapv:UnspecifiedMatching				
pzt:000166	skos:exactMatch	ncbi:119371	semapv:UnspecifiedMatching				
pzt:000166	skos:exactMatch	wikidata:Q6552299	semapv:UnspecifiedMatching				
pzt:000166	skos:exactMatch	worms:104165	semapv:UnspecifiedMatching				
pzt:000169	skos:exactMatch	bold:675514	semapv:UnspecifiedMatching				
pzt:000169	skos:exactMatch	ncbi:452306	semapv:UnspecifiedMatching				
pzt:000169	skos:exactMatch	wikidata:Q13222854	semapv:UnspecifiedMatching				
pzt:000169	skos:exactMatch	worms:348459	semapv:UnspecifiedMatching				
pzt:000171	skos:exactMatch	bold:799631	semapv:UnspecifiedMatching				
pzt:000171	skos:exactMatch	ncbi:903837	semapv:UnspecifiedMatching				
pzt:000171	skos:exactMatch	wikidata:Q13608212	semapv:UnspecifiedMatching				
pzt:000171	skos:exactMatch	worms:358476	semapv:UnspecifiedMatching				
pzt:000172	skos:exactMatch	bold:110070	semapv:UnspecifiedMatching				
pzt:000172	skos:exactMatch	ecotaxa_legacy:114	semapv:UnspecifiedMatching				
pzt:000172	skos:exactMatch	ecotaxa_legacy:320	semapv:UnspecifiedMatching				
pzt:000172	skos:exactMatch	ecotaxa_legacy:564	semapv:UnspecifiedMatching				
pzt:000172	skos:exactMatch	ncbi:251516	semapv:UnspecifiedMatching				
pzt:000172	skos:exactMatch	wikidata:Q3809206	semapv:UnspecifiedMatching				
pzt:000172	skos:exactMatch	worms:149689	semapv:UnspecifiedMatching				
pzt:000174	skos:exactMatch	bold:935136	semapv:UnspecifiedMatching				
pzt:000174	skos:exactMatch	ncbi:903842	semapv:UnspecifiedMatching				
pzt:000174	skos:exactMatch	wikidata:Q13223521	semapv:UnspecifiedMatching				
pzt:000174	skos:exactMatch	worms:356785	semapv:UnspecifiedMatching				
pzt:000175	skos:exactMatch	bold:935137	semapv:UnspecifiedMatching				
pzt:000175	skos:exactMatch	ncbi:903843	semapv:UnspecifiedMatching				
pzt:000175	skos:exactMatch	wikidata:Q13223524	semapv:UnspecifiedMatching				
pzt:000175	skos:exactMatch	worms:358741	semapv:UnspecifiedMatching				
pzt:000177	skos:exactMatch	bold:656292	semapv:UnspecifiedMatching				
pzt:000177	skos:exactMatch	ncbi:903845	semapv:UnspecifiedMatching				
pzt:000177	skos:exactMatch	wikidata:Q13883931	semapv:UnspecifiedMatching				
pzt:000177	skos:exactMatch	worms:353737	semapv:UnspecifiedMatching				
pzt:000179	skos:exactMatch	bold:935138	semapv:UnspecifiedMatching				
pzt:000179	skos:exactMatch	ncbi:903839	semapv:UnspecifiedMatching				
pzt:000179	skos:exactMatch	wikidata:Q10336489	semapv:UnspecifiedMatching				
pzt:000179	skos:exactMatch	worms:359577	semapv:UnspecifiedMatching				
pzt:000181	skos:exactMatch	bold:716607	semapv:UnspecifiedMatching				
pzt:000181	skos:exactMatch	ncbi:555048	semapv:UnspecifiedMatching				
pzt:000181	skos:exactMatch	wikidata:Q6551738	semapv:UnspecifiedMatching				
pzt:000181	skos:exactMatch	worms:355669	semapv:UnspecifiedMatching				
pzt:000182	skos:exactMatch	bold:265867	semapv:UnspecifiedMatching				
pzt:000182	skos:exactMatch	ncbi:555049	semapv:UnspecifiedMatching				
pzt:000182	skos:exactMatch	wikidata:Q14343118	semapv:UnspecifiedMatching				
pzt:000182	skos:exactMatch	worms:360601	semapv:UnspecifiedMatching				
pzt:000183	skos:exactMatch	bold:1762	semapv:UnspecifiedMatching				
pzt:000183	skos:exactMatch	ecotaxa_legacy:43	semapv:UnspecifiedMatching				
pzt:000183	skos:exactMatch	ncbi:121137	semapv:UnspecifiedMatching				
pzt:000183	skos:exactMatch	wikidata:Q6552116	semapv:UnspecifiedMatching				
pzt:000183	skos:exactMatch	worms:104085	semapv:UnspecifiedMatching				
pzt:000184	skos:exactMatch	bold:5809	semapv:UnspecifiedMatching				
pzt:000184	skos:exactMatch	ecotaxa_legacy:43	semapv:UnspecifiedMatching				
pzt:000184	skos:exactMatch	ncbi:121140	semapv:UnspecifiedMatching				
pzt:000184	skos:exactMatch	wikidata:Q6552705	semapv:UnspecifiedMatching				
pzt:000184	skos:exactMatch	worms:104171	semapv:UnspecifiedMatching				
pzt:000185	skos:exactMatch	bold:1763	semapv:UnspecifiedMatching				
pzt:000185	skos:exactMatch	ecotaxa_legacy:51	semapv:UnspecifiedMatching				
pzt:000185	skos:exactMatch	ncbi:117959	semapv:UnspecifiedMatching				
pzt:000185	skos:exactMatch	wikidata:Q6552157	semapv:UnspecifiedMatching				
pzt:000185	skos:exactMatch	worms:104086	semapv:UnspecifiedMatching				
pzt:000186	skos:exactMatch	bold:91749	semapv:UnspecifiedMatching				
pzt:000186	skos:exactMatch	ecotaxa_legacy:51	semapv:UnspecifiedMatching				
pzt:000186	skos:exactMatch	ncbi:117960	semapv:UnspecifiedMatching				
pzt:000186	skos:exactMatch	wikidata:Q10489711	semapv:UnspecifiedMatching				
pzt:000186	skos:exactMatch	worms:104174	semapv:UnspecifiedMatching				
pzt:000187	skos:exactMatch	bold:1761	semapv:UnspecifiedMatching				
pzt:000187	skos:exactMatch	ecotaxa_legacy:52	semapv:UnspecifiedMatching				
pzt:000187	skos:exactMatch	ncbi:201610	semapv:UnspecifiedMatching				
pzt:000187	skos:exactMatch	wikidata:Q6554828	semapv:UnspecifiedMatching				
pzt:000187	skos:exactMatch	worms:104087	semapv:UnspecifiedMatching				
pzt:000188	skos:exactMatch	bold:1733	semapv:UnspecifiedMatching				
pzt:000188	skos:exactMatch	ecotaxa_legacy:40	semapv:UnspecifiedMatching				
pzt:000188	skos:exactMatch	ncbi:122094	semapv:UnspecifiedMatching				
pzt:000188	skos:exactMatch	wikidata:Q3809026	semapv:UnspecifiedMatching				
pzt:000188	skos:exactMatch	worms:104092	semapv:UnspecifiedMatching				
pzt:000190	skos:exactMatch	bold:152211	semapv:UnspecifiedMatching				
pzt:000190	skos:exactMatch	ecotaxa_legacy:369	semapv:UnspecifiedMatching				
pzt:000190	skos:exactMatch	ncbi:503033	semapv:UnspecifiedMatching				
pzt:000190	skos:exactMatch	wikidata:Q6554994	semapv:UnspecifiedMatching				
pzt:000190	skos:exactMatch	worms:104637	semapv:UnspecifiedMatching				
pzt:000192	skos:exactMatch	bold:302291	semapv:UnspecifiedMatching				
pzt:000192	skos:exactMatch	ecotaxa_legacy:135	semapv:UnspecifiedMatching				
pzt:000192	skos:exactMatch	ncbi:749175	semapv:UnspecifiedMatching				
pzt:000192	skos:exactMatch	wikidata:Q3808847	semapv:UnspecifiedMatching				
pzt:000192	skos:exactMatch	worms:104193	semapv:UnspecifiedMatching				
pzt:000193	skos:exactMatch	bold:302293	semapv:UnspecifiedMatching				
pzt:000193	skos:exactMatch	ecotaxa_legacy:135	semapv:UnspecifiedMatching				
pzt:000193	skos:exactMatch	ncbi:749177	semapv:UnspecifiedMatching				
pzt:000193	skos:exactMatch	wikidata:Q3808842	semapv:UnspecifiedMatching				
pzt:000193	skos:exactMatch	worms:104669	semapv:UnspecifiedMatching				
pzt:000194	skos:exactMatch	bold:1758	semapv:UnspecifiedMatching				
pzt:000194	skos:exactMatch	ecotaxa_legacy:57	semapv:UnspecifiedMatching				
pzt:000194	skos:exactMatch	ncbi:163235	semapv:UnspecifiedMatching				
pzt:000194	skos:exactMatch	wikidata:Q3808886	semapv:UnspecifiedMatching				
pzt:000194	skos:exactMatch	worms:104097	semapv:UnspecifiedMatching				
pzt:000196	skos:exactMatch	worms:104743	semapv:UnspecifiedMatching				
pzt:000197	skos:broadMatch	ncbi:6833	semapv:LogicalReasoning				
pzt:000197	skos:exactMatch	bold:315358	semapv:UnspecifiedMatching				
pzt:000197	skos:exactMatch	ecotaxa_legacy:44	semapv:UnspecifiedMatching				
pzt:000197	skos:exactMatch	wikidata:Q18488599	semapv:UnspecifiedMatching				
pzt:000197	skos:exactMatch	worms:345271	semapv:UnspecifiedMatching				
pzt:000198	skos:exactMatch	bold:1755	semapv:UnspecifiedMatching				
pzt:000198	skos:exactMatch	ecotaxa_legacy:53	semapv:UnspecifiedMatching				
pzt:000198	skos:exactMatch	ecotaxa_legacy:759	semapv:UnspecifiedMatching				
pzt:000198	skos:exactMatch	ncbi:88013	semapv:UnspecifiedMatching				
pzt:000198	skos:exactMatch	wikidata:Q3808990	semapv:UnspecifiedMatching				
pzt:000198	skos:exactMatch	worms:104106	semapv:UnspecifiedMatching				
pzt:000200	skos:exactMatch	bold:68599	semapv:UnspecifiedMatching				
pzt:000200	skos:exactMatch	ncbi:88015	semapv:UnspecifiedMatching				
pzt:000200	skos:exactMatch	wikidata:Q6554149	semapv:UnspecifiedMatching				
pzt:000200	skos:exactMatch	worms:104872	semapv:UnspecifiedMatching				
pzt:000201	skos:exactMatch	bold:5800	semapv:UnspecifiedMatching				
pzt:000201	skos:exactMatch	ecotaxa_legacy:53	semapv:UnspecifiedMatching				
pzt:000201	skos:exactMatch	ecotaxa_legacy:759	semapv:UnspecifiedMatching				
pzt:000201	skos:exactMatch	ncbi:261851	semapv:UnspecifiedMatching				
pzt:000201	skos:exactMatch	wikidata:Q10692615	semapv:UnspecifiedMatching				
pzt:000201	skos:exactMatch	worms:104241	semapv:UnspecifiedMatching				
pzt:000202	skos:exactMatch	bold:392	semapv:UnspecifiedMatching				
pzt:000202	skos:exactMatch	ecotaxa_legacy:66	semapv:UnspecifiedMatching				
pzt:000202	skos:exactMatch	ncbi:84308	semapv:UnspecifiedMatching				
pzt:000202	skos:exactMatch	wikidata:Q899782	semapv:UnspecifiedMatching				
pzt:000202	skos:exactMatch	worms:1101	semapv:UnspecifiedMatching				
pzt:000203	skos:exactMatch	bold:315366	semapv:UnspecifiedMatching				
pzt:000203	skos:exactMatch	ecotaxa_legacy:47	semapv:UnspecifiedMatching				
pzt:000203	skos:exactMatch	ecotaxa_legacy:565	semapv:UnspecifiedMatching				
pzt:000203	skos:exactMatch	ncbi:749182	semapv:UnspecifiedMatching				
pzt:000203	skos:exactMatch	wikidata:Q6569053	semapv:UnspecifiedMatching				
pzt:000203	skos:exactMatch	worms:128569	semapv:UnspecifiedMatching				
pzt:000204	skos:exactMatch	bold:51844	semapv:UnspecifiedMatching				
pzt:000204	skos:exactMatch	ncbi:84315	semapv:UnspecifiedMatching				
pzt:000204	skos:exactMatch	wikidata:Q2718843	semapv:UnspecifiedMatching				
pzt:000204	skos:exactMatch	worms:106413	semapv:UnspecifiedMatching				
pzt:000205	skos:exactMatch	bold:69547	semapv:UnspecifiedMatching				
pzt:000205	skos:exactMatch	ncbi:245076	semapv:UnspecifiedMatching				
pzt:000205	skos:exactMatch	wikidata:Q3809200	semapv:UnspecifiedMatching				
pzt:000205	skos:exactMatch	worms:149771	semapv:UnspecifiedMatching				
pzt:000206	skos:exactMatch	bold:302138	semapv:UnspecifiedMatching				
pzt:000206	skos:exactMatch	ecotaxa_legacy:66	semapv:UnspecifiedMatching				
pzt:000206	skos:exactMatch	ncbi:263416	semapv:UnspecifiedMatching				
pzt:000206	skos:exactMatch	wikidata:Q1421606	semapv:UnspecifiedMatching				
pzt:000206	skos:exactMatch	worms:149782	semapv:UnspecifiedMatching				
pzt:000207	skos:broadMatch	bold:302138	semapv:LogicalReasoning				
pzt:000207	skos:broadMatch	ncbi:263416	semapv:LogicalReasoning				
pzt:000207	skos:broadMatch	wikidata:Q1421606	semapv:LogicalReasoning				
pzt:000207	skos:broadMatch	worms:149782	semapv:LogicalReasoning				
pzt:000208	skos:broadMatch	bold:302138	semapv:LogicalReasoning				
pzt:000208	skos:broadMatch	ncbi:263416	semapv:LogicalReasoning				
pzt:000208	skos:broadMatch	wikidata:Q1421606	semapv:LogicalReasoning				
pzt:000208	skos:broadMatch	worms:149782	semapv:LogicalReasoning				
pzt:000209	skos:exactMatch	bold:51850	semapv:UnspecifiedMatching				
pzt:000209	skos:exactMatch	ncbi:516365	semapv:UnspecifiedMatching				
pzt:000209	skos:exactMatch	wikidata:Q6555177	semapv:UnspecifiedMatching				
pzt:000209	skos:exactMatch	worms:149783	semapv:UnspecifiedMatching				
pzt:000210	skos:broadMatch	bold:51850	semapv:LogicalReasoning				
pzt:000210	skos:broadMatch	ncbi:516365	semapv:LogicalReasoning				
pzt:000210	skos:broadMatch	wikidata:Q6555177	semapv:LogicalReasoning				
pzt:000210	skos:broadMatch	worms:149783	semapv:LogicalReasoning				
pzt:000211	skos:exactMatch	bold:83893	semapv:UnspecifiedMatching				
pzt:000211	skos:exactMatch	ncbi:84316	semapv:UnspecifiedMatching				
pzt:000211	skos:exactMatch	wikidata:Q3734149	semapv:UnspecifiedMatching				
pzt:000211	skos:exactMatch	worms:149781	semapv:UnspecifiedMatching				
pzt:000212	skos:exactMatch	bold:84699	semapv:UnspecifiedMatching				
pzt:000212	skos:exactMatch	ncbi:281257	semapv:UnspecifiedMatching				
pzt:000212	skos:exactMatch	wikidata:Q10573667	semapv:UnspecifiedMatching				
pzt:000212	skos:exactMatch	worms:347439	semapv:UnspecifiedMatching				
pzt:000214	skos:exactMatch	bold:355436	semapv:UnspecifiedMatching				
pzt:000214	skos:exactMatch	ncbi:938113	semapv:UnspecifiedMatching				
pzt:000214	skos:exactMatch	wikidata:Q6555645	semapv:UnspecifiedMatching				
pzt:000214	skos:exactMatch	worms:157736	semapv:UnspecifiedMatching				
pzt:000215	skos:exactMatch	bold:51845	semapv:UnspecifiedMatching				
pzt:000215	skos:exactMatch	ncbi:245081	semapv:UnspecifiedMatching				
pzt:000215	skos:exactMatch	wikidata:Q144998	semapv:UnspecifiedMatching				
pzt:000215	skos:exactMatch	worms:156881	semapv:UnspecifiedMatching				
pzt:000216	skos:exactMatch	ncbi:1795152	semapv:UnspecifiedMatching				
pzt:000216	skos:exactMatch	wikidata:Q13840968	semapv:UnspecifiedMatching				
pzt:000216	skos:exactMatch	worms:353334	semapv:UnspecifiedMatching				
pzt:000217	skos:exactMatch	bold:455453	semapv:UnspecifiedMatching				
pzt:000217	skos:exactMatch	ncbi:938114	semapv:UnspecifiedMatching				
pzt:000217	skos:exactMatch	wikidata:Q6554857	semapv:UnspecifiedMatching				
pzt:000217	skos:exactMatch	worms:347501	semapv:UnspecifiedMatching				
pzt:000218	skos:exactMatch	bold:92897	semapv:UnspecifiedMatching				
pzt:000218	skos:exactMatch	ncbi:342431	semapv:UnspecifiedMatching				
pzt:000218	skos:exactMatch	wikidata:Q268683	semapv:UnspecifiedMatching				
pzt:000218	skos:exactMatch	worms:149770	semapv:UnspecifiedMatching				
pzt:000219	skos:exactMatch	ncbi:669472	semapv:UnspecifiedMatching				
pzt:000219	skos:exactMatch	wikidata:Q6556626	semapv:UnspecifiedMatching				
pzt:000219	skos:exactMatch	worms:149777	semapv:UnspecifiedMatching				
pzt:000220	skos:exactMatch	ncbi:1606835	semapv:UnspecifiedMatching				
pzt:000220	skos:exactMatch	wikidata:Q14486445	semapv:UnspecifiedMatching				
pzt:000220	skos:exactMatch	worms:356609	semapv:UnspecifiedMatching				
pzt:000221	skos:exactMatch	bold:51852	semapv:UnspecifiedMatching				
pzt:000221	skos:exactMatch	ncbi:516451	semapv:UnspecifiedMatching				
pzt:000221	skos:exactMatch	wikidata:Q3809093	semapv:UnspecifiedMatching				
pzt:000221	skos:exactMatch	worms:157738	semapv:UnspecifiedMatching				
pzt:000223	skos:exactMatch	bold:142416	semapv:UnspecifiedMatching				
pzt:000223	skos:exactMatch	ncbi:342413	semapv:UnspecifiedMatching				
pzt:000223	skos:exactMatch	wikidata:Q3808947	semapv:UnspecifiedMatching				
pzt:000223	skos:exactMatch	worms:128641	semapv:UnspecifiedMatching				
pzt:000225	skos:exactMatch	worms:128672	semapv:UnspecifiedMatching				
pzt:000226	skos:exactMatch	bold:142596	semapv:UnspecifiedMatching				
pzt:000226	skos:exactMatch	ecotaxa_legacy:21	semapv:UnspecifiedMatching				
pzt:000226	skos:exactMatch	ecotaxa_legacy:566	semapv:UnspecifiedMatching				
pzt:000226	skos:exactMatch	ncbi:136189	semapv:UnspecifiedMatching				
pzt:000226	skos:exactMatch	wikidata:Q6556457	semapv:UnspecifiedMatching				
pzt:000226	skos:exactMatch	worms:106422	semapv:UnspecifiedMatching				
pzt:000227	skos:exactMatch	bold:142597	semapv:UnspecifiedMatching				
pzt:000227	skos:exactMatch	ecotaxa_legacy:21	semapv:UnspecifiedMatching				
pzt:000227	skos:exactMatch	ecotaxa_legacy:566	semapv:UnspecifiedMatching				
pzt:000227	skos:exactMatch	ncbi:136190	semapv:UnspecifiedMatching				
pzt:000227	skos:exactMatch	wikidata:Q6556536	semapv:UnspecifiedMatching				
pzt:000227	skos:exactMatch	worms:106485	semapv:UnspecifiedMatching				
pzt:000228	skos:exactMatch	bold:142590	semapv:UnspecifiedMatching				
pzt:000228	skos:exactMatch	ecotaxa_legacy:42	semapv:UnspecifiedMatching				
pzt:000228	skos:exactMatch	ecotaxa_legacy:568	semapv:UnspecifiedMatching				
pzt:000228	skos:exactMatch	ncbi:349673	semapv:UnspecifiedMatching				
pzt:000228	skos:exactMatch	wikidata:Q3809055	semapv:UnspecifiedMatching				
pzt:000228	skos:exactMatch	worms:128586	semapv:UnspecifiedMatching				
pzt:000229	skos:exactMatch	bold:142591	semapv:UnspecifiedMatching				
pzt:000229	skos:exactMatch	ecotaxa_legacy:42	semapv:UnspecifiedMatching				
pzt:000229	skos:exactMatch	ecotaxa_legacy:568	semapv:UnspecifiedMatching				
pzt:000229	skos:exactMatch	ncbi:349674	semapv:UnspecifiedMatching				
pzt:000229	skos:exactMatch	wikidata:Q3352356	semapv:UnspecifiedMatching				
pzt:000229	skos:exactMatch	worms:128690	semapv:UnspecifiedMatching				
pzt:000230	skos:exactMatch	bold:50856	semapv:UnspecifiedMatching				
pzt:000230	skos:exactMatch	ecotaxa_legacy:59	semapv:UnspecifiedMatching				
pzt:000230	skos:exactMatch	ncbi:545089	semapv:UnspecifiedMatching				
pzt:000230	skos:exactMatch	wikidata:Q3473199	semapv:UnspecifiedMatching				
pzt:000230	skos:exactMatch	worms:128595	semapv:UnspecifiedMatching				
pzt:000231	skos:exactMatch	bold:50873	semapv:UnspecifiedMatching				
pzt:000231	skos:exactMatch	ecotaxa_legacy:410	semapv:UnspecifiedMatching				
pzt:000231	skos:exactMatch	ncbi:545085	semapv:UnspecifiedMatching				
pzt:000231	skos:exactMatch	wikidata:Q3808936	semapv:UnspecifiedMatching				
pzt:000231	skos:exactMatch	worms:128721	semapv:UnspecifiedMatching				
pzt:000232	skos:exactMatch	bold:390	semapv:UnspecifiedMatching				
pzt:000232	skos:exactMatch	ecotaxa_legacy:63	semapv:UnspecifiedMatching				
pzt:000232	skos:exactMatch	ncbi:41212	semapv:UnspecifiedMatching				
pzt:000232	skos:exactMatch	wikidata:Q146286	semapv:UnspecifiedMatching				
pzt:000232	skos:exactMatch	worms:1102	semapv:UnspecifiedMatching				
pzt:000234	skos:exactMatch	bold:326830	semapv:UnspecifiedMatching				
pzt:000234	skos:exactMatch	ecotaxa_legacy:61	semapv:UnspecifiedMatching				
pzt:000234	skos:exactMatch	ecotaxa_legacy:755	semapv:UnspecifiedMatching				
pzt:000234	skos:exactMatch	ncbi:2779395	semapv:UnspecifiedMatching				
pzt:000234	skos:exactMatch	wikidata:Q6561350	semapv:UnspecifiedMatching				
pzt:000234	skos:exactMatch	worms:115341	semapv:UnspecifiedMatching				
pzt:000235	skos:exactMatch	worms:115163	semapv:UnspecifiedMatching				
pzt:000237	skos:exactMatch	bold:326833	semapv:UnspecifiedMatching				
pzt:000237	skos:exactMatch	ecotaxa_legacy:22	semapv:UnspecifiedMatching				
pzt:000237	skos:exactMatch	ecotaxa_legacy:756	semapv:UnspecifiedMatching				
pzt:000237	skos:exactMatch	ncbi:163465	semapv:UnspecifiedMatching				
pzt:000237	skos:exactMatch	wikidata:Q18091848	semapv:UnspecifiedMatching				
pzt:000237	skos:exactMatch	worms:115348	semapv:UnspecifiedMatching				
pzt:000238	skos:exactMatch	bold:349765	semapv:UnspecifiedMatching				
pzt:000238	skos:exactMatch	ecotaxa_legacy:64	semapv:UnspecifiedMatching				
pzt:000238	skos:exactMatch	ncbi:84311	semapv:UnspecifiedMatching				
pzt:000238	skos:exactMatch	wikidata:Q3480154	semapv:UnspecifiedMatching				
pzt:000238	skos:exactMatch	worms:1106	semapv:UnspecifiedMatching				
pzt:000239	skos:exactMatch	worms:1104	semapv:UnspecifiedMatching				
pzt:000243	skos:exactMatch	wikidata:Q107265746	semapv:UnspecifiedMatching				
pzt:000243	skos:exactMatch	worms:892568	semapv:UnspecifiedMatching				
pzt:000246	skos:exactMatch	bold:1336502	semapv:UnspecifiedMatching				
pzt:000246	skos:exactMatch	ecotaxa_legacy:296	semapv:UnspecifiedMatching				
pzt:000246	skos:exactMatch	ecotaxa_legacy:598	semapv:UnspecifiedMatching				
pzt:000246	skos:exactMatch	ncbi:2099839	semapv:UnspecifiedMatching				
pzt:000246	skos:exactMatch	wikidata:Q18511119	semapv:UnspecifiedMatching				
pzt:000246	skos:exactMatch	worms:892593	semapv:UnspecifiedMatching				
pzt:000247	skos:broadMatch	bold:20	semapv:LogicalReasoning				
pzt:000247	skos:exactMatch	ncbi:6960	semapv:UnspecifiedMatching				
pzt:000247	skos:exactMatch	wikidata:Q105146	semapv:UnspecifiedMatching				
pzt:000247	skos:exactMatch	worms:1278	semapv:UnspecifiedMatching				
pzt:000250	skos:exactMatch	bold:5891	semapv:UnspecifiedMatching				
pzt:000250	skos:exactMatch	ncbi:50582	semapv:UnspecifiedMatching				
pzt:000250	skos:exactMatch	wikidata:Q1316941	semapv:UnspecifiedMatching				
pzt:000250	skos:exactMatch	worms:235815	semapv:UnspecifiedMatching				
pzt:000252	skos:exactMatch	worms:160268	semapv:UnspecifiedMatching				
pzt:000253	skos:exactMatch	worms:204105	semapv:UnspecifiedMatching				
pzt:000256	skos:exactMatch	bold:524416	semapv:UnspecifiedMatching				
pzt:000256	skos:exactMatch	ncbi:475928	semapv:UnspecifiedMatching				
pzt:000256	skos:exactMatch	wikidata:Q10479055	semapv:UnspecifiedMatching				
pzt:000256	skos:exactMatch	worms:112045	semapv:UnspecifiedMatching				
pzt:000260	skos:exactMatch	bold:169991	semapv:UnspecifiedMatching				
pzt:000260	skos:exactMatch	ecotaxa_legacy:224	semapv:UnspecifiedMatching				
pzt:000260	skos:exactMatch	ncbi:41812	semapv:UnspecifiedMatching				
pzt:000260	skos:exactMatch	wikidata:Q2707905	semapv:UnspecifiedMatching				
pzt:000260	skos:exactMatch	worms:118088	semapv:UnspecifiedMatching				
pzt:000261	skos:exactMatch	bold:1882	semapv:UnspecifiedMatching				
pzt:000261	skos:exactMatch	ncbi:7149	semapv:UnspecifiedMatching				
pzt:000261	skos:exactMatch	wikidata:Q228145	semapv:UnspecifiedMatching				
pzt:000261	skos:exactMatch	worms:118100	semapv:UnspecifiedMatching				
pzt:000262	skos:exactMatch	bold:69	semapv:UnspecifiedMatching				
pzt:000262	skos:exactMatch	ncbi:6681	semapv:UnspecifiedMatching				
pzt:000262	skos:exactMatch	wikidata:Q182978	semapv:UnspecifiedMatching				
pzt:000262	skos:exactMatch	worms:1071	semapv:UnspecifiedMatching				
pzt:000263	skos:exactMatch	bold:326	semapv:UnspecifiedMatching				
pzt:000263	skos:exactMatch	ecotaxa_legacy:222	semapv:UnspecifiedMatching				
pzt:000263	skos:exactMatch	ecotaxa_legacy:596	semapv:UnspecifiedMatching				
pzt:000263	skos:exactMatch	ncbi:6821	semapv:UnspecifiedMatching				
pzt:000263	skos:exactMatch	wikidata:Q193418	semapv:UnspecifiedMatching				
pzt:000263	skos:exactMatch	worms:1135	semapv:UnspecifiedMatching				
pzt:000264	skos:exactMatch	worms:101361	semapv:UnspecifiedMatching				
pzt:000265	skos:exactMatch	worms:196118	semapv:UnspecifiedMatching				
pzt:000266	skos:exactMatch	worms:101420	semapv:UnspecifiedMatching				
pzt:000267	skos:exactMatch	worms:101804	semapv:UnspecifiedMatching				
pzt:000270	skos:exactMatch	bold:88678	semapv:UnspecifiedMatching				
pzt:000270	skos:exactMatch	ecotaxa_legacy:222	semapv:UnspecifiedMatching				
pzt:000270	skos:exactMatch	ecotaxa_legacy:596	semapv:UnspecifiedMatching				
pzt:000270	skos:exactMatch	ncbi:317538	semapv:UnspecifiedMatching				
pzt:000270	skos:exactMatch	wikidata:Q4483044	semapv:UnspecifiedMatching				
pzt:000270	skos:exactMatch	worms:103105	semapv:UnspecifiedMatching				
pzt:000272	skos:exactMatch	bold:348	semapv:UnspecifiedMatching				
pzt:000272	skos:exactMatch	ecotaxa_legacy:278	semapv:UnspecifiedMatching				
pzt:000272	skos:exactMatch	ncbi:27412	semapv:UnspecifiedMatching				
pzt:000272	skos:exactMatch	wikidata:Q72554	semapv:UnspecifiedMatching				
pzt:000272	skos:exactMatch	worms:1137	semapv:UnspecifiedMatching				
pzt:000273	skos:exactMatch	bold:336	semapv:UnspecifiedMatching				
pzt:000273	skos:exactMatch	ecotaxa_legacy:645	semapv:UnspecifiedMatching				
pzt:000273	skos:exactMatch	ncbi:6683	semapv:UnspecifiedMatching				
pzt:000273	skos:exactMatch	wikidata:Q4610	semapv:UnspecifiedMatching				
pzt:000273	skos:exactMatch	worms:1130	semapv:UnspecifiedMatching				
pzt:000274	skos:exactMatch	bold:1502	semapv:UnspecifiedMatching				
pzt:000274	skos:exactMatch	ecotaxa_legacy:645	semapv:UnspecifiedMatching				
pzt:000274	skos:exactMatch	ncbi:136690	semapv:UnspecifiedMatching				
pzt:000274	skos:exactMatch	wikidata:Q1731771	semapv:UnspecifiedMatching				
pzt:000274	skos:exactMatch	worms:106733	semapv:UnspecifiedMatching				
pzt:000275	skos:exactMatch	worms:106802	semapv:UnspecifiedMatching				
pzt:000276	skos:exactMatch	bold:1538	semapv:UnspecifiedMatching				
pzt:000276	skos:exactMatch	ecotaxa_legacy:464	semapv:UnspecifiedMatching				
pzt:000276	skos:exactMatch	ncbi:111523	semapv:UnspecifiedMatching				
pzt:000276	skos:exactMatch	wikidata:Q4189134	semapv:UnspecifiedMatching				
pzt:000276	skos:exactMatch	worms:106730	semapv:UnspecifiedMatching				
pzt:000278	skos:exactMatch	bold:1364967	semapv:UnspecifiedMatching				
pzt:000278	skos:exactMatch	ecotaxa_legacy:645	semapv:UnspecifiedMatching				
pzt:000278	skos:exactMatch	ncbi:1124587	semapv:UnspecifiedMatching				
pzt:000278	skos:exactMatch	wikidata:Q21230498	semapv:UnspecifiedMatching				
pzt:000278	skos:exactMatch	worms:387302	semapv:UnspecifiedMatching				
pzt:000279	skos:exactMatch	bold:1532	semapv:UnspecifiedMatching				
pzt:000279	skos:exactMatch	ecotaxa_legacy:645	semapv:UnspecifiedMatching				
pzt:000279	skos:exactMatch	ncbi:6685	semapv:UnspecifiedMatching				
pzt:000279	skos:exactMatch	wikidata:Q683918	semapv:UnspecifiedMatching				
pzt:000279	skos:exactMatch	worms:106727	semapv:UnspecifiedMatching				
pzt:000280	skos:exactMatch	bold:1509	semapv:UnspecifiedMatching				
pzt:000280	skos:exactMatch	ecotaxa_legacy:645	semapv:UnspecifiedMatching				
pzt:000280	skos:exactMatch	ncbi:84660	semapv:UnspecifiedMatching				
pzt:000280	skos:exactMatch	wikidata:Q1435521	semapv:UnspecifiedMatching				
pzt:000280	skos:exactMatch	worms:106734	semapv:UnspecifiedMatching				
pzt:000281	skos:exactMatch	bold:69922	semapv:UnspecifiedMatching				
pzt:000281	skos:exactMatch	ecotaxa_legacy:645	semapv:UnspecifiedMatching				
pzt:000281	skos:exactMatch	ncbi:111522	semapv:UnspecifiedMatching				
pzt:000281	skos:exactMatch	wikidata:Q4481085	semapv:UnspecifiedMatching				
pzt:000281	skos:exactMatch	worms:106731	semapv:UnspecifiedMatching				
pzt:000282	skos:exactMatch	worms:383017	semapv:UnspecifiedMatching				
pzt:000283	skos:exactMatch	worms:106673	semapv:UnspecifiedMatching				
pzt:000284	skos:exactMatch	bold:361	semapv:UnspecifiedMatching				
pzt:000284	skos:exactMatch	ecotaxa_legacy:199	semapv:UnspecifiedMatching				
pzt:000284	skos:exactMatch	ecotaxa_legacy:605	semapv:UnspecifiedMatching				
pzt:000284	skos:exactMatch	ncbi:6816	semapv:UnspecifiedMatching				
pzt:000284	skos:exactMatch	wikidata:Q29498	semapv:UnspecifiedMatching				
pzt:000284	skos:exactMatch	worms:1128	semapv:UnspecifiedMatching				
pzt:000287	skos:exactMatch	bold:4852	semapv:UnspecifiedMatching				
pzt:000287	skos:exactMatch	ecotaxa_legacy:649	semapv:UnspecifiedMatching				
pzt:000287	skos:exactMatch	ncbi:96839	semapv:UnspecifiedMatching				
pzt:000287	skos:exactMatch	wikidata:Q3060902	semapv:UnspecifiedMatching				
pzt:000287	skos:exactMatch	worms:118401	semapv:UnspecifiedMatching				
pzt:000288	skos:exactMatch	bold:88696	semapv:UnspecifiedMatching				
pzt:000288	skos:exactMatch	ecotaxa_legacy:649	semapv:UnspecifiedMatching				
pzt:000288	skos:exactMatch	ncbi:192514	semapv:UnspecifiedMatching				
pzt:000288	skos:exactMatch	wikidata:Q4354697	semapv:UnspecifiedMatching				
pzt:000288	skos:exactMatch	worms:118264	semapv:UnspecifiedMatching				
pzt:000289	skos:exactMatch	bold:88697	semapv:UnspecifiedMatching				
pzt:000289	skos:exactMatch	ecotaxa_legacy:649	semapv:UnspecifiedMatching				
pzt:000289	skos:exactMatch	ncbi:203885	semapv:UnspecifiedMatching				
pzt:000289	skos:exactMatch	wikidata:Q4350194	semapv:UnspecifiedMatching				
pzt:000289	skos:exactMatch	worms:118377	semapv:UnspecifiedMatching				
pzt:000290	skos:exactMatch	bold:79190	semapv:UnspecifiedMatching				
pzt:000290	skos:exactMatch	ncbi:75399	semapv:UnspecifiedMatching				
pzt:000290	skos:exactMatch	wikidata:Q13411080	semapv:UnspecifiedMatching				
pzt:000290	skos:exactMatch	worms:149668	semapv:UnspecifiedMatching				
pzt:000292	skos:exactMatch	bold:5739	semapv:UnspecifiedMatching				
pzt:000292	skos:exactMatch	ncbi:261863	semapv:UnspecifiedMatching				
pzt:000292	skos:exactMatch	wikidata:Q601140	semapv:UnspecifiedMatching				
pzt:000292	skos:exactMatch	worms:119886	semapv:UnspecifiedMatching				
pzt:000293	skos:exactMatch	bold:331	semapv:UnspecifiedMatching				
pzt:000293	skos:exactMatch	ncbi:75390	semapv:UnspecifiedMatching				
pzt:000293	skos:exactMatch	wikidata:Q334855	semapv:UnspecifiedMatching				
pzt:000293	skos:exactMatch	worms:14355	semapv:UnspecifiedMatching				
pzt:000294	skos:exactMatch	bold:91932	semapv:UnspecifiedMatching				
pzt:000294	skos:exactMatch	ncbi:85301	semapv:UnspecifiedMatching				
pzt:000294	skos:exactMatch	wikidata:Q3855072	semapv:UnspecifiedMatching				
pzt:000294	skos:exactMatch	worms:136090	semapv:UnspecifiedMatching				
pzt:000295	skos:exactMatch	worms:136093	semapv:UnspecifiedMatching				
pzt:000296	skos:exactMatch	bold:80	semapv:UnspecifiedMatching				
pzt:000296	skos:exactMatch	ecotaxa_legacy:165	semapv:UnspecifiedMatching				
pzt:000296	skos:exactMatch	ecotaxa_legacy:383	semapv:UnspecifiedMatching				
pzt:000296	skos:exactMatch	ncbi:6670	semapv:UnspecifiedMatching				
pzt:000296	skos:exactMatch	wikidata:Q276412	semapv:UnspecifiedMatching				
pzt:000296	skos:exactMatch	worms:1078	semapv:UnspecifiedMatching				
pzt:000299	skos:exactMatch	bold:517007	semapv:UnspecifiedMatching				
pzt:000299	skos:exactMatch	ecotaxa_legacy:746	semapv:UnspecifiedMatching				
pzt:000299	skos:exactMatch	ncbi:182086	semapv:UnspecifiedMatching				
pzt:000299	skos:exactMatch	wikidata:Q23890433	semapv:UnspecifiedMatching				
pzt:000299	skos:exactMatch	worms:581996	semapv:UnspecifiedMatching				
pzt:000300	skos:exactMatch	bold:981579	semapv:UnspecifiedMatching				
pzt:000300	skos:exactMatch	ncbi:116172	semapv:UnspecifiedMatching				
pzt:000300	skos:exactMatch	wikidata:Q150628	semapv:UnspecifiedMatching				
pzt:000300	skos:exactMatch	worms:22388	semapv:UnspecifiedMatching				
pzt:000301	skos:broadMatch	bold:981579	semapv:LogicalReasoning				
pzt:000301	skos:broadMatch	ncbi:116172	semapv:LogicalReasoning				
pzt:000301	skos:exactMatch	wikidata:Q3175015	semapv:UnspecifiedMatching				
pzt:000301	skos:exactMatch	worms:106033	semapv:UnspecifiedMatching				
pzt:000302	skos:exactMatch	worms:1082	semapv:UnspecifiedMatching				
pzt:000303	skos:exactMatch	bold:7	semapv:UnspecifiedMatching				
pzt:000303	skos:exactMatch	ncbi:10205	semapv:UnspecifiedMatching				
pzt:000303	skos:exactMatch	wikidata:Q148134	semapv:UnspecifiedMatching				
pzt:000303	skos:exactMatch	worms:146142	semapv:UnspecifiedMatching				
pzt:000304	skos:exactMatch	bold:13	semapv:UnspecifiedMatching				
pzt:000304	skos:exactMatch	ecotaxa_legacy:115	semapv:UnspecifiedMatching				
pzt:000304	skos:exactMatch	ncbi:10229	semapv:UnspecifiedMatching				
pzt:000304	skos:exactMatch	wikidata:Q192416	semapv:UnspecifiedMatching				
pzt:000304	skos:exactMatch	worms:2081	semapv:UnspecifiedMatching				
pzt:000308	skos:exactMatch	bold:80149	semapv:UnspecifiedMatching				
pzt:000308	skos:exactMatch	ecotaxa_legacy:115	semapv:UnspecifiedMatching				
pzt:000308	skos:exactMatch	ncbi:10230	semapv:UnspecifiedMatching				
pzt:000308	skos:exactMatch	wikidata:Q4404443	semapv:UnspecifiedMatching				
pzt:000308	skos:exactMatch	worms:105410	semapv:UnspecifiedMatching				
pzt:000311	skos:exactMatch	bold:216102	semapv:UnspecifiedMatching				
pzt:000311	skos:exactMatch	ecotaxa_legacy:115	semapv:UnspecifiedMatching				
pzt:000311	skos:exactMatch	ncbi:52636	semapv:UnspecifiedMatching				
pzt:000311	skos:exactMatch	wikidata:Q2071353	semapv:UnspecifiedMatching				
pzt:000311	skos:exactMatch	worms:105399	semapv:UnspecifiedMatching				
pzt:000312	skos:exactMatch	bold:18	semapv:UnspecifiedMatching				
pzt:000312	skos:exactMatch	ncbi:7711	semapv:UnspecifiedMatching				
pzt:000312	skos:exactMatch	wikidata:Q10915	semapv:UnspecifiedMatching				
pzt:000312	skos:exactMatch	worms:1821	semapv:UnspecifiedMatching				
pzt:000313	skos:exactMatch	bold:96365	semapv:UnspecifiedMatching				
pzt:000313	skos:exactMatch	ecotaxa_legacy:116	semapv:UnspecifiedMatching				
pzt:000313	skos:exactMatch	ecotaxa_legacy:368	semapv:UnspecifiedMatching				
pzt:000313	skos:exactMatch	ecotaxa_legacy:571	semapv:UnspecifiedMatching				
pzt:000313	skos:exactMatch	ncbi:30302	semapv:UnspecifiedMatching				
pzt:000313	skos:exactMatch	wikidata:Q28960	semapv:UnspecifiedMatching				
pzt:000313	skos:exactMatch	worms:146421	semapv:UnspecifiedMatching				
pzt:000315	skos:exactMatch	bold:532124	semapv:UnspecifiedMatching				
pzt:000315	skos:exactMatch	ecotaxa_legacy:125	semapv:UnspecifiedMatching				
pzt:000315	skos:exactMatch	ecotaxa_legacy:740	semapv:UnspecifiedMatching				
pzt:000315	skos:exactMatch	ncbi:2507558	semapv:UnspecifiedMatching				
pzt:000315	skos:exactMatch	wikidata:Q10438451	semapv:UnspecifiedMatching				
pzt:000315	skos:exactMatch	worms:103354	semapv:UnspecifiedMatching				
pzt:000316	skos:exactMatch	bold:544289	semapv:UnspecifiedMatching				
pzt:000316	skos:exactMatch	ecotaxa_legacy:125	semapv:UnspecifiedMatching				
pzt:000316	skos:exactMatch	ecotaxa_legacy:740	semapv:UnspecifiedMatching				
pzt:000316	skos:exactMatch	ncbi:2507559	semapv:UnspecifiedMatching				
pzt:000316	skos:exactMatch	wikidata:Q15985287	semapv:UnspecifiedMatching				
pzt:000316	skos:exactMatch	worms:103358	semapv:UnspecifiedMatching				
pzt:000317	skos:exactMatch	bold:96367	semapv:UnspecifiedMatching				
pzt:000317	skos:exactMatch	ecotaxa_legacy:121	semapv:UnspecifiedMatching				
pzt:000317	skos:exactMatch	ecotaxa_legacy:741	semapv:UnspecifiedMatching				
pzt:000317	skos:exactMatch	ncbi:41302	semapv:UnspecifiedMatching				
pzt:000317	skos:exactMatch	wikidata:Q10571698	semapv:UnspecifiedMatching				
pzt:000317	skos:exactMatch	worms:103356	semapv:UnspecifiedMatching				
pzt:000321	skos:exactMatch	bold:342724	semapv:UnspecifiedMatching				
pzt:000321	skos:exactMatch	ncbi:322838	semapv:UnspecifiedMatching				
pzt:000321	skos:exactMatch	wikidata:Q4924224	semapv:UnspecifiedMatching				
pzt:000321	skos:exactMatch	worms:103464	semapv:UnspecifiedMatching				
pzt:000326	skos:exactMatch	worms:104906	semapv:UnspecifiedMatching				
pzt:000327	skos:exactMatch	bold:2676441	semapv:UnspecifiedMatching				
pzt:000327	skos:exactMatch	ncbi:32443	semapv:UnspecifiedMatching				
pzt:000327	skos:exactMatch	wikidata:Q204861	semapv:UnspecifiedMatching				
pzt:000327	skos:exactMatch	worms:293496	semapv:UnspecifiedMatching				
pzt:000331	skos:exactMatch	bold:27311	semapv:UnspecifiedMatching				
pzt:000331	skos:exactMatch	ncbi:55117	semapv:UnspecifiedMatching				
pzt:000331	skos:exactMatch	wikidata:Q1332088	semapv:UnspecifiedMatching				
pzt:000331	skos:exactMatch	worms:127165	semapv:UnspecifiedMatching				
pzt:000333	skos:exactMatch	bold:202082	semapv:UnspecifiedMatching				
pzt:000333	skos:exactMatch	ncbi:556253	semapv:UnspecifiedMatching				
pzt:000333	skos:exactMatch	wikidata:Q6527979	semapv:UnspecifiedMatching				
pzt:000333	skos:exactMatch	worms:843623	semapv:UnspecifiedMatching				
pzt:000334	skos:exactMatch	bold:253	semapv:UnspecifiedMatching				
pzt:000334	skos:exactMatch	ncbi:32446	semapv:UnspecifiedMatching				
pzt:000334	skos:exactMatch	wikidata:Q193389	semapv:UnspecifiedMatching				
pzt:000334	skos:exactMatch	worms:10297	semapv:UnspecifiedMatching				
pzt:000335	skos:exactMatch	bold:1252	semapv:UnspecifiedMatching				
pzt:000335	skos:exactMatch	ncbi:55118	semapv:UnspecifiedMatching				
pzt:000335	skos:exactMatch	wikidata:Q27141	semapv:UnspecifiedMatching				
pzt:000335	skos:exactMatch	worms:125464	semapv:UnspecifiedMatching				
pzt:000336	skos:exactMatch	bold:1264	semapv:UnspecifiedMatching				
pzt:000336	skos:exactMatch	ncbi:43062	semapv:UnspecifiedMatching				
pzt:000336	skos:exactMatch	wikidata:Q192662	semapv:UnspecifiedMatching				
pzt:000336	skos:exactMatch	worms:125465	semapv:UnspecifiedMatching				
pzt:000338	skos:exactMatch	bold:1368	semapv:UnspecifiedMatching				
pzt:000338	skos:exactMatch	ncbi:68515	semapv:UnspecifiedMatching				
pzt:000338	skos:exactMatch	wikidata:Q1975704	semapv:UnspecifiedMatching				
pzt:000338	skos:exactMatch	worms:125498	semapv:UnspecifiedMatching				
pzt:000339	skos:exactMatch	bold:27266	semapv:UnspecifiedMatching				
pzt:000339	skos:exactMatch	ecotaxa_legacy:113	semapv:UnspecifiedMatching				
pzt:000339	skos:exactMatch	ecotaxa_legacy:607	semapv:UnspecifiedMatching				
pzt:000339	skos:exactMatch	ncbi:30304	semapv:UnspecifiedMatching				
pzt:000339	skos:exactMatch	wikidata:Q610887	semapv:UnspecifiedMatching				
pzt:000339	skos:exactMatch	worms:22626	semapv:UnspecifiedMatching				
pzt:000340	skos:exactMatch	bold:27267	semapv:UnspecifiedMatching				
pzt:000340	skos:exactMatch	ecotaxa_legacy:144	semapv:UnspecifiedMatching				
pzt:000340	skos:exactMatch	ncbi:76838	semapv:UnspecifiedMatching				
pzt:000340	skos:exactMatch	wikidata:Q1138058	semapv:UnspecifiedMatching				
pzt:000340	skos:exactMatch	worms:137212	semapv:UnspecifiedMatching				
pzt:000341	skos:exactMatch	bold:532901	semapv:UnspecifiedMatching				
pzt:000341	skos:exactMatch	ecotaxa_legacy:152	semapv:UnspecifiedMatching				
pzt:000341	skos:exactMatch	ecotaxa_legacy:601	semapv:UnspecifiedMatching				
pzt:000341	skos:exactMatch	ncbi:76842	semapv:UnspecifiedMatching				
pzt:000341	skos:exactMatch	wikidata:Q11847380	semapv:UnspecifiedMatching				
pzt:000341	skos:exactMatch	worms:137213	semapv:UnspecifiedMatching				
pzt:000343	skos:exactMatch	bold:801356	semapv:UnspecifiedMatching				
pzt:000343	skos:exactMatch	ecotaxa_legacy:152	semapv:UnspecifiedMatching				
pzt:000343	skos:exactMatch	ecotaxa_legacy:601	semapv:UnspecifiedMatching				
pzt:000343	skos:exactMatch	ncbi:76844	semapv:UnspecifiedMatching				
pzt:000343	skos:exactMatch	wikidata:Q1193112	semapv:UnspecifiedMatching				
pzt:000343	skos:exactMatch	worms:137224	semapv:UnspecifiedMatching				
pzt:000344	skos:exactMatch	bold:174763	semapv:UnspecifiedMatching				
pzt:000344	skos:exactMatch	ecotaxa_legacy:118	semapv:UnspecifiedMatching				
pzt:000344	skos:exactMatch	ecotaxa_legacy:603	semapv:UnspecifiedMatching				
pzt:000344	skos:exactMatch	ncbi:30307	semapv:UnspecifiedMatching				
pzt:000344	skos:exactMatch	wikidata:Q2740581	semapv:UnspecifiedMatching				
pzt:000344	skos:exactMatch	worms:137214	semapv:UnspecifiedMatching				
pzt:000345	skos:exactMatch	bold:174764	semapv:UnspecifiedMatching				
pzt:000345	skos:exactMatch	ecotaxa_legacy:118	semapv:UnspecifiedMatching				
pzt:000345	skos:exactMatch	ecotaxa_legacy:603	semapv:UnspecifiedMatching				
pzt:000345	skos:exactMatch	ncbi:34759	semapv:UnspecifiedMatching				
pzt:000345	skos:exactMatch	wikidata:Q1068611	semapv:UnspecifiedMatching				
pzt:000345	skos:exactMatch	worms:137217	semapv:UnspecifiedMatching				
pzt:000346	skos:exactMatch	bold:3	semapv:UnspecifiedMatching				
pzt:000346	skos:exactMatch	ncbi:6073	semapv:UnspecifiedMatching				
pzt:000346	skos:exactMatch	wikidata:Q25441	semapv:UnspecifiedMatching				
pzt:000346	skos:exactMatch	worms:1267	semapv:UnspecifiedMatching				
pzt:000347	skos:exactMatch	bold:304228	semapv:UnspecifiedMatching				
pzt:000347	skos:exactMatch	ncbi:6137	semapv:UnspecifiedMatching				
pzt:000347	skos:exactMatch	wikidata:Q273179	semapv:UnspecifiedMatching				
pzt:000347	skos:exactMatch	worms:135219	semapv:UnspecifiedMatching				
pzt:000349	skos:exactMatch	bold:265667	semapv:UnspecifiedMatching				
pzt:000349	skos:exactMatch	ncbi:6103	semapv:UnspecifiedMatching				
pzt:000349	skos:exactMatch	wikidata:Q147256	semapv:UnspecifiedMatching				
pzt:000349	skos:exactMatch	worms:1360	semapv:UnspecifiedMatching				
pzt:000350	skos:exactMatch	bold:265667	semapv:UnspecifiedMatching				
pzt:000350	skos:exactMatch	ncbi:37512	semapv:UnspecifiedMatching				
pzt:000350	skos:exactMatch	wikidata:Q245695	semapv:UnspecifiedMatching				
pzt:000350	skos:exactMatch	worms:1361	semapv:UnspecifiedMatching				
pzt:000351	skos:exactMatch	bold:709228	semapv:UnspecifiedMatching				
pzt:000351	skos:exactMatch	ncbi:44927	semapv:UnspecifiedMatching				
pzt:000351	skos:exactMatch	wikidata:Q1362080	semapv:UnspecifiedMatching				
pzt:000351	skos:exactMatch	worms:607338	semapv:UnspecifiedMatching				
pzt:000352	skos:exactMatch	bold:26	semapv:UnspecifiedMatching				
pzt:000352	skos:exactMatch	ecotaxa_legacy:628	semapv:UnspecifiedMatching				
pzt:000352	skos:exactMatch	ecotaxa_legacy:652	semapv:UnspecifiedMatching				
pzt:000352	skos:exactMatch	ncbi:6074	semapv:UnspecifiedMatching				
pzt:000352	skos:exactMatch	wikidata:Q181989	semapv:UnspecifiedMatching				
pzt:000352	skos:exactMatch	worms:1337	semapv:UnspecifiedMatching				
pzt:000353	skos:exactMatch	bold:142177	semapv:UnspecifiedMatching				
pzt:000353	skos:exactMatch	ecotaxa_legacy:460	semapv:UnspecifiedMatching				
pzt:000353	skos:exactMatch	ncbi:406427	semapv:UnspecifiedMatching				
pzt:000353	skos:exactMatch	wikidata:Q14556976	semapv:UnspecifiedMatching				
pzt:000353	skos:exactMatch	worms:13551	semapv:UnspecifiedMatching				
pzt:000354	skos:exactMatch	bold:531721	semapv:UnspecifiedMatching				
pzt:000354	skos:exactMatch	ecotaxa_legacy:460	semapv:UnspecifiedMatching				
pzt:000354	skos:exactMatch	ncbi:500002	semapv:UnspecifiedMatching				
pzt:000354	skos:exactMatch	wikidata:Q1018713	semapv:UnspecifiedMatching				
pzt:000354	skos:exactMatch	worms:231542	semapv:UnspecifiedMatching				
pzt:000356	skos:exactMatch	bold:159702	semapv:UnspecifiedMatching				
pzt:000356	skos:exactMatch	ecotaxa_legacy:460	semapv:UnspecifiedMatching				
pzt:000356	skos:exactMatch	ncbi:6078	semapv:UnspecifiedMatching				
pzt:000356	skos:exactMatch	wikidata:Q4015103	semapv:UnspecifiedMatching				
pzt:000356	skos:exactMatch	worms:117070	semapv:UnspecifiedMatching				
pzt:000358	skos:exactMatch	bold:104173	semapv:UnspecifiedMatching				
pzt:000358	skos:exactMatch	ecotaxa_legacy:460	semapv:UnspecifiedMatching				
pzt:000358	skos:exactMatch	ncbi:6083	semapv:UnspecifiedMatching				
pzt:000358	skos:exactMatch	wikidata:Q192290	semapv:UnspecifiedMatching				
pzt:000358	skos:exactMatch	worms:267491	semapv:UnspecifiedMatching				
pzt:000359	skos:exactMatch	worms:20790	semapv:UnspecifiedMatching				
pzt:000360	skos:exactMatch	worms:117199	semapv:UnspecifiedMatching				
pzt:000361	skos:exactMatch	worms:117831	semapv:UnspecifiedMatching				
pzt:000362	skos:exactMatch	worms:117200	semapv:UnspecifiedMatching				
pzt:000363	skos:exactMatch	bold:264641	semapv:UnspecifiedMatching				
pzt:000363	skos:exactMatch	ecotaxa_legacy:644	semapv:UnspecifiedMatching				
pzt:000363	skos:exactMatch	ncbi:500008	semapv:UnspecifiedMatching				
pzt:000363	skos:exactMatch	wikidata:Q5122184	semapv:UnspecifiedMatching				
pzt:000363	skos:exactMatch	worms:13552	semapv:UnspecifiedMatching				
pzt:000364	skos:exactMatch	bold:103517	semapv:UnspecifiedMatching				
pzt:000364	skos:exactMatch	ecotaxa_legacy:644	semapv:UnspecifiedMatching				
pzt:000364	skos:exactMatch	ncbi:128126	semapv:UnspecifiedMatching				
pzt:000364	skos:exactMatch	wikidata:Q786058	semapv:UnspecifiedMatching				
pzt:000364	skos:exactMatch	worms:13553	semapv:UnspecifiedMatching				
pzt:000365	skos:exactMatch	bold:103518	semapv:UnspecifiedMatching				
pzt:000365	skos:exactMatch	ecotaxa_legacy:644	semapv:UnspecifiedMatching				
pzt:000365	skos:exactMatch	ncbi:6099	semapv:UnspecifiedMatching				
pzt:000365	skos:exactMatch	wikidata:Q1403185	semapv:UnspecifiedMatching				
pzt:000365	skos:exactMatch	worms:116998	semapv:UnspecifiedMatching				
pzt:000367	skos:exactMatch	bold:27176	semapv:UnspecifiedMatching				
pzt:000367	skos:exactMatch	ecotaxa_legacy:301	semapv:UnspecifiedMatching				
pzt:000367	skos:exactMatch	ncbi:32569	semapv:UnspecifiedMatching				
pzt:000367	skos:exactMatch	wikidata:Q134802	semapv:UnspecifiedMatching				
pzt:000367	skos:exactMatch	worms:117034	semapv:UnspecifiedMatching				
pzt:000370	skos:exactMatch	bold:651991	semapv:UnspecifiedMatching				
pzt:000370	skos:exactMatch	ecotaxa_legacy:300	semapv:UnspecifiedMatching				
pzt:000370	skos:exactMatch	ncbi:37523	semapv:UnspecifiedMatching				
pzt:000370	skos:exactMatch	wikidata:Q21358870	semapv:UnspecifiedMatching				
pzt:000370	skos:exactMatch	worms:117099	semapv:UnspecifiedMatching				
pzt:000371	skos:exactMatch	bold:31225	semapv:UnspecifiedMatching				
pzt:000371	skos:exactMatch	ecotaxa_legacy:628	semapv:UnspecifiedMatching				
pzt:000371	skos:exactMatch	ecotaxa_legacy:652	semapv:UnspecifiedMatching				
pzt:000371	skos:exactMatch	ncbi:128125	semapv:UnspecifiedMatching				
pzt:000371	skos:exactMatch	wikidata:Q1657162	semapv:UnspecifiedMatching				
pzt:000371	skos:exactMatch	worms:578126	semapv:UnspecifiedMatching				
pzt:000372	skos:exactMatch	bold:531908	semapv:UnspecifiedMatching				
pzt:000372	skos:exactMatch	ecotaxa_legacy:310	semapv:UnspecifiedMatching				
pzt:000372	skos:exactMatch	ncbi:43184	semapv:UnspecifiedMatching				
pzt:000372	skos:exactMatch	wikidata:Q140930	semapv:UnspecifiedMatching				
pzt:000372	skos:exactMatch	worms:16349	semapv:UnspecifiedMatching				
pzt:000374	skos:exactMatch	bold:900398	semapv:UnspecifiedMatching				
pzt:000374	skos:exactMatch	ecotaxa_legacy:310	semapv:UnspecifiedMatching				
pzt:000374	skos:exactMatch	ncbi:168709	semapv:UnspecifiedMatching				
pzt:000374	skos:exactMatch	wikidata:Q21445673	semapv:UnspecifiedMatching				
pzt:000374	skos:exactMatch	worms:116994	semapv:UnspecifiedMatching				
pzt:000375	skos:exactMatch	bold:900399	semapv:UnspecifiedMatching				
pzt:000375	skos:exactMatch	ecotaxa_legacy:310	semapv:UnspecifiedMatching				
pzt:000375	skos:exactMatch	ncbi:168710	semapv:UnspecifiedMatching				
pzt:000375	skos:exactMatch	wikidata:Q3380366	semapv:UnspecifiedMatching				
pzt:000375	skos:exactMatch	worms:117263	semapv:UnspecifiedMatching				
pzt:000376	skos:exactMatch	bold:533016	semapv:UnspecifiedMatching				
pzt:000376	skos:exactMatch	ecotaxa_legacy:310	semapv:UnspecifiedMatching				
pzt:000376	skos:exactMatch	ncbi:2099351	semapv:UnspecifiedMatching				
pzt:000376	skos:exactMatch	wikidata:Q3384153	semapv:UnspecifiedMatching				
pzt:000376	skos:exactMatch	worms:16848	semapv:UnspecifiedMatching				
pzt:000377	skos:exactMatch	bold:1168009	semapv:UnspecifiedMatching				
pzt:000377	skos:exactMatch	ecotaxa_legacy:310	semapv:UnspecifiedMatching				
pzt:000377	skos:exactMatch	ncbi:2099357	semapv:UnspecifiedMatching				
pzt:000377	skos:exactMatch	wikidata:Q4015312	semapv:UnspecifiedMatching				
pzt:000377	skos:exactMatch	worms:117239	semapv:UnspecifiedMatching				
pzt:000379	skos:exactMatch	bold:654128	semapv:UnspecifiedMatching				
pzt:000379	skos:exactMatch	ecotaxa_legacy:302	semapv:UnspecifiedMatching				
pzt:000379	skos:exactMatch	ecotaxa_legacy:572	semapv:UnspecifiedMatching				
pzt:000379	skos:exactMatch	ncbi:497512	semapv:UnspecifiedMatching				
pzt:000379	skos:exactMatch	wikidata:Q32535664	semapv:UnspecifiedMatching				
pzt:000379	skos:exactMatch	worms:116997	semapv:UnspecifiedMatching				
pzt:000380	skos:exactMatch	bold:654129	semapv:UnspecifiedMatching				
pzt:000380	skos:exactMatch	ecotaxa_legacy:302	semapv:UnspecifiedMatching				
pzt:000380	skos:exactMatch	ecotaxa_legacy:572	semapv:UnspecifiedMatching				
pzt:000380	skos:exactMatch	ncbi:497513	semapv:UnspecifiedMatching				
pzt:000380	skos:exactMatch	wikidata:Q1996438	semapv:UnspecifiedMatching				
pzt:000380	skos:exactMatch	worms:117267	semapv:UnspecifiedMatching				
pzt:000381	skos:exactMatch	bold:263623	semapv:UnspecifiedMatching				
pzt:000381	skos:exactMatch	ecotaxa_legacy:296	semapv:UnspecifiedMatching				
pzt:000381	skos:exactMatch	ecotaxa_legacy:598	semapv:UnspecifiedMatching				
pzt:000381	skos:exactMatch	ncbi:42759	semapv:UnspecifiedMatching				
pzt:000381	skos:exactMatch	wikidata:Q1134438	semapv:UnspecifiedMatching				
pzt:000381	skos:exactMatch	worms:1371	semapv:UnspecifiedMatching				
pzt:000382	skos:exactMatch	bold:109624	semapv:UnspecifiedMatching				
pzt:000382	skos:exactMatch	ecotaxa_legacy:328	semapv:UnspecifiedMatching				
pzt:000382	skos:exactMatch	ncbi:316207	semapv:UnspecifiedMatching				
pzt:000382	skos:exactMatch	wikidata:Q3386609	semapv:UnspecifiedMatching				
pzt:000382	skos:exactMatch	worms:135336	semapv:UnspecifiedMatching				
pzt:000384	skos:exactMatch	bold:461338	semapv:UnspecifiedMatching				
pzt:000384	skos:exactMatch	ecotaxa_legacy:321	semapv:UnspecifiedMatching				
pzt:000384	skos:exactMatch	ncbi:316209	semapv:UnspecifiedMatching				
pzt:000384	skos:exactMatch	wikidata:Q1931947	semapv:UnspecifiedMatching				
pzt:000384	skos:exactMatch	worms:135403	semapv:UnspecifiedMatching				
pzt:000386	skos:exactMatch	bold:455875	semapv:UnspecifiedMatching				
pzt:000386	skos:exactMatch	ecotaxa_legacy:344	semapv:UnspecifiedMatching				
pzt:000386	skos:exactMatch	ncbi:645412	semapv:UnspecifiedMatching				
pzt:000386	skos:exactMatch	wikidata:Q2282611	semapv:UnspecifiedMatching				
pzt:000386	skos:exactMatch	worms:135404	semapv:UnspecifiedMatching				
pzt:000387	skos:exactMatch	bold:24305	semapv:UnspecifiedMatching				
pzt:000387	skos:exactMatch	ecotaxa_legacy:342	semapv:UnspecifiedMatching				
pzt:000387	skos:exactMatch	ncbi:168754	semapv:UnspecifiedMatching				
pzt:000387	skos:exactMatch	wikidata:Q4008468	semapv:UnspecifiedMatching				
pzt:000387	skos:exactMatch	worms:135338	semapv:UnspecifiedMatching				
pzt:000388	skos:exactMatch	worms:135360	semapv:UnspecifiedMatching				
pzt:000390	skos:exactMatch	worms:135424	semapv:UnspecifiedMatching				
pzt:000391	skos:exactMatch	bold:455827	semapv:UnspecifiedMatching				
pzt:000391	skos:exactMatch	ecotaxa_legacy:327	semapv:UnspecifiedMatching				
pzt:000391	skos:exactMatch	ncbi:168743	semapv:UnspecifiedMatching				
pzt:000391	skos:exactMatch	wikidata:Q4001548	semapv:UnspecifiedMatching				
pzt:000391	skos:exactMatch	worms:135339	semapv:UnspecifiedMatching				
pzt:000393	skos:exactMatch	worms:135382	semapv:UnspecifiedMatching				
pzt:000395	skos:exactMatch	bold:461329	semapv:UnspecifiedMatching				
pzt:000395	skos:exactMatch	ecotaxa_legacy:296	semapv:UnspecifiedMatching				
pzt:000395	skos:exactMatch	ecotaxa_legacy:598	semapv:UnspecifiedMatching				
pzt:000395	skos:exactMatch	ncbi:168791	semapv:UnspecifiedMatching				
pzt:000395	skos:exactMatch	wikidata:Q4005869	semapv:UnspecifiedMatching				
pzt:000395	skos:exactMatch	worms:135381	semapv:UnspecifiedMatching				
pzt:000396	skos:exactMatch	bold:159710	semapv:UnspecifiedMatching				
pzt:000396	skos:exactMatch	ecotaxa_legacy:306	semapv:UnspecifiedMatching				
pzt:000396	skos:exactMatch	ncbi:43183	semapv:UnspecifiedMatching				
pzt:000396	skos:exactMatch	wikidata:Q135666	semapv:UnspecifiedMatching				
pzt:000396	skos:exactMatch	worms:16350	semapv:UnspecifiedMatching				
pzt:000397	skos:exactMatch	bold:303019	semapv:UnspecifiedMatching				
pzt:000397	skos:exactMatch	ecotaxa_legacy:306	semapv:UnspecifiedMatching				
pzt:000397	skos:exactMatch	ncbi:168740	semapv:UnspecifiedMatching				
pzt:000397	skos:exactMatch	wikidata:Q1571040	semapv:UnspecifiedMatching				
pzt:000397	skos:exactMatch	worms:16844	semapv:UnspecifiedMatching				
pzt:000398	skos:exactMatch	bold:303020	semapv:UnspecifiedMatching				
pzt:000398	skos:exactMatch	ecotaxa_legacy:578	semapv:UnspecifiedMatching				
pzt:000398	skos:exactMatch	ncbi:497495	semapv:UnspecifiedMatching				
pzt:000398	skos:exactMatch	wikidata:Q894765	semapv:UnspecifiedMatching				
pzt:000398	skos:exactMatch	worms:117107	semapv:UnspecifiedMatching				
pzt:000399	skos:exactMatch	bold:303021	semapv:UnspecifiedMatching				
pzt:000399	skos:exactMatch	ecotaxa_legacy:578	semapv:UnspecifiedMatching				
pzt:000399	skos:exactMatch	ncbi:497498	semapv:UnspecifiedMatching				
pzt:000399	skos:exactMatch	wikidata:Q894767	semapv:UnspecifiedMatching				
pzt:000399	skos:exactMatch	worms:117615	semapv:UnspecifiedMatching				
pzt:000400	skos:exactMatch	bold:1079034	semapv:UnspecifiedMatching				
pzt:000400	skos:exactMatch	ecotaxa_legacy:306	semapv:UnspecifiedMatching				
pzt:000400	skos:exactMatch	ncbi:497497	semapv:UnspecifiedMatching				
pzt:000400	skos:exactMatch	wikidata:Q40866968	semapv:UnspecifiedMatching				
pzt:000400	skos:exactMatch	worms:117108	semapv:UnspecifiedMatching				
pzt:000401	skos:exactMatch	bold:1079035	semapv:UnspecifiedMatching				
pzt:000401	skos:exactMatch	ecotaxa_legacy:306	semapv:UnspecifiedMatching				
pzt:000401	skos:exactMatch	ncbi:497499	semapv:UnspecifiedMatching				
pzt:000401	skos:exactMatch	wikidata:Q1571038	semapv:UnspecifiedMatching				
pzt:000401	skos:exactMatch	worms:117617	semapv:UnspecifiedMatching				
pzt:000402	skos:exactMatch	bold:978816	semapv:UnspecifiedMatching				
pzt:000402	skos:exactMatch	ecotaxa_legacy:306	semapv:UnspecifiedMatching				
pzt:000402	skos:exactMatch	ncbi:168741	semapv:UnspecifiedMatching				
pzt:000402	skos:exactMatch	wikidata:Q4006872	semapv:UnspecifiedMatching				
pzt:000402	skos:exactMatch	worms:117109	semapv:UnspecifiedMatching				
pzt:000403	skos:exactMatch	bold:303014	semapv:UnspecifiedMatching				
pzt:000403	skos:exactMatch	ecotaxa_legacy:305	semapv:UnspecifiedMatching				
pzt:000403	skos:exactMatch	ncbi:168727	semapv:UnspecifiedMatching				
pzt:000403	skos:exactMatch	wikidata:Q148808	semapv:UnspecifiedMatching				
pzt:000403	skos:exactMatch	worms:16842	semapv:UnspecifiedMatching				
pzt:000404	skos:exactMatch	bold:303015	semapv:UnspecifiedMatching				
pzt:000404	skos:exactMatch	ecotaxa_legacy:305	semapv:UnspecifiedMatching				
pzt:000404	skos:exactMatch	ncbi:56244	semapv:UnspecifiedMatching				
pzt:000404	skos:exactMatch	wikidata:Q4002700	semapv:UnspecifiedMatching				
pzt:000404	skos:exactMatch	worms:117212	semapv:UnspecifiedMatching				
pzt:000405	skos:exactMatch	bold:303016	semapv:UnspecifiedMatching				
pzt:000405	skos:exactMatch	ecotaxa_legacy:305	semapv:UnspecifiedMatching				
pzt:000405	skos:exactMatch	ncbi:56245	semapv:UnspecifiedMatching				
pzt:000405	skos:exactMatch	wikidata:Q394190	semapv:UnspecifiedMatching				
pzt:000405	skos:exactMatch	worms:117849	semapv:UnspecifiedMatching				
pzt:000406	skos:exactMatch	bold:656360	semapv:UnspecifiedMatching				
pzt:000406	skos:exactMatch	ecotaxa_legacy:163	semapv:UnspecifiedMatching				
pzt:000406	skos:exactMatch	ncbi:497489	semapv:UnspecifiedMatching				
pzt:000406	skos:exactMatch	wikidata:Q43248260	semapv:UnspecifiedMatching				
pzt:000406	skos:exactMatch	worms:117213	semapv:UnspecifiedMatching				
pzt:000407	skos:exactMatch	bold:656361	semapv:UnspecifiedMatching				
pzt:000407	skos:exactMatch	ecotaxa_legacy:163	semapv:UnspecifiedMatching				
pzt:000407	skos:exactMatch	ncbi:497490	semapv:UnspecifiedMatching				
pzt:000407	skos:exactMatch	wikidata:Q2752599	semapv:UnspecifiedMatching				
pzt:000407	skos:exactMatch	worms:117851	semapv:UnspecifiedMatching				
pzt:000408	skos:exactMatch	bold:656307	semapv:UnspecifiedMatching				
pzt:000408	skos:exactMatch	ecotaxa_legacy:304	semapv:UnspecifiedMatching				
pzt:000408	skos:exactMatch	ecotaxa_legacy:305	semapv:UnspecifiedMatching				
pzt:000408	skos:exactMatch	ncbi:497492	semapv:UnspecifiedMatching				
pzt:000408	skos:exactMatch	wikidata:Q4006610	semapv:UnspecifiedMatching				
pzt:000408	skos:exactMatch	worms:117221	semapv:UnspecifiedMatching				
pzt:000409	skos:exactMatch	bold:656308	semapv:UnspecifiedMatching				
pzt:000409	skos:exactMatch	ecotaxa_legacy:304	semapv:UnspecifiedMatching				
pzt:000409	skos:exactMatch	ncbi:497494	semapv:UnspecifiedMatching				
pzt:000409	skos:exactMatch	wikidata:Q1813829	semapv:UnspecifiedMatching				
pzt:000409	skos:exactMatch	worms:117865	semapv:UnspecifiedMatching				
pzt:000410	skos:exactMatch	bold:730939	semapv:UnspecifiedMatching				
pzt:000410	skos:exactMatch	ecotaxa_legacy:305	semapv:UnspecifiedMatching				
pzt:000410	skos:exactMatch	ncbi:1538290	semapv:UnspecifiedMatching				
pzt:000410	skos:exactMatch	wikidata:Q4012392	semapv:UnspecifiedMatching				
pzt:000410	skos:exactMatch	worms:117222	semapv:UnspecifiedMatching				
pzt:000411	skos:exactMatch	bold:25222	semapv:UnspecifiedMatching				
pzt:000411	skos:exactMatch	ecotaxa_legacy:308	semapv:UnspecifiedMatching				
pzt:000411	skos:exactMatch	ecotaxa_legacy:641	semapv:UnspecifiedMatching				
pzt:000411	skos:exactMatch	ncbi:6142	semapv:UnspecifiedMatching				
pzt:000411	skos:exactMatch	wikidata:Q272388	semapv:UnspecifiedMatching				
pzt:000411	skos:exactMatch	worms:135220	semapv:UnspecifiedMatching				
pzt:000412	skos:exactMatch	bold:249202	semapv:UnspecifiedMatching				
pzt:000412	skos:exactMatch	ecotaxa_legacy:308	semapv:UnspecifiedMatching				
pzt:000412	skos:exactMatch	ecotaxa_legacy:641	semapv:UnspecifiedMatching				
pzt:000412	skos:exactMatch	ncbi:86058	semapv:UnspecifiedMatching				
pzt:000412	skos:exactMatch	wikidata:Q277471	semapv:UnspecifiedMatching				
pzt:000412	skos:exactMatch	worms:851649	semapv:UnspecifiedMatching				
pzt:000414	skos:exactMatch	bold:516123	semapv:UnspecifiedMatching				
pzt:000414	skos:exactMatch	ecotaxa_legacy:669	semapv:UnspecifiedMatching				
pzt:000414	skos:exactMatch	ncbi:86042	semapv:UnspecifiedMatching				
pzt:000414	skos:exactMatch	wikidata:Q3378999	semapv:UnspecifiedMatching				
pzt:000414	skos:exactMatch	worms:135248	semapv:UnspecifiedMatching				
pzt:000415	skos:exactMatch	bold:25223	semapv:UnspecifiedMatching				
pzt:000415	skos:exactMatch	ecotaxa_legacy:308	semapv:UnspecifiedMatching				
pzt:000415	skos:exactMatch	ecotaxa_legacy:641	semapv:UnspecifiedMatching				
pzt:000415	skos:exactMatch	ncbi:37535	semapv:UnspecifiedMatching				
pzt:000415	skos:exactMatch	wikidata:Q838519	semapv:UnspecifiedMatching				
pzt:000415	skos:exactMatch	worms:135224	semapv:UnspecifiedMatching				
pzt:000416	skos:exactMatch	bold:26993	semapv:UnspecifiedMatching				
pzt:000416	skos:exactMatch	ecotaxa_legacy:308	semapv:UnspecifiedMatching				
pzt:000416	skos:exactMatch	ecotaxa_legacy:641	semapv:UnspecifiedMatching				
pzt:000416	skos:exactMatch	ncbi:6143	semapv:UnspecifiedMatching				
pzt:000416	skos:exactMatch	wikidata:Q908486	semapv:UnspecifiedMatching				
pzt:000416	skos:exactMatch	worms:135225	semapv:UnspecifiedMatching				
pzt:000417	skos:exactMatch	worms:1292	semapv:UnspecifiedMatching				
pzt:000420	skos:exactMatch	bold:381308	semapv:UnspecifiedMatching				
pzt:000420	skos:exactMatch	ecotaxa_legacy:456	semapv:UnspecifiedMatching				
pzt:000420	skos:exactMatch	ecotaxa_legacy:559	semapv:UnspecifiedMatching				
pzt:000420	skos:exactMatch	ncbi:37538	semapv:UnspecifiedMatching				
pzt:000420	skos:exactMatch	wikidata:Q496637	semapv:UnspecifiedMatching				
pzt:000420	skos:exactMatch	worms:1261	semapv:UnspecifiedMatching				
pzt:000422	skos:exactMatch	bold:381310	semapv:UnspecifiedMatching				
pzt:000422	skos:exactMatch	ecotaxa_legacy:456	semapv:UnspecifiedMatching				
pzt:000422	skos:exactMatch	ecotaxa_legacy:559	semapv:UnspecifiedMatching				
pzt:000422	skos:exactMatch	ncbi:10199	semapv:UnspecifiedMatching				
pzt:000422	skos:exactMatch	wikidata:Q3828178	semapv:UnspecifiedMatching				
pzt:000422	skos:exactMatch	worms:106331	semapv:UnspecifiedMatching				
pzt:000425	skos:exactMatch	bold:531794	semapv:UnspecifiedMatching				
pzt:000425	skos:exactMatch	ecotaxa_legacy:456	semapv:UnspecifiedMatching				
pzt:000425	skos:exactMatch	ecotaxa_legacy:559	semapv:UnspecifiedMatching				
pzt:000425	skos:exactMatch	ncbi:27920	semapv:UnspecifiedMatching				
pzt:000425	skos:exactMatch	wikidata:Q2947068	semapv:UnspecifiedMatching				
pzt:000425	skos:exactMatch	worms:106318	semapv:UnspecifiedMatching				
pzt:000426	skos:exactMatch	bold:249256	semapv:UnspecifiedMatching				
pzt:000426	skos:exactMatch	ecotaxa_legacy:456	semapv:UnspecifiedMatching				
pzt:000426	skos:exactMatch	ecotaxa_legacy:559	semapv:UnspecifiedMatching				
pzt:000426	skos:exactMatch	ncbi:50341	semapv:UnspecifiedMatching				
pzt:000426	skos:exactMatch	wikidata:Q151079	semapv:UnspecifiedMatching				
pzt:000426	skos:exactMatch	worms:1251	semapv:UnspecifiedMatching				
pzt:000427	skos:exactMatch	bold:381312	semapv:UnspecifiedMatching				
pzt:000427	skos:exactMatch	ecotaxa_legacy:456	semapv:UnspecifiedMatching				
pzt:000427	skos:exactMatch	ecotaxa_legacy:559	semapv:UnspecifiedMatching				
pzt:000427	skos:exactMatch	ncbi:27921	semapv:UnspecifiedMatching				
pzt:000427	skos:exactMatch	wikidata:Q149121	semapv:UnspecifiedMatching				
pzt:000427	skos:exactMatch	worms:1258	semapv:UnspecifiedMatching				
pzt:000428	skos:exactMatch	bold:4	semapv:UnspecifiedMatching				
pzt:000428	skos:exactMatch	ecotaxa_legacy:261	semapv:UnspecifiedMatching				
pzt:000428	skos:exactMatch	ecotaxa_legacy:638	semapv:UnspecifiedMatching				
pzt:000428	skos:exactMatch	ncbi:7586	semapv:UnspecifiedMatching				
pzt:000428	skos:exactMatch	wikidata:Q44631	semapv:UnspecifiedMatching				
pzt:000428	skos:exactMatch	worms:1806	semapv:UnspecifiedMatching				
pzt:000429	skos:exactMatch	bold:30	semapv:UnspecifiedMatching				
pzt:000429	skos:exactMatch	ecotaxa_legacy:290	semapv:UnspecifiedMatching				
pzt:000429	skos:exactMatch	ncbi:7588	semapv:UnspecifiedMatching				
pzt:000429	skos:exactMatch	wikidata:Q25349	semapv:UnspecifiedMatching				
pzt:000429	skos:exactMatch	worms:123080	semapv:UnspecifiedMatching				
pzt:000431	skos:exactMatch	bold:24752	semapv:UnspecifiedMatching				
pzt:000431	skos:exactMatch	ecotaxa_legacy:290	semapv:UnspecifiedMatching				
pzt:000431	skos:exactMatch	ncbi:60582	semapv:UnspecifiedMatching				
pzt:000431	skos:exactMatch	wikidata:Q3266368	semapv:UnspecifiedMatching				
pzt:000431	skos:exactMatch	worms:123129	semapv:UnspecifiedMatching				
pzt:000432	skos:exactMatch	bold:33	semapv:UnspecifiedMatching				
pzt:000432	skos:exactMatch	ecotaxa_legacy:261	semapv:UnspecifiedMatching				
pzt:000432	skos:exactMatch	ecotaxa_legacy:638	semapv:UnspecifiedMatching				
pzt:000432	skos:exactMatch	ncbi:35069	semapv:UnspecifiedMatching				
pzt:000432	skos:exactMatch	wikidata:Q33666	semapv:UnspecifiedMatching				
pzt:000432	skos:exactMatch	worms:123081	semapv:UnspecifiedMatching				
pzt:000433	skos:exactMatch	bold:29	semapv:UnspecifiedMatching				
pzt:000433	skos:exactMatch	ecotaxa_legacy:260	semapv:UnspecifiedMatching				
pzt:000433	skos:exactMatch	ncbi:7625	semapv:UnspecifiedMatching				
pzt:000433	skos:exactMatch	wikidata:Q83483	semapv:UnspecifiedMatching				
pzt:000433	skos:exactMatch	worms:123082	semapv:UnspecifiedMatching				
pzt:000434	skos:exactMatch	bold:31	semapv:UnspecifiedMatching				
pzt:000434	skos:exactMatch	ecotaxa_legacy:291	semapv:UnspecifiedMatching				
pzt:000434	skos:exactMatch	ncbi:7705	semapv:UnspecifiedMatching				
pzt:000434	skos:exactMatch	wikidata:Q127470	semapv:UnspecifiedMatching				
pzt:000434	skos:exactMatch	worms:123083	semapv:UnspecifiedMatching				
pzt:000435	skos:exactMatch	bold:32	semapv:UnspecifiedMatching				
pzt:000435	skos:exactMatch	ecotaxa_legacy:267	semapv:UnspecifiedMatching				
pzt:000435	skos:exactMatch	ncbi:7618	semapv:UnspecifiedMatching				
pzt:000435	skos:exactMatch	wikidata:Q59256	semapv:UnspecifiedMatching				
pzt:000435	skos:exactMatch	worms:123084	semapv:UnspecifiedMatching				
pzt:000437	skos:exactMatch	bold:89	semapv:UnspecifiedMatching				
pzt:000437	skos:exactMatch	ncbi:10220	semapv:UnspecifiedMatching				
pzt:000437	skos:exactMatch	wikidata:Q589697	semapv:UnspecifiedMatching				
pzt:000437	skos:exactMatch	worms:1820	semapv:UnspecifiedMatching				
pzt:000438	skos:exactMatch	bold:23	semapv:UnspecifiedMatching				
pzt:000438	skos:exactMatch	ncbi:6447	semapv:UnspecifiedMatching				
pzt:000438	skos:exactMatch	wikidata:Q25326	semapv:UnspecifiedMatching				
pzt:000438	skos:exactMatch	worms:51	semapv:UnspecifiedMatching				
pzt:000439	skos:exactMatch	bold:70	semapv:UnspecifiedMatching				
pzt:000439	skos:exactMatch	ecotaxa_legacy:112	semapv:UnspecifiedMatching				
pzt:000439	skos:exactMatch	ncbi:6544	semapv:UnspecifiedMatching				
pzt:000439	skos:exactMatch	wikidata:Q25368	semapv:UnspecifiedMatching				
pzt:000439	skos:exactMatch	worms:105	semapv:UnspecifiedMatching				
pzt:000442	skos:broadMatch	ncbi:6544	semapv:LogicalReasoning				
pzt:000442	skos:broadMatch	worms:105	semapv:LogicalReasoning				
pzt:000442	skos:exactMatch	bold:144	semapv:UnspecifiedMatching				
pzt:000442	skos:exactMatch	ecotaxa_legacy:112	semapv:UnspecifiedMatching				
pzt:000442	skos:exactMatch	wikidata:Q105063205	semapv:UnspecifiedMatching				
pzt:000443	skos:exactMatch	bold:24	semapv:UnspecifiedMatching				
pzt:000443	skos:exactMatch	ecotaxa_legacy:110	semapv:UnspecifiedMatching				
pzt:000443	skos:exactMatch	ecotaxa_legacy:590	semapv:UnspecifiedMatching				
pzt:000443	skos:exactMatch	ncbi:6605	semapv:UnspecifiedMatching				
pzt:000443	skos:exactMatch	wikidata:Q128257	semapv:UnspecifiedMatching				
pzt:000443	skos:exactMatch	worms:11707	semapv:UnspecifiedMatching				
pzt:000444	skos:exactMatch	bold:92	semapv:UnspecifiedMatching				
pzt:000444	skos:exactMatch	ecotaxa_legacy:111	semapv:UnspecifiedMatching				
pzt:000444	skos:exactMatch	ncbi:6448	semapv:UnspecifiedMatching				
pzt:000444	skos:exactMatch	wikidata:Q4867740	semapv:UnspecifiedMatching				
pzt:000444	skos:exactMatch	worms:101	semapv:UnspecifiedMatching				
pzt:000445	skos:exactMatch	bold:208508	semapv:UnspecifiedMatching				
pzt:000445	skos:exactMatch	ecotaxa_legacy:111	semapv:UnspecifiedMatching				
pzt:000445	skos:exactMatch	ncbi:216294	semapv:UnspecifiedMatching				
pzt:000445	skos:exactMatch	wikidata:Q1187122	semapv:UnspecifiedMatching				
pzt:000445	skos:exactMatch	worms:382213	semapv:UnspecifiedMatching				
pzt:000446	skos:exactMatch	bold:85053	semapv:UnspecifiedMatching				
pzt:000446	skos:exactMatch	ecotaxa_legacy:156	semapv:UnspecifiedMatching				
pzt:000446	skos:exactMatch	ncbi:649145	semapv:UnspecifiedMatching				
pzt:000446	skos:exactMatch	wikidata:Q756491	semapv:UnspecifiedMatching				
pzt:000446	skos:exactMatch	worms:22990	semapv:UnspecifiedMatching				
pzt:000448	skos:exactMatch	worms:138009	semapv:UnspecifiedMatching				
pzt:000449	skos:exactMatch	bold:84976	semapv:UnspecifiedMatching				
pzt:000449	skos:exactMatch	ecotaxa_legacy:111	semapv:UnspecifiedMatching				
pzt:000449	skos:exactMatch	ncbi:70849	semapv:UnspecifiedMatching				
pzt:000449	skos:exactMatch	wikidata:Q733595	semapv:UnspecifiedMatching				
pzt:000449	skos:exactMatch	worms:1762	semapv:UnspecifiedMatching				
pzt:000450	skos:exactMatch	bold:854079	semapv:UnspecifiedMatching				
pzt:000450	skos:exactMatch	ecotaxa_legacy:268	semapv:UnspecifiedMatching				
pzt:000450	skos:exactMatch	ncbi:977783	semapv:UnspecifiedMatching				
pzt:000450	skos:exactMatch	wikidata:Q1031983	semapv:UnspecifiedMatching				
pzt:000450	skos:exactMatch	worms:325345	semapv:UnspecifiedMatching				
pzt:000451	skos:exactMatch	bold:193217	semapv:UnspecifiedMatching				
pzt:000451	skos:exactMatch	ecotaxa_legacy:614	semapv:UnspecifiedMatching				
pzt:000451	skos:exactMatch	ncbi:216329	semapv:UnspecifiedMatching				
pzt:000451	skos:exactMatch	wikidata:Q3203064	semapv:UnspecifiedMatching				
pzt:000451	skos:exactMatch	worms:23000	semapv:UnspecifiedMatching				
pzt:000453	skos:exactMatch	bold:273428	semapv:UnspecifiedMatching				
pzt:000453	skos:exactMatch	ecotaxa_legacy:126	semapv:UnspecifiedMatching				
pzt:000453	skos:exactMatch	ecotaxa_legacy:621	semapv:UnspecifiedMatching				
pzt:000453	skos:exactMatch	ncbi:1323122	semapv:UnspecifiedMatching				
pzt:000453	skos:exactMatch	wikidata:Q3806263	semapv:UnspecifiedMatching				
pzt:000453	skos:exactMatch	worms:139029	semapv:UnspecifiedMatching				
pzt:000454	skos:exactMatch	worms:137754	semapv:UnspecifiedMatching				
pzt:000455	skos:exactMatch	worms:137755	semapv:UnspecifiedMatching				
pzt:000456	skos:exactMatch	worms:139045	semapv:UnspecifiedMatching				
pzt:000459	skos:exactMatch	bold:202265	semapv:UnspecifiedMatching				
pzt:000459	skos:exactMatch	ecotaxa_legacy:138	semapv:UnspecifiedMatching				
pzt:000459	skos:exactMatch	ncbi:356475	semapv:UnspecifiedMatching				
pzt:000459	skos:exactMatch	wikidata:Q3202847	semapv:UnspecifiedMatching				
pzt:000459	skos:exactMatch	worms:139033	semapv:UnspecifiedMatching				
pzt:000460	skos:exactMatch	bold:531899	semapv:UnspecifiedMatching				
pzt:000460	skos:exactMatch	ecotaxa_legacy:608	semapv:UnspecifiedMatching				
pzt:000460	skos:exactMatch	ncbi:356495	semapv:UnspecifiedMatching				
pzt:000460	skos:exactMatch	wikidata:Q18713366	semapv:UnspecifiedMatching				
pzt:000460	skos:exactMatch	worms:411905	semapv:UnspecifiedMatching				
pzt:000462	skos:exactMatch	bold:273416	semapv:UnspecifiedMatching				
pzt:000462	skos:exactMatch	ecotaxa_legacy:174	semapv:UnspecifiedMatching				
pzt:000462	skos:exactMatch	ecotaxa_legacy:618	semapv:UnspecifiedMatching				
pzt:000462	skos:exactMatch	ncbi:356499	semapv:UnspecifiedMatching				
pzt:000462	skos:exactMatch	wikidata:Q3804098	semapv:UnspecifiedMatching				
pzt:000462	skos:exactMatch	worms:139034	semapv:UnspecifiedMatching				
pzt:000463	skos:exactMatch	worms:139035	semapv:UnspecifiedMatching				
pzt:000466	skos:exactMatch	bold:1300495	semapv:UnspecifiedMatching				
pzt:000466	skos:exactMatch	ecotaxa_legacy:268	semapv:UnspecifiedMatching				
pzt:000466	skos:exactMatch	ncbi:3108434	semapv:UnspecifiedMatching				
pzt:000466	skos:exactMatch	wikidata:Q3796341	semapv:UnspecifiedMatching				
pzt:000466	skos:exactMatch	worms:139494	semapv:UnspecifiedMatching				
pzt:000467	skos:exactMatch	bold:1836	semapv:UnspecifiedMatching				
pzt:000467	skos:exactMatch	ecotaxa_legacy:123	semapv:UnspecifiedMatching				
pzt:000467	skos:exactMatch	ecotaxa_legacy:617	semapv:UnspecifiedMatching				
pzt:000467	skos:exactMatch	ncbi:220645	semapv:UnspecifiedMatching				
pzt:000467	skos:exactMatch	wikidata:Q6548854	semapv:UnspecifiedMatching				
pzt:000467	skos:exactMatch	worms:13704	semapv:UnspecifiedMatching				
pzt:000468	skos:exactMatch	bold:5946	semapv:UnspecifiedMatching				
pzt:000468	skos:exactMatch	ecotaxa_legacy:139	semapv:UnspecifiedMatching				
pzt:000468	skos:exactMatch	ncbi:220646	semapv:UnspecifiedMatching				
pzt:000468	skos:exactMatch	wikidata:Q3202503	semapv:UnspecifiedMatching				
pzt:000468	skos:exactMatch	worms:138122	semapv:UnspecifiedMatching				
pzt:000469	skos:exactMatch	bold:30719	semapv:UnspecifiedMatching				
pzt:000469	skos:exactMatch	ecotaxa_legacy:139	semapv:UnspecifiedMatching				
pzt:000469	skos:exactMatch	ncbi:220647	semapv:UnspecifiedMatching				
pzt:000469	skos:exactMatch	wikidata:Q3023651	semapv:UnspecifiedMatching				
pzt:000469	skos:exactMatch	worms:140223	semapv:UnspecifiedMatching				
pzt:000472	skos:exactMatch	bold:81653	semapv:UnspecifiedMatching				
pzt:000472	skos:exactMatch	ecotaxa_legacy:111	semapv:UnspecifiedMatching				
pzt:000472	skos:exactMatch	ncbi:160015	semapv:UnspecifiedMatching				
pzt:000472	skos:exactMatch	wikidata:Q14550957	semapv:UnspecifiedMatching				
pzt:000472	skos:exactMatch	worms:1761472	semapv:UnspecifiedMatching				
pzt:000475	skos:exactMatch	bold:5992	semapv:UnspecifiedMatching				
pzt:000475	skos:exactMatch	ecotaxa_legacy:111	semapv:UnspecifiedMatching				
pzt:000475	skos:exactMatch	ncbi:6534	semapv:UnspecifiedMatching				
pzt:000475	skos:exactMatch	wikidata:Q1937315	semapv:UnspecifiedMatching				
pzt:000475	skos:exactMatch	worms:153970	semapv:UnspecifiedMatching				
pzt:000476	skos:broadMatch	worms:153970	semapv:LogicalReasoning				
pzt:000476	skos:exactMatch	bold:28622	semapv:UnspecifiedMatching				
pzt:000476	skos:exactMatch	ecotaxa_legacy:111	semapv:UnspecifiedMatching				
pzt:000476	skos:exactMatch	ncbi:6535	semapv:UnspecifiedMatching				
pzt:000476	skos:exactMatch	wikidata:Q927080	semapv:UnspecifiedMatching				
pzt:000477	skos:broadMatch	bold:92	semapv:LogicalReasoning				
pzt:000477	skos:exactMatch	ecotaxa_legacy:111	semapv:UnspecifiedMatching				
pzt:000477	skos:exactMatch	ncbi:158030	semapv:UnspecifiedMatching				
pzt:000477	skos:exactMatch	wikidata:Q772011	semapv:UnspecifiedMatching				
pzt:000477	skos:exactMatch	worms:13703	semapv:UnspecifiedMatching				
pzt:000478	skos:exactMatch	bold:19	semapv:UnspecifiedMatching				
pzt:000478	skos:exactMatch	ncbi:6231	semapv:UnspecifiedMatching				
pzt:000478	skos:exactMatch	wikidata:Q5185	semapv:UnspecifiedMatching				
pzt:000478	skos:exactMatch	worms:799	semapv:UnspecifiedMatching				
pzt:000479	skos:exactMatch	bold:370374	semapv:UnspecifiedMatching				
pzt:000479	skos:exactMatch	ncbi:120557	semapv:UnspecifiedMatching				
pzt:000479	skos:exactMatch	wikidata:Q162907	semapv:UnspecifiedMatching				
pzt:000479	skos:exactMatch	worms:1789	semapv:UnspecifiedMatching				
pzt:000480	skos:exactMatch	bold:5	semapv:UnspecifiedMatching				
pzt:000480	skos:exactMatch	ncbi:6157	semapv:UnspecifiedMatching				
pzt:000480	skos:exactMatch	wikidata:Q124900	semapv:UnspecifiedMatching				
pzt:000480	skos:exactMatch	worms:793	semapv:UnspecifiedMatching				
pzt:000484	skos:exactMatch	bold:296197	semapv:UnspecifiedMatching				
pzt:000484	skos:exactMatch	ncbi:234078	semapv:UnspecifiedMatching				
pzt:000484	skos:exactMatch	wikidata:Q18592985	semapv:UnspecifiedMatching				
pzt:000484	skos:exactMatch	worms:391452	semapv:UnspecifiedMatching				
pzt:000485	skos:exactMatch	bold:24818	semapv:UnspecifiedMatching				
pzt:000485	skos:exactMatch	ncbi:6040	semapv:UnspecifiedMatching				
pzt:000485	skos:exactMatch	wikidata:Q18960	semapv:UnspecifiedMatching				
pzt:000485	skos:exactMatch	worms:558	semapv:UnspecifiedMatching				
pzt:000486	skos:exactMatch	bold:16	semapv:UnspecifiedMatching				
pzt:000486	skos:exactMatch	ncbi:10190	semapv:UnspecifiedMatching				
pzt:000486	skos:exactMatch	wikidata:Q180148	semapv:UnspecifiedMatching				
pzt:000486	skos:exactMatch	worms:14260	semapv:UnspecifiedMatching				
pzt:000489	skos:exactMatch	bold:79431	semapv:UnspecifiedMatching				
pzt:000489	skos:exactMatch	ncbi:104784	semapv:UnspecifiedMatching				
pzt:000489	skos:exactMatch	wikidata:Q4183609	semapv:UnspecifiedMatching				
pzt:000489	skos:exactMatch	worms:886238	semapv:UnspecifiedMatching				
pzt:000490	skos:exactMatch	bold:79434	semapv:UnspecifiedMatching				
pzt:000490	skos:exactMatch	ncbi:44580	semapv:UnspecifiedMatching				
pzt:000490	skos:exactMatch	wikidata:Q4167633	semapv:UnspecifiedMatching				
pzt:000490	skos:exactMatch	worms:134913	semapv:UnspecifiedMatching				
pzt:000491	skos:exactMatch	bold:105761	semapv:UnspecifiedMatching				
pzt:000491	skos:exactMatch	ncbi:392022	semapv:UnspecifiedMatching				
pzt:000491	skos:exactMatch	wikidata:Q4181177	semapv:UnspecifiedMatching				
pzt:000491	skos:exactMatch	worms:148363	semapv:UnspecifiedMatching				
pzt:000493	skos:exactMatch	bold:105758	semapv:UnspecifiedMatching				
pzt:000493	skos:exactMatch	ncbi:231625	semapv:UnspecifiedMatching				
pzt:000493	skos:exactMatch	wikidata:Q966275	semapv:UnspecifiedMatching				
pzt:000493	skos:exactMatch	worms:148368	semapv:UnspecifiedMatching				
pzt:000496	skos:exactMatch	bold:455466	semapv:UnspecifiedMatching				
pzt:000496	skos:exactMatch	ncbi:360644	semapv:UnspecifiedMatching				
pzt:000496	skos:exactMatch	wikidata:Q2146616	semapv:UnspecifiedMatching				
pzt:000496	skos:exactMatch	worms:134929	semapv:UnspecifiedMatching				
pzt:000499	skos:exactMatch	bold:938555	semapv:UnspecifiedMatching				
pzt:000499	skos:exactMatch	ncbi:1917124	semapv:UnspecifiedMatching				
pzt:000499	skos:exactMatch	wikidata:Q21349732	semapv:UnspecifiedMatching				
pzt:000500	skos:broadMatch	bold:938555	semapv:LogicalReasoning				
pzt:000500	skos:broadMatch	ncbi:1917124	semapv:LogicalReasoning				
pzt:000500	skos:broadMatch	wikidata:Q21349732	semapv:LogicalReasoning				
pzt:000501	skos:exactMatch	bold:281615	semapv:UnspecifiedMatching				
pzt:000501	skos:exactMatch	ncbi:360647	semapv:UnspecifiedMatching				
pzt:000501	skos:exactMatch	wikidata:Q4195327	semapv:UnspecifiedMatching				
pzt:000501	skos:exactMatch	worms:134930	semapv:UnspecifiedMatching				
pzt:000502	skos:broadMatch	bold:281615	semapv:LogicalReasoning				
pzt:000502	skos:broadMatch	ncbi:360647	semapv:LogicalReasoning				
pzt:000502	skos:broadMatch	wikidata:Q4195327	semapv:LogicalReasoning				
pzt:000502	skos:broadMatch	worms:134930	semapv:LogicalReasoning				
pzt:000503	skos:exactMatch	bold:212135	semapv:UnspecifiedMatching				
pzt:000503	skos:exactMatch	ncbi:104789	semapv:UnspecifiedMatching				
pzt:000503	skos:exactMatch	wikidata:Q4180196	semapv:UnspecifiedMatching				
pzt:000503	skos:exactMatch	worms:148333	semapv:UnspecifiedMatching				
pzt:000504	skos:exactMatch	bold:212136	semapv:UnspecifiedMatching				
pzt:000504	skos:exactMatch	ncbi:195508	semapv:UnspecifiedMatching				
pzt:000504	skos:exactMatch	wikidata:Q4179037	semapv:UnspecifiedMatching				
pzt:000506	skos:exactMatch	ncbi:1611854	semapv:UnspecifiedMatching				
pzt:000506	skos:exactMatch	wikidata:Q4195647	semapv:UnspecifiedMatching				
pzt:000508	skos:exactMatch	bold:281601	semapv:UnspecifiedMatching				
pzt:000508	skos:exactMatch	ncbi:1611851	semapv:UnspecifiedMatching				
pzt:000508	skos:exactMatch	wikidata:Q1616680	semapv:UnspecifiedMatching				
pzt:000508	skos:exactMatch	worms:134932	semapv:UnspecifiedMatching				
pzt:000510	skos:exactMatch	bold:292422	semapv:UnspecifiedMatching				
pzt:000510	skos:exactMatch	ncbi:2739615	semapv:UnspecifiedMatching				
pzt:000510	skos:exactMatch	wikidata:Q4182249	semapv:UnspecifiedMatching				
pzt:000510	skos:exactMatch	worms:134933	semapv:UnspecifiedMatching				
pzt:000511	skos:exactMatch	bold:595923	semapv:UnspecifiedMatching				
pzt:000511	skos:exactMatch	wikidata:Q4171220	semapv:UnspecifiedMatching				
pzt:000512	skos:exactMatch	bold:1122140	semapv:UnspecifiedMatching				
pzt:000512	skos:exactMatch	ncbi:2739616	semapv:UnspecifiedMatching				
pzt:000512	skos:exactMatch	wikidata:Q2412819	semapv:UnspecifiedMatching				
pzt:000512	skos:exactMatch	worms:134973	semapv:UnspecifiedMatching				
pzt:000513	skos:exactMatch	bold:212145	semapv:UnspecifiedMatching				
pzt:000513	skos:exactMatch	ncbi:525911	semapv:UnspecifiedMatching				
pzt:000513	skos:exactMatch	wikidata:Q4175797	semapv:UnspecifiedMatching				
pzt:000513	skos:exactMatch	worms:134934	semapv:UnspecifiedMatching				
pzt:000514	skos:exactMatch	wikidata:Q4176571	semapv:UnspecifiedMatching				
pzt:000515	skos:exactMatch	bold:212146	semapv:UnspecifiedMatching				
pzt:000515	skos:exactMatch	ncbi:525915	semapv:UnspecifiedMatching				
pzt:000515	skos:exactMatch	wikidata:Q2689410	semapv:UnspecifiedMatching				
pzt:000515	skos:exactMatch	worms:134975	semapv:UnspecifiedMatching				
pzt:000518	skos:exactMatch	bold:281623	semapv:UnspecifiedMatching				
pzt:000518	skos:exactMatch	ncbi:338287	semapv:UnspecifiedMatching				
pzt:000518	skos:exactMatch	wikidata:Q2912899	semapv:UnspecifiedMatching				
pzt:000518	skos:exactMatch	worms:134969	semapv:UnspecifiedMatching				
pzt:000520	skos:exactMatch	wikidata:Q21224185	semapv:UnspecifiedMatching				
pzt:000523	skos:exactMatch	bold:31555	semapv:UnspecifiedMatching				
pzt:000523	skos:exactMatch	ncbi:84396	semapv:UnspecifiedMatching				
pzt:000523	skos:exactMatch	wikidata:Q737675	semapv:UnspecifiedMatching				
pzt:000523	skos:exactMatch	worms:134935	semapv:UnspecifiedMatching				
pzt:000524	skos:broadMatch	bold:31555	semapv:LogicalReasoning				
pzt:000524	skos:broadMatch	ncbi:84396	semapv:LogicalReasoning				
pzt:000524	skos:broadMatch	wikidata:Q737675	semapv:LogicalReasoning				
pzt:000524	skos:broadMatch	worms:134935	semapv:LogicalReasoning				
pzt:000525	skos:broadMatch	bold:31555	semapv:LogicalReasoning				
pzt:000525	skos:broadMatch	ncbi:84396	semapv:LogicalReasoning				
pzt:000525	skos:broadMatch	wikidata:Q737675	semapv:LogicalReasoning				
pzt:000525	skos:broadMatch	worms:134935	semapv:LogicalReasoning				
pzt:000526	skos:exactMatch	bold:78967	semapv:UnspecifiedMatching				
pzt:000526	skos:exactMatch	ncbi:338267	semapv:UnspecifiedMatching				
pzt:000526	skos:exactMatch	wikidata:Q4168526	semapv:UnspecifiedMatching				
pzt:000528	skos:exactMatch	bold:342397	semapv:UnspecifiedMatching				
pzt:000528	skos:exactMatch	ncbi:885373	semapv:UnspecifiedMatching				
pzt:000528	skos:exactMatch	wikidata:Q4170667	semapv:UnspecifiedMatching				
pzt:000528	skos:exactMatch	worms:148362	semapv:UnspecifiedMatching				
pzt:000529	skos:exactMatch	bold:342398	semapv:UnspecifiedMatching				
pzt:000529	skos:exactMatch	ncbi:885374	semapv:UnspecifiedMatching				
pzt:000529	skos:exactMatch	wikidata:Q1873070	semapv:UnspecifiedMatching				
pzt:000529	skos:exactMatch	worms:148366	semapv:UnspecifiedMatching				
pzt:000530	skos:exactMatch	bold:24694	semapv:UnspecifiedMatching				
pzt:000530	skos:exactMatch	ncbi:10194	semapv:UnspecifiedMatching				
pzt:000530	skos:exactMatch	wikidata:Q3516967	semapv:UnspecifiedMatching				
pzt:000530	skos:exactMatch	worms:134937	semapv:UnspecifiedMatching				
pzt:000531	skos:broadMatch	bold:24694	semapv:LogicalReasoning				
pzt:000531	skos:broadMatch	ncbi:10194	semapv:LogicalReasoning				
pzt:000531	skos:broadMatch	wikidata:Q3516967	semapv:LogicalReasoning				
pzt:000531	skos:broadMatch	worms:134937	semapv:LogicalReasoning				
pzt:000532	skos:broadMatch	bold:24694	semapv:LogicalReasoning				
pzt:000532	skos:broadMatch	ncbi:10194	semapv:LogicalReasoning				
pzt:000532	skos:broadMatch	wikidata:Q3516967	semapv:LogicalReasoning				
pzt:000532	skos:broadMatch	worms:134937	semapv:LogicalReasoning				
pzt:000533	skos:broadMatch	bold:24694	semapv:LogicalReasoning				
pzt:000533	skos:broadMatch	ncbi:10194	semapv:LogicalReasoning				
pzt:000533	skos:broadMatch	wikidata:Q3516967	semapv:LogicalReasoning				
pzt:000533	skos:broadMatch	worms:134937	semapv:LogicalReasoning				
pzt:000534	skos:broadMatch	bold:24694	semapv:LogicalReasoning				
pzt:000534	skos:broadMatch	ncbi:10194	semapv:LogicalReasoning				
pzt:000534	skos:broadMatch	wikidata:Q3516967	semapv:LogicalReasoning				
pzt:000534	skos:broadMatch	worms:134937	semapv:LogicalReasoning				
pzt:000535	skos:broadMatch	bold:24694	semapv:LogicalReasoning				
pzt:000535	skos:broadMatch	ncbi:10194	semapv:LogicalReasoning				
pzt:000535	skos:broadMatch	wikidata:Q3516967	semapv:LogicalReasoning				
pzt:000535	skos:broadMatch	worms:134937	semapv:LogicalReasoning				
pzt:000536	skos:broadMatch	bold:24694	semapv:LogicalReasoning				
pzt:000536	skos:broadMatch	ncbi:10194	semapv:LogicalReasoning				
pzt:000536	skos:broadMatch	wikidata:Q3516967	semapv:LogicalReasoning				
pzt:000536	skos:broadMatch	worms:134937	semapv:LogicalReasoning				
pzt:000537	skos:broadMatch	bold:24694	semapv:LogicalReasoning				
pzt:000537	skos:broadMatch	ncbi:10194	semapv:LogicalReasoning				
pzt:000537	skos:broadMatch	wikidata:Q3516967	semapv:LogicalReasoning				
pzt:000537	skos:broadMatch	worms:134937	semapv:LogicalReasoning				
pzt:000538	skos:broadMatch	bold:24694	semapv:LogicalReasoning				
pzt:000538	skos:broadMatch	ncbi:10194	semapv:LogicalReasoning				
pzt:000538	skos:broadMatch	wikidata:Q3516967	semapv:LogicalReasoning				
pzt:000538	skos:broadMatch	worms:134937	semapv:LogicalReasoning				
pzt:000539	skos:broadMatch	bold:24694	semapv:LogicalReasoning				
pzt:000539	skos:broadMatch	ncbi:10194	semapv:LogicalReasoning				
pzt:000539	skos:broadMatch	wikidata:Q3516967	semapv:LogicalReasoning				
pzt:000539	skos:broadMatch	worms:134937	semapv:LogicalReasoning				
pzt:000540	skos:broadMatch	bold:24694	semapv:LogicalReasoning				
pzt:000540	skos:broadMatch	ncbi:10194	semapv:LogicalReasoning				
pzt:000540	skos:broadMatch	wikidata:Q3516967	semapv:LogicalReasoning				
pzt:000540	skos:broadMatch	worms:134937	semapv:LogicalReasoning				
pzt:000541	skos:broadMatch	bold:24694	semapv:LogicalReasoning				
pzt:000541	skos:broadMatch	ncbi:10194	semapv:LogicalReasoning				
pzt:000541	skos:broadMatch	wikidata:Q3516967	semapv:LogicalReasoning				
pzt:000541	skos:broadMatch	worms:134937	semapv:LogicalReasoning				
pzt:000542	skos:broadMatch	bold:24694	semapv:LogicalReasoning				
pzt:000542	skos:broadMatch	ncbi:10194	semapv:LogicalReasoning				
pzt:000542	skos:broadMatch	wikidata:Q3516967	semapv:LogicalReasoning				
pzt:000542	skos:broadMatch	worms:134937	semapv:LogicalReasoning				
pzt:000543	skos:exactMatch	bold:284195	semapv:UnspecifiedMatching				
pzt:000543	skos:exactMatch	ncbi:1213226	semapv:UnspecifiedMatching				
pzt:000543	skos:exactMatch	wikidata:Q1738282	semapv:UnspecifiedMatching				
pzt:000543	skos:exactMatch	worms:134940	semapv:UnspecifiedMatching				
pzt:000544	skos:broadMatch	bold:284195	semapv:LogicalReasoning				
pzt:000544	skos:broadMatch	ncbi:1213226	semapv:LogicalReasoning				
pzt:000544	skos:broadMatch	wikidata:Q1738282	semapv:LogicalReasoning				
pzt:000544	skos:broadMatch	worms:134940	semapv:LogicalReasoning				
pzt:000545	skos:broadMatch	bold:284195	semapv:LogicalReasoning				
pzt:000545	skos:broadMatch	ncbi:1213226	semapv:LogicalReasoning				
pzt:000545	skos:broadMatch	wikidata:Q1738282	semapv:LogicalReasoning				
pzt:000545	skos:broadMatch	worms:134940	semapv:LogicalReasoning				
pzt:000546	skos:exactMatch	bold:31549	semapv:UnspecifiedMatching				
pzt:000546	skos:exactMatch	ncbi:204737	semapv:UnspecifiedMatching				
pzt:000546	skos:exactMatch	wikidata:Q1739183	semapv:UnspecifiedMatching				
pzt:000546	skos:exactMatch	worms:134941	semapv:UnspecifiedMatching				
pzt:000547	skos:exactMatch	bold:31550	semapv:UnspecifiedMatching				
pzt:000547	skos:exactMatch	ncbi:204738	semapv:UnspecifiedMatching				
pzt:000547	skos:exactMatch	wikidata:Q150192	semapv:UnspecifiedMatching				
pzt:000547	skos:exactMatch	worms:134990	semapv:UnspecifiedMatching				
pzt:000548	skos:exactMatch	bold:31552	semapv:UnspecifiedMatching				
pzt:000548	skos:exactMatch	ncbi:204742	semapv:UnspecifiedMatching				
pzt:000548	skos:exactMatch	wikidata:Q2683607	semapv:UnspecifiedMatching				
pzt:000548	skos:exactMatch	worms:134992	semapv:UnspecifiedMatching				
pzt:000550	skos:exactMatch	wikidata:Q1885483	semapv:UnspecifiedMatching				
pzt:000550	skos:exactMatch	worms:134997	semapv:UnspecifiedMatching				
pzt:000552	skos:exactMatch	wikidata:Q49627729	semapv:UnspecifiedMatching				
pzt:000553	skos:exactMatch	bold:284127	semapv:UnspecifiedMatching				
pzt:000553	skos:exactMatch	ncbi:360688	semapv:UnspecifiedMatching				
pzt:000553	skos:exactMatch	wikidata:Q2449822	semapv:UnspecifiedMatching				
pzt:000553	skos:exactMatch	worms:148358	semapv:UnspecifiedMatching				
pzt:000555	skos:exactMatch	bold:396077	semapv:UnspecifiedMatching				
pzt:000555	skos:exactMatch	ncbi:360658	semapv:UnspecifiedMatching				
pzt:000555	skos:exactMatch	wikidata:Q4169857	semapv:UnspecifiedMatching				
pzt:000555	skos:exactMatch	worms:368545	semapv:UnspecifiedMatching				
pzt:000556	skos:broadMatch	bold:396077	semapv:LogicalReasoning				
pzt:000556	skos:broadMatch	ncbi:360658	semapv:LogicalReasoning				
pzt:000556	skos:broadMatch	wikidata:Q4169857	semapv:LogicalReasoning				
pzt:000556	skos:broadMatch	worms:368545	semapv:LogicalReasoning				
pzt:000557	skos:exactMatch	bold:1073779	semapv:UnspecifiedMatching				
pzt:000557	skos:exactMatch	ncbi:360660	semapv:UnspecifiedMatching				
pzt:000557	skos:exactMatch	wikidata:Q4175006	semapv:UnspecifiedMatching				
pzt:000557	skos:exactMatch	worms:134949	semapv:UnspecifiedMatching				
pzt:000559	skos:exactMatch	bold:281603	semapv:UnspecifiedMatching				
pzt:000559	skos:exactMatch	ncbi:338912	semapv:UnspecifiedMatching				
pzt:000559	skos:exactMatch	wikidata:Q4185791	semapv:UnspecifiedMatching				
pzt:000559	skos:exactMatch	worms:148361	semapv:UnspecifiedMatching				
pzt:000562	skos:exactMatch	bold:284168	semapv:UnspecifiedMatching				
pzt:000562	skos:exactMatch	ncbi:2566696	semapv:UnspecifiedMatching				
pzt:000562	skos:exactMatch	wikidata:Q5385942	semapv:UnspecifiedMatching				
pzt:000563	skos:exactMatch	bold:78969	semapv:UnspecifiedMatching				
pzt:000563	skos:exactMatch	ncbi:231619	semapv:UnspecifiedMatching				
pzt:000563	skos:exactMatch	wikidata:Q5385729	semapv:UnspecifiedMatching				
pzt:000563	skos:exactMatch	worms:134939	semapv:UnspecifiedMatching				
pzt:000564	skos:exactMatch	bold:514412	semapv:UnspecifiedMatching				
pzt:000564	skos:exactMatch	wikidata:Q4173288	semapv:UnspecifiedMatching				
pzt:000568	skos:exactMatch	bold:292420	semapv:UnspecifiedMatching				
pzt:000568	skos:exactMatch	ncbi:360654	semapv:UnspecifiedMatching				
pzt:000568	skos:exactMatch	wikidata:Q4191485	semapv:UnspecifiedMatching				
pzt:000568	skos:exactMatch	worms:134951	semapv:UnspecifiedMatching				
pzt:000570	skos:exactMatch	bold:990704	semapv:UnspecifiedMatching				
pzt:000570	skos:exactMatch	ncbi:1917129	semapv:UnspecifiedMatching				
pzt:000570	skos:exactMatch	wikidata:Q2227389	semapv:UnspecifiedMatching				
pzt:000571	skos:exactMatch	bold:271797	semapv:UnspecifiedMatching				
pzt:000571	skos:exactMatch	ncbi:96444	semapv:UnspecifiedMatching				
pzt:000571	skos:exactMatch	wikidata:Q18542221	semapv:UnspecifiedMatching				
pzt:000571	skos:exactMatch	worms:134921	semapv:UnspecifiedMatching				
pzt:000572	skos:exactMatch	bold:271798	semapv:UnspecifiedMatching				
pzt:000572	skos:exactMatch	ncbi:96445	semapv:UnspecifiedMatching				
pzt:000572	skos:exactMatch	wikidata:Q4189916	semapv:UnspecifiedMatching				
pzt:000572	skos:exactMatch	worms:134952	semapv:UnspecifiedMatching				
pzt:000573	skos:exactMatch	bold:271799	semapv:UnspecifiedMatching				
pzt:000573	skos:exactMatch	ncbi:1213206	semapv:UnspecifiedMatching				
pzt:000573	skos:exactMatch	wikidata:Q4172405	semapv:UnspecifiedMatching				
pzt:000573	skos:exactMatch	worms:954375	semapv:UnspecifiedMatching				
pzt:000574	skos:exactMatch	bold:595915	semapv:UnspecifiedMatching				
pzt:000574	skos:exactMatch	wikidata:Q4169618	semapv:UnspecifiedMatching				
pzt:000574	skos:exactMatch	worms:1390791	semapv:UnspecifiedMatching				
pzt:000575	skos:exactMatch	bold:284188	semapv:UnspecifiedMatching				
pzt:000575	skos:exactMatch	ncbi:1213209	semapv:UnspecifiedMatching				
pzt:000575	skos:exactMatch	wikidata:Q4185357	semapv:UnspecifiedMatching				
pzt:000576	skos:exactMatch	wikidata:Q4177629	semapv:UnspecifiedMatching				
pzt:000577	skos:exactMatch	wikidata:Q4179997	semapv:UnspecifiedMatching				
pzt:000578	skos:exactMatch	wikidata:Q4170636	semapv:UnspecifiedMatching				
pzt:000578	skos:exactMatch	worms:1390792	semapv:UnspecifiedMatching				
pzt:000579	skos:exactMatch	bold:284130	semapv:UnspecifiedMatching				
pzt:000579	skos:exactMatch	ncbi:360664	semapv:UnspecifiedMatching				
pzt:000579	skos:exactMatch	wikidata:Q4188464	semapv:UnspecifiedMatching				
pzt:000580	skos:exactMatch	bold:284143	semapv:UnspecifiedMatching				
pzt:000580	skos:exactMatch	ncbi:491807	semapv:UnspecifiedMatching				
pzt:000580	skos:exactMatch	wikidata:Q2674559	semapv:UnspecifiedMatching				
pzt:000580	skos:exactMatch	worms:148332	semapv:UnspecifiedMatching				
pzt:000581	skos:exactMatch	ncbi:2803826	semapv:UnspecifiedMatching				
pzt:000581	skos:exactMatch	wikidata:Q1967058	semapv:UnspecifiedMatching				
pzt:000581	skos:exactMatch	worms:148331	semapv:UnspecifiedMatching				
pzt:000582	skos:exactMatch	bold:284125	semapv:UnspecifiedMatching				
pzt:000582	skos:exactMatch	ncbi:1213213	semapv:UnspecifiedMatching				
pzt:000582	skos:exactMatch	wikidata:Q4169991	semapv:UnspecifiedMatching				
pzt:000582	skos:exactMatch	worms:954376	semapv:UnspecifiedMatching				
pzt:000583	skos:exactMatch	wikidata:Q4193893	semapv:UnspecifiedMatching				
pzt:000584	skos:exactMatch	bold:284159	semapv:UnspecifiedMatching				
pzt:000584	skos:exactMatch	ncbi:1611840	semapv:UnspecifiedMatching				
pzt:000584	skos:exactMatch	wikidata:Q4195280	semapv:UnspecifiedMatching				
pzt:000585	skos:exactMatch	ncbi:145460	semapv:UnspecifiedMatching				
pzt:000585	skos:exactMatch	wikidata:Q21229661	semapv:UnspecifiedMatching				
pzt:000586	skos:broadMatch	ncbi:145460	semapv:LogicalReasoning				
pzt:000586	skos:broadMatch	wikidata:Q21229661	semapv:LogicalReasoning				
pzt:000587	skos:exactMatch	wikidata:Q49442546	semapv:UnspecifiedMatching				
pzt:000588	skos:broadMatch	ncbi:145460	semapv:LogicalReasoning				
pzt:000588	skos:broadMatch	wikidata:Q21229661	semapv:LogicalReasoning				
pzt:000589	skos:broadMatch	ncbi:145460	semapv:LogicalReasoning				
pzt:000589	skos:broadMatch	wikidata:Q21229661	semapv:LogicalReasoning				
pzt:000590	skos:broadMatch	ncbi:145460	semapv:LogicalReasoning				
pzt:000590	skos:broadMatch	wikidata:Q21229661	semapv:LogicalReasoning				
pzt:000592	skos:broadMatch	ncbi:145460	semapv:LogicalReasoning				
pzt:000592	skos:broadMatch	wikidata:Q21229661	semapv:LogicalReasoning				
pzt:000593	skos:broadMatch	ncbi:145460	semapv:LogicalReasoning				
pzt:000593	skos:broadMatch	wikidata:Q21229661	semapv:LogicalReasoning				
pzt:000594	skos:broadMatch	ncbi:145460	semapv:LogicalReasoning				
pzt:000594	skos:broadMatch	wikidata:Q21229661	semapv:LogicalReasoning				
pzt:000596	skos:exactMatch	bold:284133	semapv:UnspecifiedMatching				
pzt:000596	skos:exactMatch	ncbi:1926390	semapv:UnspecifiedMatching				
pzt:000596	skos:exactMatch	wikidata:Q4183192	semapv:UnspecifiedMatching				
pzt:000596	skos:exactMatch	worms:134938	semapv:UnspecifiedMatching				
pzt:000597	skos:exactMatch	bold:284140	semapv:UnspecifiedMatching				
pzt:000597	skos:exactMatch	ncbi:231621	semapv:UnspecifiedMatching				
pzt:000597	skos:exactMatch	wikidata:Q4181545	semapv:UnspecifiedMatching				
pzt:000597	skos:exactMatch	worms:134942	semapv:UnspecifiedMatching				
pzt:000598	skos:exactMatch	bold:342396	semapv:UnspecifiedMatching				
pzt:000598	skos:exactMatch	wikidata:Q2972176	semapv:UnspecifiedMatching				
pzt:000598	skos:exactMatch	worms:148318	semapv:UnspecifiedMatching				
pzt:000599	skos:exactMatch	wikidata:Q10557208	semapv:UnspecifiedMatching				
pzt:000600	skos:exactMatch	bold:596417	semapv:UnspecifiedMatching				
pzt:000600	skos:exactMatch	ncbi:1213217	semapv:UnspecifiedMatching				
pzt:000600	skos:exactMatch	wikidata:Q2366077	semapv:UnspecifiedMatching				
pzt:000600	skos:exactMatch	worms:148317	semapv:UnspecifiedMatching				
pzt:000601	skos:exactMatch	bold:284141	semapv:UnspecifiedMatching				
pzt:000601	skos:exactMatch	ncbi:231622	semapv:UnspecifiedMatching				
pzt:000601	skos:exactMatch	wikidata:Q2121037	semapv:UnspecifiedMatching				
pzt:000601	skos:exactMatch	worms:148316	semapv:UnspecifiedMatching				
pzt:000603	skos:exactMatch	bold:212150	semapv:UnspecifiedMatching				
pzt:000603	skos:exactMatch	ncbi:360680	semapv:UnspecifiedMatching				
pzt:000603	skos:exactMatch	wikidata:Q4195797	semapv:UnspecifiedMatching				
pzt:000603	skos:exactMatch	worms:134943	semapv:UnspecifiedMatching				
pzt:000604	skos:exactMatch	wikidata:Q5387223	semapv:UnspecifiedMatching				
pzt:000605	skos:exactMatch	ncbi:2739567	semapv:UnspecifiedMatching				
pzt:000605	skos:exactMatch	wikidata:Q4180274	semapv:UnspecifiedMatching				
pzt:000606	skos:exactMatch	bold:212151	semapv:UnspecifiedMatching				
pzt:000606	skos:exactMatch	ncbi:360682	semapv:UnspecifiedMatching				
pzt:000606	skos:exactMatch	wikidata:Q4182850	semapv:UnspecifiedMatching				
pzt:000607	skos:exactMatch	bold:78964	semapv:UnspecifiedMatching				
pzt:000607	skos:exactMatch	ncbi:47119	semapv:UnspecifiedMatching				
pzt:000607	skos:exactMatch	wikidata:Q4181383	semapv:UnspecifiedMatching				
pzt:000607	skos:exactMatch	worms:134923	semapv:UnspecifiedMatching				
pzt:000608	skos:exactMatch	bold:400831	semapv:UnspecifiedMatching				
pzt:000608	skos:exactMatch	ncbi:231615	semapv:UnspecifiedMatching				
pzt:000608	skos:exactMatch	wikidata:Q1054536	semapv:UnspecifiedMatching				
pzt:000608	skos:exactMatch	worms:134955	semapv:UnspecifiedMatching				
pzt:000609	skos:exactMatch	bold:514416	semapv:UnspecifiedMatching				
pzt:000609	skos:exactMatch	ncbi:47120	semapv:UnspecifiedMatching				
pzt:000609	skos:exactMatch	wikidata:Q5388604	semapv:UnspecifiedMatching				
pzt:000609	skos:exactMatch	worms:148364	semapv:UnspecifiedMatching				
pzt:000612	skos:exactMatch	ncbi:360701	semapv:UnspecifiedMatching				
pzt:000612	skos:exactMatch	wikidata:Q4168651	semapv:UnspecifiedMatching				
pzt:000612	skos:exactMatch	worms:954381	semapv:UnspecifiedMatching				
pzt:000614	skos:exactMatch	bold:990702	semapv:UnspecifiedMatching				
pzt:000614	skos:exactMatch	ncbi:360689	semapv:UnspecifiedMatching				
pzt:000614	skos:exactMatch	wikidata:Q4173259	semapv:UnspecifiedMatching				
pzt:000614	skos:exactMatch	worms:134956	semapv:UnspecifiedMatching				
pzt:000615	skos:exactMatch	bold:1001594	semapv:UnspecifiedMatching				
pzt:000615	skos:exactMatch	ncbi:360690	semapv:UnspecifiedMatching				
pzt:000615	skos:exactMatch	wikidata:Q2455893	semapv:UnspecifiedMatching				
pzt:000615	skos:exactMatch	worms:135040	semapv:UnspecifiedMatching				
pzt:000616	skos:exactMatch	bold:990703	semapv:UnspecifiedMatching				
pzt:000616	skos:exactMatch	wikidata:Q4180357	semapv:UnspecifiedMatching				
pzt:000617	skos:exactMatch	bold:1122136	semapv:UnspecifiedMatching				
pzt:000617	skos:exactMatch	ncbi:2851073	semapv:UnspecifiedMatching				
pzt:000617	skos:exactMatch	wikidata:Q2271481	semapv:UnspecifiedMatching				
pzt:000617	skos:exactMatch	worms:135041	semapv:UnspecifiedMatching				
pzt:000618	skos:exactMatch	bold:1314672	semapv:UnspecifiedMatching				
pzt:000618	skos:exactMatch	ncbi:3024083	semapv:UnspecifiedMatching				
pzt:000618	skos:exactMatch	wikidata:Q2102727	semapv:UnspecifiedMatching				
pzt:000618	skos:exactMatch	worms:134957	semapv:UnspecifiedMatching				
pzt:000619	skos:broadMatch	bold:1314672	semapv:LogicalReasoning				
pzt:000619	skos:broadMatch	ncbi:3024083	semapv:LogicalReasoning				
pzt:000619	skos:broadMatch	wikidata:Q2102727	semapv:LogicalReasoning				
pzt:000619	skos:broadMatch	worms:134957	semapv:LogicalReasoning				
pzt:000620	skos:broadMatch	bold:1314672	semapv:LogicalReasoning				
pzt:000620	skos:broadMatch	ncbi:3024083	semapv:LogicalReasoning				
pzt:000620	skos:broadMatch	wikidata:Q2102727	semapv:LogicalReasoning				
pzt:000620	skos:broadMatch	worms:134957	semapv:LogicalReasoning				
pzt:000621	skos:broadMatch	bold:1314672	semapv:LogicalReasoning				
pzt:000621	skos:broadMatch	ncbi:3024083	semapv:LogicalReasoning				
pzt:000621	skos:broadMatch	wikidata:Q2102727	semapv:LogicalReasoning				
pzt:000621	skos:broadMatch	worms:134957	semapv:LogicalReasoning				
pzt:000622	skos:exactMatch	bold:31546	semapv:UnspecifiedMatching				
pzt:000622	skos:exactMatch	ncbi:204744	semapv:UnspecifiedMatching				
pzt:000622	skos:exactMatch	wikidata:Q1254189	semapv:UnspecifiedMatching				
pzt:000622	skos:exactMatch	worms:134958	semapv:UnspecifiedMatching				
pzt:000623	skos:broadMatch	bold:31546	semapv:LogicalReasoning				
pzt:000623	skos:broadMatch	ncbi:204744	semapv:LogicalReasoning				
pzt:000623	skos:broadMatch	wikidata:Q1254189	semapv:LogicalReasoning				
pzt:000623	skos:broadMatch	worms:134958	semapv:LogicalReasoning				
pzt:000624	skos:broadMatch	bold:31546	semapv:LogicalReasoning				
pzt:000624	skos:broadMatch	ncbi:204744	semapv:LogicalReasoning				
pzt:000624	skos:broadMatch	wikidata:Q1254189	semapv:LogicalReasoning				
pzt:000624	skos:broadMatch	worms:134958	semapv:LogicalReasoning				
pzt:000625	skos:broadMatch	bold:31546	semapv:LogicalReasoning				
pzt:000625	skos:broadMatch	ncbi:204744	semapv:LogicalReasoning				
pzt:000625	skos:broadMatch	wikidata:Q1254189	semapv:LogicalReasoning				
pzt:000625	skos:broadMatch	worms:134958	semapv:LogicalReasoning				
pzt:000632	skos:exactMatch	bold:281611	semapv:UnspecifiedMatching				
pzt:000632	skos:exactMatch	ncbi:360703	semapv:UnspecifiedMatching				
pzt:000632	skos:exactMatch	wikidata:Q2452640	semapv:UnspecifiedMatching				
pzt:000632	skos:exactMatch	worms:134959	semapv:UnspecifiedMatching				
pzt:000633	skos:broadMatch	bold:281611	semapv:LogicalReasoning				
pzt:000633	skos:broadMatch	ncbi:360703	semapv:LogicalReasoning				
pzt:000633	skos:broadMatch	wikidata:Q2452640	semapv:LogicalReasoning				
pzt:000633	skos:broadMatch	worms:134959	semapv:LogicalReasoning				
pzt:000634	skos:broadMatch	bold:281611	semapv:LogicalReasoning				
pzt:000634	skos:broadMatch	ncbi:360703	semapv:LogicalReasoning				
pzt:000634	skos:broadMatch	wikidata:Q2452640	semapv:LogicalReasoning				
pzt:000634	skos:broadMatch	worms:134959	semapv:LogicalReasoning				
pzt:000635	skos:broadMatch	bold:281611	semapv:LogicalReasoning				
pzt:000635	skos:broadMatch	ncbi:360703	semapv:LogicalReasoning				
pzt:000635	skos:broadMatch	wikidata:Q2452640	semapv:LogicalReasoning				
pzt:000635	skos:broadMatch	worms:134959	semapv:LogicalReasoning				
pzt:000636	skos:broadMatch	bold:281611	semapv:LogicalReasoning				
pzt:000636	skos:broadMatch	ncbi:360703	semapv:LogicalReasoning				
pzt:000636	skos:broadMatch	wikidata:Q2452640	semapv:LogicalReasoning				
pzt:000636	skos:broadMatch	worms:134959	semapv:LogicalReasoning				
pzt:000637	skos:broadMatch	bold:281611	semapv:LogicalReasoning				
pzt:000637	skos:broadMatch	ncbi:360703	semapv:LogicalReasoning				
pzt:000637	skos:broadMatch	wikidata:Q2452640	semapv:LogicalReasoning				
pzt:000637	skos:broadMatch	worms:134959	semapv:LogicalReasoning				
pzt:000638	skos:broadMatch	bold:281611	semapv:LogicalReasoning				
pzt:000638	skos:broadMatch	ncbi:360703	semapv:LogicalReasoning				
pzt:000638	skos:broadMatch	wikidata:Q2452640	semapv:LogicalReasoning				
pzt:000638	skos:broadMatch	worms:134959	semapv:LogicalReasoning				
pzt:000639	skos:broadMatch	bold:281611	semapv:LogicalReasoning				
pzt:000639	skos:broadMatch	ncbi:360703	semapv:LogicalReasoning				
pzt:000639	skos:broadMatch	wikidata:Q2452640	semapv:LogicalReasoning				
pzt:000639	skos:broadMatch	worms:134959	semapv:LogicalReasoning				
pzt:000640	skos:broadMatch	bold:281611	semapv:LogicalReasoning				
pzt:000640	skos:broadMatch	ncbi:360703	semapv:LogicalReasoning				
pzt:000640	skos:broadMatch	wikidata:Q2452640	semapv:LogicalReasoning				
pzt:000640	skos:broadMatch	worms:134959	semapv:LogicalReasoning				
pzt:000641	skos:broadMatch	bold:281611	semapv:LogicalReasoning				
pzt:000641	skos:broadMatch	ncbi:360703	semapv:LogicalReasoning				
pzt:000641	skos:broadMatch	wikidata:Q2452640	semapv:LogicalReasoning				
pzt:000641	skos:broadMatch	worms:134959	semapv:LogicalReasoning				
pzt:000644	skos:exactMatch	bold:281609	semapv:UnspecifiedMatching				
pzt:000644	skos:exactMatch	ncbi:360708	semapv:UnspecifiedMatching				
pzt:000644	skos:exactMatch	wikidata:Q3516599	semapv:UnspecifiedMatching				
pzt:000644	skos:exactMatch	worms:148365	semapv:UnspecifiedMatching				
pzt:000645	skos:exactMatch	worms:6	semapv:UnspecifiedMatching				
pzt:000646	skos:exactMatch	bold:1349790	semapv:UnspecifiedMatching				
pzt:000646	skos:exactMatch	ecotaxa_legacy:697	semapv:UnspecifiedMatching				
pzt:000646	skos:exactMatch	ncbi:1117	semapv:UnspecifiedMatching				
pzt:000646	skos:exactMatch	wikidata:Q93315	semapv:UnspecifiedMatching				
pzt:000646	skos:exactMatch	worms:146537	semapv:UnspecifiedMatching				
pzt:000647	skos:exactMatch	bold:391327	semapv:UnspecifiedMatching				
pzt:000647	skos:exactMatch	ecotaxa_legacy:697	semapv:UnspecifiedMatching				
pzt:000647	skos:exactMatch	ncbi:3028117	semapv:UnspecifiedMatching				
pzt:000647	skos:exactMatch	wikidata:Q18575364	semapv:UnspecifiedMatching				
pzt:000647	skos:exactMatch	worms:146542	semapv:UnspecifiedMatching				
pzt:000648	skos:exactMatch	bold:176329	semapv:UnspecifiedMatching				
pzt:000648	skos:exactMatch	ecotaxa_legacy:697	semapv:UnspecifiedMatching				
pzt:000648	skos:exactMatch	ncbi:1118	semapv:UnspecifiedMatching				
pzt:000648	skos:exactMatch	wikidata:Q3488765	semapv:UnspecifiedMatching				
pzt:000648	skos:exactMatch	worms:146543	semapv:UnspecifiedMatching				
pzt:000650	skos:exactMatch	bold:802785	semapv:UnspecifiedMatching				
pzt:000650	skos:exactMatch	ecotaxa_legacy:697	semapv:UnspecifiedMatching				
pzt:000650	skos:exactMatch	ncbi:70190	semapv:UnspecifiedMatching				
pzt:000650	skos:exactMatch	wikidata:Q3675967	semapv:UnspecifiedMatching				
pzt:000650	skos:exactMatch	worms:146565	semapv:UnspecifiedMatching				
pzt:000653	skos:exactMatch	bold:707997	semapv:UnspecifiedMatching				
pzt:000653	skos:exactMatch	ecotaxa_legacy:697	semapv:UnspecifiedMatching				
pzt:000653	skos:exactMatch	ncbi:1121	semapv:UnspecifiedMatching				
pzt:000653	skos:exactMatch	wikidata:Q61946551	semapv:UnspecifiedMatching				
pzt:000653	skos:exactMatch	worms:249704	semapv:UnspecifiedMatching				
pzt:000654	skos:exactMatch	bold:707995	semapv:UnspecifiedMatching				
pzt:000654	skos:exactMatch	ecotaxa_legacy:697	semapv:UnspecifiedMatching				
pzt:000654	skos:exactMatch	ncbi:53402	semapv:UnspecifiedMatching				
pzt:000654	skos:exactMatch	wikidata:Q292215	semapv:UnspecifiedMatching				
pzt:000654	skos:exactMatch	worms:146545	semapv:UnspecifiedMatching				
pzt:000658	skos:broadMatch	bold:391327	semapv:LogicalReasoning				
pzt:000658	skos:exactMatch	ecotaxa_legacy:697	semapv:UnspecifiedMatching				
pzt:000658	skos:exactMatch	ncbi:164816	semapv:UnspecifiedMatching				
pzt:000658	skos:exactMatch	wikidata:Q67358498	semapv:UnspecifiedMatching				
pzt:000658	skos:exactMatch	worms:618883	semapv:UnspecifiedMatching				
pzt:000661	skos:exactMatch	bold:468448	semapv:UnspecifiedMatching				
pzt:000661	skos:exactMatch	ecotaxa_legacy:697	semapv:UnspecifiedMatching				
pzt:000661	skos:exactMatch	ncbi:1175	semapv:UnspecifiedMatching				
pzt:000661	skos:exactMatch	wikidata:Q309515	semapv:UnspecifiedMatching				
pzt:000661	skos:exactMatch	worms:160567	semapv:UnspecifiedMatching				
pzt:000662	skos:exactMatch	bold:543950	semapv:UnspecifiedMatching				
pzt:000662	skos:exactMatch	ecotaxa_legacy:697	semapv:UnspecifiedMatching				
pzt:000662	skos:exactMatch	ncbi:748770	semapv:UnspecifiedMatching				
pzt:000662	skos:exactMatch	wikidata:Q27438662	semapv:UnspecifiedMatching				
pzt:000662	skos:exactMatch	worms:578476	semapv:UnspecifiedMatching				
pzt:000664	skos:exactMatch	bold:741486	semapv:UnspecifiedMatching				
pzt:000664	skos:exactMatch	ecotaxa_legacy:697	semapv:UnspecifiedMatching				
pzt:000664	skos:exactMatch	ncbi:110103	semapv:UnspecifiedMatching				
pzt:000664	skos:exactMatch	wikidata:Q4750553	semapv:UnspecifiedMatching				
pzt:000664	skos:exactMatch	worms:146590	semapv:UnspecifiedMatching				
pzt:000665	skos:exactMatch	bold:543959	semapv:UnspecifiedMatching				
pzt:000665	skos:exactMatch	ecotaxa_legacy:697	semapv:UnspecifiedMatching				
pzt:000665	skos:exactMatch	ncbi:1830174	semapv:UnspecifiedMatching				
pzt:000665	skos:exactMatch	wikidata:Q131912831	semapv:UnspecifiedMatching				
pzt:000665	skos:exactMatch	worms:156692	semapv:UnspecifiedMatching				
pzt:000666	skos:exactMatch	bold:703247	semapv:UnspecifiedMatching				
pzt:000666	skos:exactMatch	ecotaxa_legacy:697	semapv:UnspecifiedMatching				
pzt:000666	skos:exactMatch	ncbi:70799	semapv:UnspecifiedMatching				
pzt:000666	skos:exactMatch	wikidata:Q30752967	semapv:UnspecifiedMatching				
pzt:000666	skos:exactMatch	worms:160566	semapv:UnspecifiedMatching				
pzt:000668	skos:exactMatch	bold:703249	semapv:UnspecifiedMatching				
pzt:000668	skos:exactMatch	ecotaxa_legacy:697	semapv:UnspecifiedMatching				
pzt:000668	skos:exactMatch	ncbi:98443	semapv:UnspecifiedMatching				
pzt:000668	skos:exactMatch	wikidata:Q27438682	semapv:UnspecifiedMatching				
pzt:000668	skos:exactMatch	worms:370179	semapv:UnspecifiedMatching				
pzt:000669	skos:exactMatch	bold:176346	semapv:UnspecifiedMatching				
pzt:000669	skos:exactMatch	ecotaxa_legacy:697	semapv:UnspecifiedMatching				
pzt:000669	skos:exactMatch	ncbi:1150	semapv:UnspecifiedMatching				
pzt:000669	skos:exactMatch	wikidata:Q3492534	semapv:UnspecifiedMatching				
pzt:000669	skos:exactMatch	worms:146603	semapv:UnspecifiedMatching				
pzt:000671	skos:exactMatch	bold:176348	semapv:UnspecifiedMatching				
pzt:000671	skos:exactMatch	ecotaxa_legacy:662	semapv:UnspecifiedMatching				
pzt:000671	skos:exactMatch	ncbi:1205	semapv:UnspecifiedMatching				
pzt:000671	skos:exactMatch	wikidata:Q7840756	semapv:UnspecifiedMatching				
pzt:000671	skos:exactMatch	worms:177604	semapv:UnspecifiedMatching				
pzt:000674	skos:exactMatch	bold:708003	semapv:UnspecifiedMatching				
pzt:000674	skos:exactMatch	ecotaxa_legacy:697	semapv:UnspecifiedMatching				
pzt:000674	skos:exactMatch	ncbi:283819	semapv:UnspecifiedMatching				
pzt:000674	skos:exactMatch	wikidata:Q19842555	semapv:UnspecifiedMatching				
pzt:000674	skos:exactMatch	worms:146617	semapv:UnspecifiedMatching				
pzt:000675	skos:exactMatch	wikidata:Q862296	semapv:UnspecifiedMatching				
pzt:000675	skos:exactMatch	worms:7	semapv:UnspecifiedMatching				
pzt:000676	skos:exactMatch	worms:148898	semapv:UnspecifiedMatching				
pzt:000679	skos:exactMatch	bold:886873	semapv:UnspecifiedMatching				
pzt:000679	skos:exactMatch	ncbi:1004930	semapv:UnspecifiedMatching				
pzt:000679	skos:exactMatch	wikidata:Q7777653	semapv:UnspecifiedMatching				
pzt:000679	skos:exactMatch	worms:590699	semapv:UnspecifiedMatching				
pzt:000681	skos:exactMatch	bold:886875	semapv:UnspecifiedMatching				
pzt:000681	skos:exactMatch	ncbi:3457918	semapv:UnspecifiedMatching				
pzt:000681	skos:exactMatch	wikidata:Q25368808	semapv:UnspecifiedMatching				
pzt:000681	skos:exactMatch	worms:367364	semapv:UnspecifiedMatching				
pzt:000682	skos:exactMatch	bold:886874	semapv:UnspecifiedMatching				
pzt:000682	skos:exactMatch	ecotaxa_legacy:678	semapv:UnspecifiedMatching				
pzt:000682	skos:exactMatch	ncbi:3077321	semapv:UnspecifiedMatching				
pzt:000682	skos:exactMatch	wikidata:Q21214282	semapv:UnspecifiedMatching				
pzt:000682	skos:exactMatch	worms:367365	semapv:UnspecifiedMatching				
pzt:000683	skos:exactMatch	bold:886874	semapv:UnspecifiedMatching				
pzt:000683	skos:exactMatch	ecotaxa_legacy:708	semapv:UnspecifiedMatching				
pzt:000683	skos:exactMatch	ncbi:1572404	semapv:UnspecifiedMatching				
pzt:000683	skos:exactMatch	wikidata:Q25368812	semapv:UnspecifiedMatching				
pzt:000683	skos:exactMatch	worms:367366	semapv:UnspecifiedMatching				
pzt:000685	skos:broadMatch	bold:886873	semapv:LogicalReasoning				
pzt:000685	skos:exactMatch	ecotaxa_legacy:246	semapv:UnspecifiedMatching				
pzt:000685	skos:exactMatch	ecotaxa_legacy:567	semapv:UnspecifiedMatching				
pzt:000685	skos:exactMatch	ncbi:238791	semapv:UnspecifiedMatching				
pzt:000685	skos:exactMatch	wikidata:Q25368818	semapv:UnspecifiedMatching				
pzt:000685	skos:exactMatch	worms:367357	semapv:UnspecifiedMatching				
pzt:000686	skos:broadMatch	bold:886873	semapv:LogicalReasoning				
pzt:000686	skos:exactMatch	ecotaxa_legacy:246	semapv:UnspecifiedMatching				
pzt:000686	skos:exactMatch	ecotaxa_legacy:567	semapv:UnspecifiedMatching				
pzt:000686	skos:exactMatch	ncbi:238792	semapv:UnspecifiedMatching				
pzt:000686	skos:exactMatch	wikidata:Q25368902	semapv:UnspecifiedMatching				
pzt:000686	skos:exactMatch	worms:391969	semapv:UnspecifiedMatching				
pzt:000687	skos:broadMatch	bold:886873	semapv:LogicalReasoning				
pzt:000687	skos:exactMatch	ecotaxa_legacy:246	semapv:UnspecifiedMatching				
pzt:000687	skos:exactMatch	ecotaxa_legacy:567	semapv:UnspecifiedMatching				
pzt:000687	skos:exactMatch	ncbi:1332241	semapv:UnspecifiedMatching				
pzt:000687	skos:exactMatch	wikidata:Q25368903	semapv:UnspecifiedMatching				
pzt:000687	skos:exactMatch	worms:408871	semapv:UnspecifiedMatching				
pzt:000689	skos:broadMatch	bold:886873	semapv:LogicalReasoning				
pzt:000689	skos:exactMatch	ecotaxa_legacy:609	semapv:UnspecifiedMatching				
pzt:000689	skos:exactMatch	ncbi:238787	semapv:UnspecifiedMatching				
pzt:000689	skos:exactMatch	wikidata:Q25368819	semapv:UnspecifiedMatching				
pzt:000689	skos:exactMatch	worms:367372	semapv:UnspecifiedMatching				
pzt:000690	skos:broadMatch	bold:886873	semapv:LogicalReasoning				
pzt:000690	skos:exactMatch	ecotaxa_legacy:609	semapv:UnspecifiedMatching				
pzt:000690	skos:exactMatch	ncbi:238788	semapv:UnspecifiedMatching				
pzt:000690	skos:exactMatch	wikidata:Q25368905	semapv:UnspecifiedMatching				
pzt:000690	skos:exactMatch	worms:409592	semapv:UnspecifiedMatching				
pzt:000693	skos:broadMatch	bold:886873	semapv:LogicalReasoning				
pzt:000693	skos:exactMatch	ncbi:332298	semapv:UnspecifiedMatching				
pzt:000693	skos:exactMatch	wikidata:Q25368907	semapv:UnspecifiedMatching				
pzt:000693	skos:exactMatch	worms:391891	semapv:UnspecifiedMatching				
pzt:000694	skos:broadMatch	bold:886873	semapv:LogicalReasoning				
pzt:000694	skos:exactMatch	ecotaxa_legacy:705	semapv:UnspecifiedMatching				
pzt:000694	skos:exactMatch	ncbi:332297	semapv:UnspecifiedMatching				
pzt:000694	skos:exactMatch	wikidata:Q21225576	semapv:UnspecifiedMatching				
pzt:000694	skos:exactMatch	worms:345871	semapv:UnspecifiedMatching				
pzt:000695	skos:broadMatch	bold:886873	semapv:LogicalReasoning				
pzt:000695	skos:broadMatch	ncbi:332297	semapv:LogicalReasoning				
pzt:000695	skos:exactMatch	ecotaxa_legacy:705	semapv:UnspecifiedMatching				
pzt:000695	skos:exactMatch	wikidata:Q25368910	semapv:UnspecifiedMatching				
pzt:000695	skos:exactMatch	worms:345873	semapv:UnspecifiedMatching				
pzt:000697	skos:broadMatch	bold:886873	semapv:LogicalReasoning				
pzt:000697	skos:exactMatch	ecotaxa_legacy:595	semapv:UnspecifiedMatching				
pzt:000697	skos:exactMatch	ncbi:238780	semapv:UnspecifiedMatching				
pzt:000697	skos:exactMatch	wikidata:Q18654687	semapv:UnspecifiedMatching				
pzt:000697	skos:exactMatch	worms:367360	semapv:UnspecifiedMatching				
pzt:000698	skos:broadMatch	bold:886873	semapv:LogicalReasoning				
pzt:000698	skos:exactMatch	ecotaxa_legacy:593	semapv:UnspecifiedMatching				
pzt:000698	skos:exactMatch	ncbi:3077087	semapv:UnspecifiedMatching				
pzt:000698	skos:exactMatch	wikidata:Q25368851	semapv:UnspecifiedMatching				
pzt:000698	skos:exactMatch	worms:367361	semapv:UnspecifiedMatching				
pzt:000699	skos:exactMatch	bold:72834	semapv:UnspecifiedMatching				
pzt:000699	skos:exactMatch	ecotaxa_legacy:657	semapv:UnspecifiedMatching				
pzt:000699	skos:exactMatch	ncbi:5878	semapv:UnspecifiedMatching				
pzt:000699	skos:exactMatch	wikidata:Q106345	semapv:UnspecifiedMatching				
pzt:000699	skos:exactMatch	worms:11	semapv:UnspecifiedMatching				
pzt:000704	skos:exactMatch	bold:179353	semapv:UnspecifiedMatching				
pzt:000704	skos:exactMatch	ecotaxa_legacy:657	semapv:UnspecifiedMatching				
pzt:000704	skos:exactMatch	ncbi:5960	semapv:UnspecifiedMatching				
pzt:000704	skos:exactMatch	wikidata:Q49558835	semapv:UnspecifiedMatching				
pzt:000704	skos:exactMatch	worms:178694	semapv:UnspecifiedMatching				
pzt:000707	skos:exactMatch	bold:179357	semapv:UnspecifiedMatching				
pzt:000707	skos:exactMatch	ecotaxa_legacy:657	semapv:UnspecifiedMatching				
pzt:000707	skos:exactMatch	ncbi:37688	semapv:UnspecifiedMatching				
pzt:000707	skos:exactMatch	wikidata:Q49605569	semapv:UnspecifiedMatching				
pzt:000707	skos:exactMatch	worms:427989	semapv:UnspecifiedMatching				
pzt:000710	skos:exactMatch	bold:179361	semapv:UnspecifiedMatching				
pzt:000710	skos:exactMatch	ecotaxa_legacy:657	semapv:UnspecifiedMatching				
pzt:000710	skos:exactMatch	ncbi:5963	semapv:UnspecifiedMatching				
pzt:000710	skos:exactMatch	wikidata:Q616153	semapv:UnspecifiedMatching				
pzt:000710	skos:exactMatch	worms:427997	semapv:UnspecifiedMatching				
pzt:000714	skos:broadMatch	bold:72834	semapv:LogicalReasoning				
pzt:000714	skos:exactMatch	ecotaxa_legacy:657	semapv:UnspecifiedMatching				
pzt:000714	skos:exactMatch	ncbi:283646	semapv:UnspecifiedMatching				
pzt:000714	skos:exactMatch	wikidata:Q25360922	semapv:UnspecifiedMatching				
pzt:000714	skos:exactMatch	worms:179320	semapv:UnspecifiedMatching				
pzt:000715	skos:broadMatch	bold:72834	semapv:LogicalReasoning				
pzt:000715	skos:exactMatch	ecotaxa_legacy:657	semapv:UnspecifiedMatching				
pzt:000715	skos:exactMatch	ncbi:704171	semapv:UnspecifiedMatching				
pzt:000715	skos:exactMatch	wikidata:Q61999423	semapv:UnspecifiedMatching				
pzt:000715	skos:exactMatch	worms:232069	semapv:UnspecifiedMatching				
pzt:000718	skos:broadMatch	bold:72834	semapv:LogicalReasoning				
pzt:000718	skos:exactMatch	ecotaxa_legacy:657	semapv:UnspecifiedMatching				
pzt:000718	skos:exactMatch	ncbi:5996	semapv:UnspecifiedMatching				
pzt:000718	skos:exactMatch	wikidata:Q93422	semapv:UnspecifiedMatching				
pzt:000718	skos:exactMatch	worms:341301	semapv:UnspecifiedMatching				
pzt:000719	skos:broadMatch	bold:72834	semapv:LogicalReasoning				
pzt:000719	skos:exactMatch	ecotaxa_legacy:657	semapv:UnspecifiedMatching				
pzt:000719	skos:exactMatch	ncbi:5997	semapv:UnspecifiedMatching				
pzt:000719	skos:exactMatch	wikidata:Q62001076	semapv:UnspecifiedMatching				
pzt:000719	skos:exactMatch	worms:417328	semapv:UnspecifiedMatching				
pzt:000721	skos:exactMatch	worms:179314	semapv:UnspecifiedMatching				
pzt:000723	skos:broadMatch	bold:72834	semapv:LogicalReasoning				
pzt:000723	skos:exactMatch	ecotaxa_legacy:657	semapv:UnspecifiedMatching				
pzt:000723	skos:exactMatch	ncbi:71587	semapv:UnspecifiedMatching				
pzt:000723	skos:exactMatch	wikidata:Q5276756	semapv:UnspecifiedMatching				
pzt:000723	skos:exactMatch	worms:415302	semapv:UnspecifiedMatching				
pzt:000724	skos:broadMatch	bold:72834	semapv:LogicalReasoning				
pzt:000724	skos:exactMatch	ecotaxa_legacy:657	semapv:UnspecifiedMatching				
pzt:000724	skos:exactMatch	ncbi:2778690	semapv:UnspecifiedMatching				
pzt:000724	skos:exactMatch	wikidata:Q25360965	semapv:UnspecifiedMatching				
pzt:000724	skos:exactMatch	worms:425542	semapv:UnspecifiedMatching				
pzt:000729	skos:exactMatch	bold:111715	semapv:UnspecifiedMatching				
pzt:000729	skos:exactMatch	ecotaxa_legacy:657	semapv:UnspecifiedMatching				
pzt:000729	skos:exactMatch	ncbi:74790	semapv:UnspecifiedMatching				
pzt:000729	skos:exactMatch	wikidata:Q288725	semapv:UnspecifiedMatching				
pzt:000729	skos:exactMatch	worms:426754	semapv:UnspecifiedMatching				
pzt:000732	skos:exactMatch	ncbi:60849	semapv:UnspecifiedMatching				
pzt:000732	skos:exactMatch	wikidata:Q82743	semapv:UnspecifiedMatching				
pzt:000732	skos:exactMatch	worms:163573	semapv:UnspecifiedMatching				
pzt:000735	skos:exactMatch	bold:111706	semapv:UnspecifiedMatching				
pzt:000735	skos:exactMatch	ecotaxa_legacy:657	semapv:UnspecifiedMatching				
pzt:000735	skos:exactMatch	ncbi:31279	semapv:UnspecifiedMatching				
pzt:000735	skos:exactMatch	wikidata:Q25362441	semapv:UnspecifiedMatching				
pzt:000735	skos:exactMatch	worms:163556	semapv:UnspecifiedMatching				
pzt:000737	skos:exactMatch	bold:2681195	semapv:UnspecifiedMatching				
pzt:000737	skos:exactMatch	ecotaxa_legacy:657	semapv:UnspecifiedMatching				
pzt:000737	skos:exactMatch	ncbi:168255	semapv:UnspecifiedMatching				
pzt:000737	skos:exactMatch	wikidata:Q19823037	semapv:UnspecifiedMatching				
pzt:000737	skos:exactMatch	worms:235773	semapv:UnspecifiedMatching				
pzt:000739	skos:exactMatch	bold:1022867	semapv:UnspecifiedMatching				
pzt:000739	skos:exactMatch	ecotaxa_legacy:657	semapv:UnspecifiedMatching				
pzt:000739	skos:exactMatch	ncbi:200605	semapv:UnspecifiedMatching				
pzt:000739	skos:exactMatch	wikidata:Q23810342	semapv:UnspecifiedMatching				
pzt:000739	skos:exactMatch	worms:341353	semapv:UnspecifiedMatching				
pzt:000740	skos:exactMatch	worms:150201	semapv:UnspecifiedMatching				
pzt:000741	skos:exactMatch	bold:2677449	semapv:UnspecifiedMatching				
pzt:000741	skos:exactMatch	ecotaxa_legacy:465	semapv:UnspecifiedMatching				
pzt:000741	skos:exactMatch	ncbi:1176323	semapv:UnspecifiedMatching				
pzt:000741	skos:exactMatch	wikidata:Q25362575	semapv:UnspecifiedMatching				
pzt:000741	skos:exactMatch	worms:150204	semapv:UnspecifiedMatching				
pzt:000742	skos:exactMatch	bold:2677449	semapv:UnspecifiedMatching				
pzt:000742	skos:exactMatch	ecotaxa_legacy:466	semapv:UnspecifiedMatching				
pzt:000742	skos:exactMatch	ecotaxa_legacy:467	semapv:UnspecifiedMatching				
pzt:000742	skos:exactMatch	ncbi:382707	semapv:UnspecifiedMatching				
pzt:000742	skos:exactMatch	wikidata:Q25362576	semapv:UnspecifiedMatching				
pzt:000742	skos:exactMatch	worms:150203	semapv:UnspecifiedMatching				
pzt:000743	skos:exactMatch	bold:2677449	semapv:UnspecifiedMatching				
pzt:000743	skos:exactMatch	ecotaxa_legacy:467	semapv:UnspecifiedMatching				
pzt:000743	skos:exactMatch	ncbi:1049796	semapv:UnspecifiedMatching				
pzt:000743	skos:exactMatch	wikidata:Q62000451	semapv:UnspecifiedMatching				
pzt:000743	skos:exactMatch	worms:417133	semapv:UnspecifiedMatching				
pzt:000744	skos:exactMatch	bold:2677449	semapv:UnspecifiedMatching				
pzt:000744	skos:exactMatch	ecotaxa_legacy:657	semapv:UnspecifiedMatching				
pzt:000744	skos:exactMatch	ncbi:180938	semapv:UnspecifiedMatching				
pzt:000744	skos:exactMatch	wikidata:Q25362578	semapv:UnspecifiedMatching				
pzt:000744	skos:exactMatch	worms:415852	semapv:UnspecifiedMatching				
pzt:000745	skos:exactMatch	bold:2677535	semapv:UnspecifiedMatching				
pzt:000745	skos:exactMatch	ecotaxa_legacy:661	semapv:UnspecifiedMatching				
pzt:000745	skos:exactMatch	ncbi:180939	semapv:UnspecifiedMatching				
pzt:000745	skos:exactMatch	wikidata:Q25362580	semapv:UnspecifiedMatching				
pzt:000745	skos:exactMatch	worms:163780	semapv:UnspecifiedMatching				
pzt:000747	skos:broadMatch	bold:1022867	semapv:LogicalReasoning				
pzt:000747	skos:exactMatch	ecotaxa_legacy:433	semapv:UnspecifiedMatching				
pzt:000747	skos:exactMatch	ecotaxa_legacy:469	semapv:UnspecifiedMatching				
pzt:000747	skos:exactMatch	ncbi:211021	semapv:UnspecifiedMatching				
pzt:000747	skos:exactMatch	wikidata:Q25362582	semapv:UnspecifiedMatching				
pzt:000747	skos:exactMatch	worms:204197	semapv:UnspecifiedMatching				
pzt:000748	skos:broadMatch	bold:1022867	semapv:LogicalReasoning				
pzt:000748	skos:exactMatch	ecotaxa_legacy:433	semapv:UnspecifiedMatching				
pzt:000748	skos:exactMatch	ecotaxa_legacy:469	semapv:UnspecifiedMatching				
pzt:000748	skos:exactMatch	ncbi:1049798	semapv:UnspecifiedMatching				
pzt:000748	skos:exactMatch	wikidata:Q61999492	semapv:UnspecifiedMatching				
pzt:000748	skos:exactMatch	worms:240441	semapv:UnspecifiedMatching				
pzt:000749	skos:broadMatch	bold:1022867	semapv:LogicalReasoning				
pzt:000749	skos:exactMatch	ecotaxa_legacy:469	semapv:UnspecifiedMatching				
pzt:000749	skos:exactMatch	ncbi:1176356	semapv:UnspecifiedMatching				
pzt:000749	skos:exactMatch	wikidata:Q62000496	semapv:UnspecifiedMatching				
pzt:000749	skos:exactMatch	worms:417162	semapv:UnspecifiedMatching				
pzt:000751	skos:broadMatch	bold:1022867	semapv:LogicalReasoning				
pzt:000751	skos:exactMatch	ecotaxa_legacy:657	semapv:UnspecifiedMatching				
pzt:000751	skos:exactMatch	ncbi:1176358	semapv:UnspecifiedMatching				
pzt:000751	skos:exactMatch	wikidata:Q25362603	semapv:UnspecifiedMatching				
pzt:000751	skos:exactMatch	worms:150205	semapv:UnspecifiedMatching				
pzt:000753	skos:broadMatch	bold:1022867	semapv:LogicalReasoning				
pzt:000753	skos:exactMatch	ecotaxa_legacy:481	semapv:UnspecifiedMatching				
pzt:000753	skos:exactMatch	ncbi:513214	semapv:UnspecifiedMatching				
pzt:000753	skos:exactMatch	wikidata:Q25362604	semapv:UnspecifiedMatching				
pzt:000753	skos:exactMatch	worms:196834	semapv:UnspecifiedMatching				
pzt:000755	skos:broadMatch	bold:1022867	semapv:LogicalReasoning				
pzt:000755	skos:exactMatch	ecotaxa_legacy:657	semapv:UnspecifiedMatching				
pzt:000755	skos:exactMatch	ncbi:1236001	semapv:UnspecifiedMatching				
pzt:000755	skos:exactMatch	wikidata:Q25362616	semapv:UnspecifiedMatching				
pzt:000755	skos:exactMatch	worms:425630	semapv:UnspecifiedMatching				
pzt:000756	skos:broadMatch	bold:1022867	semapv:LogicalReasoning				
pzt:000756	skos:exactMatch	ecotaxa_legacy:484	semapv:UnspecifiedMatching				
pzt:000756	skos:exactMatch	ncbi:1236002	semapv:UnspecifiedMatching				
pzt:000756	skos:exactMatch	wikidata:Q25362619	semapv:UnspecifiedMatching				
pzt:000756	skos:exactMatch	worms:183562	semapv:UnspecifiedMatching				
pzt:000758	skos:broadMatch	bold:1022867	semapv:LogicalReasoning				
pzt:000758	skos:exactMatch	ecotaxa_legacy:485	semapv:UnspecifiedMatching				
pzt:000758	skos:exactMatch	ncbi:182089	semapv:UnspecifiedMatching				
pzt:000758	skos:exactMatch	wikidata:Q25362684	semapv:UnspecifiedMatching				
pzt:000758	skos:exactMatch	worms:183543	semapv:UnspecifiedMatching				
pzt:000761	skos:broadMatch	bold:1022867	semapv:LogicalReasoning				
pzt:000761	skos:exactMatch	ecotaxa_legacy:657	semapv:UnspecifiedMatching				
pzt:000761	skos:exactMatch	ncbi:1925000	semapv:UnspecifiedMatching				
pzt:000761	skos:exactMatch	wikidata:Q61997558	semapv:UnspecifiedMatching				
pzt:000761	skos:exactMatch	worms:101206	semapv:UnspecifiedMatching				
pzt:000763	skos:broadMatch	bold:1022867	semapv:LogicalReasoning				
pzt:000763	skos:exactMatch	ecotaxa_legacy:665	semapv:UnspecifiedMatching				
pzt:000763	skos:exactMatch	ncbi:1176320	semapv:UnspecifiedMatching				
pzt:000763	skos:exactMatch	wikidata:Q25362545	semapv:UnspecifiedMatching				
pzt:000763	skos:exactMatch	worms:183547	semapv:UnspecifiedMatching				
pzt:000764	skos:broadMatch	bold:1022867	semapv:LogicalReasoning				
pzt:000764	skos:exactMatch	ecotaxa_legacy:657	semapv:UnspecifiedMatching				
pzt:000764	skos:exactMatch	ncbi:181650	semapv:UnspecifiedMatching				
pzt:000764	skos:exactMatch	wikidata:Q25362550	semapv:UnspecifiedMatching				
pzt:000764	skos:exactMatch	worms:172438	semapv:UnspecifiedMatching				
pzt:000766	skos:broadMatch	bold:1022867	semapv:LogicalReasoning				
pzt:000766	skos:exactMatch	ecotaxa_legacy:657	semapv:UnspecifiedMatching				
pzt:000766	skos:exactMatch	ncbi:1050074	semapv:UnspecifiedMatching				
pzt:000766	skos:exactMatch	wikidata:Q25362634	semapv:UnspecifiedMatching				
pzt:000766	skos:exactMatch	worms:196838	semapv:UnspecifiedMatching				
pzt:000768	skos:broadMatch	bold:1022867	semapv:LogicalReasoning				
pzt:000768	skos:exactMatch	ecotaxa_legacy:432	semapv:UnspecifiedMatching				
pzt:000768	skos:exactMatch	ncbi:211027	semapv:UnspecifiedMatching				
pzt:000768	skos:exactMatch	wikidata:Q25362643	semapv:UnspecifiedMatching				
pzt:000768	skos:exactMatch	worms:183576	semapv:UnspecifiedMatching				
pzt:000769	skos:broadMatch	bold:1022867	semapv:LogicalReasoning				
pzt:000769	skos:exactMatch	ecotaxa_legacy:423	semapv:UnspecifiedMatching				
pzt:000769	skos:exactMatch	ncbi:211026	semapv:UnspecifiedMatching				
pzt:000769	skos:exactMatch	wikidata:Q25362646	semapv:UnspecifiedMatching				
pzt:000769	skos:exactMatch	worms:183550	semapv:UnspecifiedMatching				
pzt:000771	skos:broadMatch	bold:1022867	semapv:LogicalReasoning				
pzt:000771	skos:exactMatch	ecotaxa_legacy:657	semapv:UnspecifiedMatching				
pzt:000771	skos:exactMatch	ncbi:181620	semapv:UnspecifiedMatching				
pzt:000771	skos:exactMatch	wikidata:Q25362539	semapv:UnspecifiedMatching				
pzt:000771	skos:exactMatch	worms:101185	semapv:UnspecifiedMatching				
pzt:000773	skos:broadMatch	bold:1022867	semapv:LogicalReasoning				
pzt:000773	skos:exactMatch	ecotaxa_legacy:748	semapv:UnspecifiedMatching				
pzt:000773	skos:exactMatch	ncbi:513203	semapv:UnspecifiedMatching				
pzt:000773	skos:exactMatch	wikidata:Q25362655	semapv:UnspecifiedMatching				
pzt:000773	skos:exactMatch	worms:425527	semapv:UnspecifiedMatching				
pzt:000774	skos:broadMatch	bold:1022867	semapv:LogicalReasoning				
pzt:000774	skos:exactMatch	ecotaxa_legacy:528	semapv:UnspecifiedMatching				
pzt:000774	skos:exactMatch	ncbi:1049792	semapv:UnspecifiedMatching				
pzt:000774	skos:exactMatch	wikidata:Q25362658	semapv:UnspecifiedMatching				
pzt:000774	skos:exactMatch	worms:183539	semapv:UnspecifiedMatching				
pzt:000775	skos:broadMatch	bold:1022867	semapv:LogicalReasoning				
pzt:000775	skos:exactMatch	ecotaxa_legacy:527	semapv:UnspecifiedMatching				
pzt:000775	skos:exactMatch	ncbi:1292460	semapv:UnspecifiedMatching				
pzt:000775	skos:exactMatch	wikidata:Q25362682	semapv:UnspecifiedMatching				
pzt:000775	skos:exactMatch	worms:183541	semapv:UnspecifiedMatching				
pzt:000776	skos:broadMatch	bold:1022867	semapv:LogicalReasoning				
pzt:000776	skos:exactMatch	ecotaxa_legacy:523	semapv:UnspecifiedMatching				
pzt:000776	skos:exactMatch	ncbi:513280	semapv:UnspecifiedMatching				
pzt:000776	skos:exactMatch	wikidata:Q25362697	semapv:UnspecifiedMatching				
pzt:000776	skos:exactMatch	worms:183566	semapv:UnspecifiedMatching				
pzt:000777	skos:broadMatch	bold:1022867	semapv:LogicalReasoning				
pzt:000777	skos:exactMatch	ecotaxa_legacy:526	semapv:UnspecifiedMatching				
pzt:000777	skos:exactMatch	ncbi:513282	semapv:UnspecifiedMatching				
pzt:000777	skos:exactMatch	wikidata:Q25362703	semapv:UnspecifiedMatching				
pzt:000777	skos:exactMatch	worms:183545	semapv:UnspecifiedMatching				
pzt:000779	skos:broadMatch	bold:1022867	semapv:LogicalReasoning				
pzt:000779	skos:exactMatch	ecotaxa_legacy:730	semapv:UnspecifiedMatching				
pzt:000779	skos:exactMatch	ncbi:1050069	semapv:UnspecifiedMatching				
pzt:000779	skos:exactMatch	wikidata:Q25362707	semapv:UnspecifiedMatching				
pzt:000779	skos:exactMatch	worms:232074	semapv:UnspecifiedMatching				
pzt:000780	skos:broadMatch	bold:1022867	semapv:LogicalReasoning				
pzt:000780	skos:exactMatch	ecotaxa_legacy:490	semapv:UnspecifiedMatching				
pzt:000780	skos:exactMatch	ncbi:1176381	semapv:UnspecifiedMatching				
pzt:000780	skos:exactMatch	wikidata:Q25360907	semapv:UnspecifiedMatching				
pzt:000780	skos:exactMatch	worms:172430	semapv:UnspecifiedMatching				
pzt:000781	skos:exactMatch	worms:425636	semapv:UnspecifiedMatching				
pzt:000782	skos:broadMatch	bold:1022867	semapv:LogicalReasoning				
pzt:000782	skos:exactMatch	ecotaxa_legacy:752	semapv:UnspecifiedMatching				
pzt:000782	skos:exactMatch	ncbi:1050071	semapv:UnspecifiedMatching				
pzt:000782	skos:exactMatch	wikidata:Q25362730	semapv:UnspecifiedMatching				
pzt:000782	skos:exactMatch	worms:345911	semapv:UnspecifiedMatching				
pzt:000783	skos:broadMatch	bold:1022867	semapv:LogicalReasoning				
pzt:000783	skos:exactMatch	ecotaxa_legacy:534	semapv:UnspecifiedMatching				
pzt:000783	skos:exactMatch	ncbi:3698981	semapv:UnspecifiedMatching				
pzt:000783	skos:exactMatch	wikidata:Q25362718	semapv:UnspecifiedMatching				
pzt:000783	skos:exactMatch	worms:292924	semapv:UnspecifiedMatching				
pzt:000784	skos:broadMatch	bold:1022867	semapv:LogicalReasoning				
pzt:000784	skos:exactMatch	ecotaxa_legacy:657	semapv:UnspecifiedMatching				
pzt:000784	skos:exactMatch	ncbi:211023	semapv:UnspecifiedMatching				
pzt:000784	skos:exactMatch	wikidata:Q25360910	semapv:UnspecifiedMatching				
pzt:000784	skos:exactMatch	worms:172429	semapv:UnspecifiedMatching				
pzt:000785	skos:broadMatch	bold:1022867	semapv:LogicalReasoning				
pzt:000785	skos:exactMatch	ecotaxa_legacy:657	semapv:UnspecifiedMatching				
pzt:000785	skos:exactMatch	ncbi:1925418	semapv:UnspecifiedMatching				
pzt:000785	skos:exactMatch	wikidata:Q25362727	semapv:UnspecifiedMatching				
pzt:000785	skos:exactMatch	worms:196836	semapv:UnspecifiedMatching				
pzt:000786	skos:broadMatch	bold:1022867	semapv:LogicalReasoning				
pzt:000786	skos:exactMatch	ecotaxa_legacy:489	semapv:UnspecifiedMatching				
pzt:000786	skos:exactMatch	ncbi:1176392	semapv:UnspecifiedMatching				
pzt:000786	skos:exactMatch	wikidata:Q25362733	semapv:UnspecifiedMatching				
pzt:000786	skos:exactMatch	worms:183574	semapv:UnspecifiedMatching				
pzt:000787	skos:broadMatch	bold:1022867	semapv:LogicalReasoning				
pzt:000787	skos:broadMatch	ncbi:211023	semapv:LogicalReasoning				
pzt:000787	skos:exactMatch	ecotaxa_legacy:486	semapv:UnspecifiedMatching				
pzt:000787	skos:exactMatch	wikidata:Q25362735	semapv:UnspecifiedMatching				
pzt:000787	skos:exactMatch	worms:416150	semapv:UnspecifiedMatching				
pzt:000788	skos:broadMatch	bold:1022867	semapv:LogicalReasoning				
pzt:000788	skos:broadMatch	ncbi:211023	semapv:LogicalReasoning				
pzt:000788	skos:exactMatch	ecotaxa_legacy:486	semapv:UnspecifiedMatching				
pzt:000788	skos:exactMatch	wikidata:Q62001043	semapv:UnspecifiedMatching				
pzt:000788	skos:exactMatch	worms:417268	semapv:UnspecifiedMatching				
pzt:000791	skos:exactMatch	bold:604037	semapv:UnspecifiedMatching				
pzt:000791	skos:exactMatch	ecotaxa_legacy:657	semapv:UnspecifiedMatching				
pzt:000791	skos:exactMatch	ncbi:60005	semapv:UnspecifiedMatching				
pzt:000791	skos:exactMatch	wikidata:Q7624374	semapv:UnspecifiedMatching				
pzt:000791	skos:exactMatch	worms:101195	semapv:UnspecifiedMatching				
pzt:000792	skos:broadMatch	bold:604037	semapv:LogicalReasoning				
pzt:000792	skos:exactMatch	ecotaxa_legacy:657	semapv:UnspecifiedMatching				
pzt:000792	skos:exactMatch	ncbi:1606869	semapv:UnspecifiedMatching				
pzt:000792	skos:exactMatch	wikidata:Q61997612	semapv:UnspecifiedMatching				
pzt:000792	skos:exactMatch	worms:101282	semapv:UnspecifiedMatching				
pzt:000793	skos:broadMatch	bold:604037	semapv:LogicalReasoning				
pzt:000793	skos:exactMatch	ecotaxa_legacy:657	semapv:UnspecifiedMatching				
pzt:000793	skos:exactMatch	ncbi:641206	semapv:UnspecifiedMatching				
pzt:000793	skos:exactMatch	wikidata:Q61997621	semapv:UnspecifiedMatching				
pzt:000793	skos:exactMatch	worms:101289	semapv:UnspecifiedMatching				
pzt:000794	skos:broadMatch	bold:604037	semapv:LogicalReasoning				
pzt:000794	skos:exactMatch	ecotaxa_legacy:657	semapv:UnspecifiedMatching				
pzt:000794	skos:exactMatch	ncbi:197538	semapv:UnspecifiedMatching				
pzt:000794	skos:exactMatch	wikidata:Q62003802	semapv:UnspecifiedMatching				
pzt:000794	skos:exactMatch	worms:428332	semapv:UnspecifiedMatching				
pzt:000795	skos:broadMatch	bold:604037	semapv:LogicalReasoning				
pzt:000795	skos:exactMatch	ecotaxa_legacy:657	semapv:UnspecifiedMatching				
pzt:000795	skos:exactMatch	ncbi:236065	semapv:UnspecifiedMatching				
pzt:000795	skos:exactMatch	wikidata:Q121290180	semapv:UnspecifiedMatching				
pzt:000795	skos:exactMatch	worms:101320	semapv:UnspecifiedMatching				
pzt:000796	skos:broadMatch	bold:604037	semapv:LogicalReasoning				
pzt:000796	skos:broadMatch	ncbi:60005	semapv:LogicalReasoning				
pzt:000796	skos:exactMatch	ecotaxa_legacy:657	semapv:UnspecifiedMatching				
pzt:000796	skos:exactMatch	wikidata:Q61997662	semapv:UnspecifiedMatching				
pzt:000796	skos:exactMatch	worms:101344	semapv:UnspecifiedMatching				
pzt:000799	skos:exactMatch	bold:1022866	semapv:UnspecifiedMatching				
pzt:000799	skos:exactMatch	ecotaxa_legacy:657	semapv:UnspecifiedMatching				
pzt:000799	skos:exactMatch	ncbi:181653	semapv:UnspecifiedMatching				
pzt:000799	skos:exactMatch	wikidata:Q61997574	semapv:UnspecifiedMatching				
pzt:000799	skos:exactMatch	worms:101264	semapv:UnspecifiedMatching				
pzt:000801	skos:exactMatch	bold:1022866	semapv:UnspecifiedMatching				
pzt:000801	skos:exactMatch	ecotaxa_legacy:657	semapv:UnspecifiedMatching				
pzt:000801	skos:exactMatch	ncbi:641220	semapv:UnspecifiedMatching				
pzt:000801	skos:exactMatch	wikidata:Q61997664	semapv:UnspecifiedMatching				
pzt:000801	skos:exactMatch	worms:101345	semapv:UnspecifiedMatching				
pzt:000802	skos:exactMatch	bold:1022866	semapv:UnspecifiedMatching				
pzt:000802	skos:exactMatch	ecotaxa_legacy:657	semapv:UnspecifiedMatching				
pzt:000802	skos:exactMatch	ncbi:641222	semapv:UnspecifiedMatching				
pzt:000802	skos:exactMatch	wikidata:Q121305969	semapv:UnspecifiedMatching				
pzt:000802	skos:exactMatch	worms:101347	semapv:UnspecifiedMatching				
pzt:000806	skos:exactMatch	bold:2677421	semapv:UnspecifiedMatching				
pzt:000806	skos:exactMatch	ecotaxa_legacy:657	semapv:UnspecifiedMatching				
pzt:000806	skos:exactMatch	ncbi:693139	semapv:UnspecifiedMatching				
pzt:000806	skos:exactMatch	wikidata:Q25363584	semapv:UnspecifiedMatching				
pzt:000806	skos:exactMatch	worms:247913	semapv:UnspecifiedMatching				
pzt:000807	skos:broadMatch	bold:2677421	semapv:LogicalReasoning				
pzt:000807	skos:exactMatch	ecotaxa_legacy:657	semapv:UnspecifiedMatching				
pzt:000807	skos:exactMatch	ncbi:693140	semapv:UnspecifiedMatching				
pzt:000807	skos:exactMatch	wikidata:Q61999510	semapv:UnspecifiedMatching				
pzt:000807	skos:exactMatch	worms:247943	semapv:UnspecifiedMatching				
pzt:000811	skos:exactMatch	bold:2677463	semapv:UnspecifiedMatching				
pzt:000811	skos:exactMatch	ecotaxa_legacy:657	semapv:UnspecifiedMatching				
pzt:000811	skos:exactMatch	ncbi:5935	semapv:UnspecifiedMatching				
pzt:000811	skos:exactMatch	wikidata:Q10278244	semapv:UnspecifiedMatching				
pzt:000811	skos:exactMatch	worms:179326	semapv:UnspecifiedMatching				
pzt:000812	skos:broadMatch	bold:2677463	semapv:LogicalReasoning				
pzt:000812	skos:exactMatch	ecotaxa_legacy:657	semapv:UnspecifiedMatching				
pzt:000812	skos:exactMatch	ncbi:5941	semapv:UnspecifiedMatching				
pzt:000812	skos:exactMatch	wikidata:Q49559016	semapv:UnspecifiedMatching				
pzt:000812	skos:exactMatch	worms:427664	semapv:UnspecifiedMatching				
pzt:000813	skos:exactMatch	bold:278829	semapv:UnspecifiedMatching				
pzt:000813	skos:exactMatch	ecotaxa_legacy:657	semapv:UnspecifiedMatching				
pzt:000813	skos:exactMatch	ncbi:200604	semapv:UnspecifiedMatching				
pzt:000813	skos:exactMatch	wikidata:Q117659	semapv:UnspecifiedMatching				
pzt:000813	skos:exactMatch	worms:425497	semapv:UnspecifiedMatching				
pzt:000815	skos:exactMatch	bold:99173	semapv:UnspecifiedMatching				
pzt:000815	skos:exactMatch	ncbi:3027	semapv:UnspecifiedMatching				
pzt:000815	skos:exactMatch	wikidata:Q488032	semapv:UnspecifiedMatching				
pzt:000815	skos:exactMatch	worms:17639	semapv:UnspecifiedMatching				
pzt:000816	skos:exactMatch	bold:99181	semapv:UnspecifiedMatching				
pzt:000816	skos:exactMatch	ncbi:589350	semapv:UnspecifiedMatching				
pzt:000816	skos:exactMatch	wikidata:Q5190992	semapv:UnspecifiedMatching				
pzt:000816	skos:exactMatch	worms:17640	semapv:UnspecifiedMatching				
pzt:000819	skos:exactMatch	bold:99300	semapv:UnspecifiedMatching				
pzt:000819	skos:exactMatch	ncbi:77930	semapv:UnspecifiedMatching				
pzt:000819	skos:exactMatch	wikidata:Q23070355	semapv:UnspecifiedMatching				
pzt:000819	skos:exactMatch	worms:106285	semapv:UnspecifiedMatching				
pzt:000820	skos:exactMatch	ncbi:195071	semapv:UnspecifiedMatching				
pzt:000820	skos:exactMatch	wikidata:Q23055863	semapv:UnspecifiedMatching				
pzt:000820	skos:exactMatch	worms:106305	semapv:UnspecifiedMatching				
pzt:000823	skos:exactMatch	ncbi:1326783	semapv:UnspecifiedMatching				
pzt:000823	skos:exactMatch	wikidata:Q68393149	semapv:UnspecifiedMatching				
pzt:000825	skos:exactMatch	ncbi:3034	semapv:UnspecifiedMatching				
pzt:000825	skos:exactMatch	wikidata:Q21308196	semapv:UnspecifiedMatching				
pzt:000825	skos:exactMatch	worms:106316	semapv:UnspecifiedMatching				
pzt:000830	skos:exactMatch	bold:99173	semapv:UnspecifiedMatching				
pzt:000830	skos:exactMatch	ncbi:324623	semapv:UnspecifiedMatching				
pzt:000830	skos:exactMatch	wikidata:Q23056005	semapv:UnspecifiedMatching				
pzt:000830	skos:exactMatch	worms:627117	semapv:UnspecifiedMatching				
pzt:000831	skos:exactMatch	bold:246658	semapv:UnspecifiedMatching				
pzt:000831	skos:exactMatch	ecotaxa_legacy:557	semapv:UnspecifiedMatching				
pzt:000831	skos:exactMatch	ecotaxa_legacy:582	semapv:UnspecifiedMatching				
pzt:000831	skos:exactMatch	ecotaxa_legacy:620	semapv:UnspecifiedMatching				
pzt:000831	skos:exactMatch	ncbi:29178	semapv:UnspecifiedMatching				
pzt:000831	skos:exactMatch	wikidata:Q107027	semapv:UnspecifiedMatching				
pzt:000831	skos:exactMatch	worms:1410	semapv:UnspecifiedMatching				
pzt:000834	skos:exactMatch	bold:464535	semapv:UnspecifiedMatching				
pzt:000834	skos:exactMatch	ecotaxa_legacy:182	semapv:UnspecifiedMatching				
pzt:000834	skos:exactMatch	ncbi:45998	semapv:UnspecifiedMatching				
pzt:000834	skos:exactMatch	wikidata:Q5881117	semapv:UnspecifiedMatching				
pzt:000834	skos:exactMatch	worms:111929	semapv:UnspecifiedMatching				
pzt:000835	skos:exactMatch	worms:112203	semapv:UnspecifiedMatching				
pzt:000842	skos:exactMatch	bold:604080	semapv:UnspecifiedMatching				
pzt:000842	skos:exactMatch	ncbi:38819	semapv:UnspecifiedMatching				
pzt:000842	skos:exactMatch	wikidata:Q23056098	semapv:UnspecifiedMatching				
pzt:000842	skos:exactMatch	worms:235985	semapv:UnspecifiedMatching				
pzt:000846	skos:exactMatch	ncbi:418908	semapv:UnspecifiedMatching				
pzt:000846	skos:exactMatch	wikidata:Q68398131	semapv:UnspecifiedMatching				
pzt:000846	skos:exactMatch	worms:1327470	semapv:UnspecifiedMatching				
pzt:000849	skos:exactMatch	bold:603718	semapv:UnspecifiedMatching				
pzt:000849	skos:exactMatch	ncbi:38816	semapv:UnspecifiedMatching				
pzt:000849	skos:exactMatch	wikidata:Q126697989	semapv:UnspecifiedMatching				
pzt:000849	skos:exactMatch	worms:236056	semapv:UnspecifiedMatching				
pzt:000852	skos:exactMatch	bold:163632	semapv:UnspecifiedMatching				
pzt:000852	skos:exactMatch	ncbi:33656	semapv:UnspecifiedMatching				
pzt:000852	skos:exactMatch	wikidata:Q3377945	semapv:UnspecifiedMatching				
pzt:000852	skos:exactMatch	worms:115088	semapv:UnspecifiedMatching				
pzt:000853	skos:broadMatch	bold:163632	semapv:LogicalReasoning				
pzt:000853	skos:exactMatch	ncbi:118080	semapv:UnspecifiedMatching				
pzt:000853	skos:exactMatch	wikidata:Q23057523	semapv:UnspecifiedMatching				
pzt:000853	skos:exactMatch	worms:613430	semapv:UnspecifiedMatching				
pzt:000856	skos:exactMatch	bold:112538	semapv:UnspecifiedMatching				
pzt:000856	skos:exactMatch	ncbi:35140	semapv:UnspecifiedMatching				
pzt:000856	skos:exactMatch	wikidata:Q3082611	semapv:UnspecifiedMatching				
pzt:000856	skos:exactMatch	worms:115090	semapv:UnspecifiedMatching				
pzt:000857	skos:broadMatch	bold:112538	semapv:LogicalReasoning				
pzt:000857	skos:broadMatch	ncbi:35140	semapv:LogicalReasoning				
pzt:000857	skos:exactMatch	wikidata:Q23057172	semapv:UnspecifiedMatching				
pzt:000857	skos:exactMatch	worms:388470	semapv:UnspecifiedMatching				
pzt:000858	skos:broadMatch	bold:112538	semapv:LogicalReasoning				
pzt:000858	skos:exactMatch	ncbi:418974	semapv:UnspecifiedMatching				
pzt:000858	skos:exactMatch	wikidata:Q23057217	semapv:UnspecifiedMatching				
pzt:000858	skos:exactMatch	worms:115126	semapv:UnspecifiedMatching				
pzt:000862	skos:exactMatch	bold:730257	semapv:UnspecifiedMatching				
pzt:000862	skos:exactMatch	ncbi:418928	semapv:UnspecifiedMatching				
pzt:000862	skos:exactMatch	wikidata:Q23058996	semapv:UnspecifiedMatching				
pzt:000862	skos:exactMatch	worms:555889	semapv:UnspecifiedMatching				
pzt:000863	skos:exactMatch	ncbi:418941	semapv:UnspecifiedMatching				
pzt:000865	skos:broadMatch	ncbi:418941	semapv:LogicalReasoning				
pzt:000865	skos:exactMatch	bold:730257	semapv:UnspecifiedMatching				
pzt:000865	skos:exactMatch	wikidata:Q23059044	semapv:UnspecifiedMatching				
pzt:000865	skos:exactMatch	worms:573399	semapv:UnspecifiedMatching				
pzt:000867	skos:broadMatch	ncbi:418941	semapv:LogicalReasoning				
pzt:000867	skos:exactMatch	bold:546920	semapv:UnspecifiedMatching				
pzt:000867	skos:exactMatch	wikidata:Q68104031	semapv:UnspecifiedMatching				
pzt:000867	skos:exactMatch	worms:235972	semapv:UnspecifiedMatching				
pzt:000868	skos:exactMatch	ncbi:418932	semapv:UnspecifiedMatching				
pzt:000870	skos:broadMatch	ncbi:418932	semapv:LogicalReasoning				
pzt:000870	skos:exactMatch	bold:163626	semapv:UnspecifiedMatching				
pzt:000870	skos:exactMatch	wikidata:Q23059051	semapv:UnspecifiedMatching				
pzt:000870	skos:exactMatch	worms:235924	semapv:UnspecifiedMatching				
pzt:000871	skos:broadMatch	ncbi:418932	semapv:LogicalReasoning				
pzt:000871	skos:exactMatch	bold:163626	semapv:UnspecifiedMatching				
pzt:000871	skos:exactMatch	wikidata:Q23070324	semapv:UnspecifiedMatching				
pzt:000871	skos:exactMatch	worms:115081	semapv:UnspecifiedMatching				
pzt:000873	skos:exactMatch	bold:163626	semapv:UnspecifiedMatching				
pzt:000873	skos:exactMatch	ncbi:418946	semapv:UnspecifiedMatching				
pzt:000873	skos:exactMatch	wikidata:Q23069525	semapv:UnspecifiedMatching				
pzt:000873	skos:exactMatch	worms:235979	semapv:UnspecifiedMatching				
pzt:000877	skos:exactMatch	bold:730260	semapv:UnspecifiedMatching				
pzt:000877	skos:exactMatch	ncbi:418940	semapv:UnspecifiedMatching				
pzt:000877	skos:exactMatch	wikidata:Q23070954	semapv:UnspecifiedMatching				
pzt:000877	skos:exactMatch	worms:235975	semapv:UnspecifiedMatching				
pzt:000879	skos:exactMatch	bold:74456	semapv:UnspecifiedMatching				
pzt:000879	skos:exactMatch	ecotaxa_legacy:711	semapv:UnspecifiedMatching				
pzt:000879	skos:exactMatch	ncbi:33849	semapv:UnspecifiedMatching				
pzt:000879	skos:exactMatch	wikidata:Q2878349	semapv:UnspecifiedMatching				
pzt:000879	skos:exactMatch	worms:148899	semapv:UnspecifiedMatching				
pzt:000880	skos:exactMatch	bold:393182	semapv:UnspecifiedMatching				
pzt:000880	skos:exactMatch	ecotaxa_legacy:711	semapv:UnspecifiedMatching				
pzt:000880	skos:exactMatch	ncbi:941245	semapv:UnspecifiedMatching				
pzt:000880	skos:exactMatch	wikidata:Q2868420	semapv:UnspecifiedMatching				
pzt:000880	skos:exactMatch	worms:162250	semapv:UnspecifiedMatching				
pzt:000882	skos:exactMatch	bold:678265	semapv:UnspecifiedMatching				
pzt:000882	skos:exactMatch	ecotaxa_legacy:706	semapv:UnspecifiedMatching				
pzt:000882	skos:exactMatch	ncbi:1529359	semapv:UnspecifiedMatching				
pzt:000882	skos:exactMatch	wikidata:Q2868422	semapv:UnspecifiedMatching				
pzt:000882	skos:exactMatch	worms:162254	semapv:UnspecifiedMatching				
pzt:000883	skos:broadMatch	bold:678265	semapv:LogicalReasoning				
pzt:000883	skos:broadMatch	ncbi:1529359	semapv:LogicalReasoning				
pzt:000883	skos:exactMatch	ecotaxa_legacy:706	semapv:UnspecifiedMatching				
pzt:000883	skos:exactMatch	wikidata:Q67892724	semapv:UnspecifiedMatching				
pzt:000883	skos:exactMatch	worms:394598	semapv:UnspecifiedMatching				
pzt:000885	skos:exactMatch	bold:87576	semapv:UnspecifiedMatching				
pzt:000885	skos:exactMatch	ecotaxa_legacy:711	semapv:UnspecifiedMatching				
pzt:000885	skos:exactMatch	ncbi:33852	semapv:UnspecifiedMatching				
pzt:000885	skos:exactMatch	wikidata:Q4838943	semapv:UnspecifiedMatching				
pzt:000885	skos:exactMatch	worms:149002	semapv:UnspecifiedMatching				
pzt:000886	skos:exactMatch	bold:180373	semapv:UnspecifiedMatching				
pzt:000886	skos:exactMatch	ecotaxa_legacy:659	semapv:UnspecifiedMatching				
pzt:000886	skos:exactMatch	ncbi:3002	semapv:UnspecifiedMatching				
pzt:000886	skos:exactMatch	wikidata:Q798285	semapv:UnspecifiedMatching				
pzt:000886	skos:exactMatch	worms:149148	semapv:UnspecifiedMatching				
pzt:000887	skos:exactMatch	bold:87577	semapv:UnspecifiedMatching				
pzt:000887	skos:exactMatch	ecotaxa_legacy:711	semapv:UnspecifiedMatching				
pzt:000887	skos:exactMatch	ncbi:2852	semapv:UnspecifiedMatching				
pzt:000887	skos:exactMatch	wikidata:Q23821592	semapv:UnspecifiedMatching				
pzt:000887	skos:exactMatch	worms:149003	semapv:UnspecifiedMatching				
pzt:000888	skos:exactMatch	bold:87578	semapv:UnspecifiedMatching				
pzt:000888	skos:exactMatch	ecotaxa_legacy:711	semapv:UnspecifiedMatching				
pzt:000888	skos:exactMatch	ncbi:2856	semapv:UnspecifiedMatching				
pzt:000888	skos:exactMatch	wikidata:Q61998601	semapv:UnspecifiedMatching				
pzt:000888	skos:exactMatch	worms:149004	semapv:UnspecifiedMatching				
pzt:000889	skos:exactMatch	bold:87687	semapv:UnspecifiedMatching				
pzt:000889	skos:exactMatch	ecotaxa_legacy:711	semapv:UnspecifiedMatching				
pzt:000889	skos:exactMatch	ncbi:186035	semapv:UnspecifiedMatching				
pzt:000889	skos:exactMatch	wikidata:Q25366030	semapv:UnspecifiedMatching				
pzt:000889	skos:exactMatch	worms:149313	semapv:UnspecifiedMatching				
pzt:000890	skos:exactMatch	bold:87625	semapv:UnspecifiedMatching				
pzt:000890	skos:exactMatch	ecotaxa_legacy:711	semapv:UnspecifiedMatching				
pzt:000890	skos:exactMatch	ncbi:651811	semapv:UnspecifiedMatching				
pzt:000890	skos:exactMatch	wikidata:Q1583107	semapv:UnspecifiedMatching				
pzt:000890	skos:exactMatch	worms:149045	semapv:UnspecifiedMatching				
pzt:000891	skos:exactMatch	bold:785727	semapv:UnspecifiedMatching				
pzt:000891	skos:exactMatch	ecotaxa_legacy:711	semapv:UnspecifiedMatching				
pzt:000891	skos:exactMatch	ncbi:303396	semapv:UnspecifiedMatching				
pzt:000891	skos:exactMatch	wikidata:Q49600010	semapv:UnspecifiedMatching				
pzt:000891	skos:exactMatch	worms:609727	semapv:UnspecifiedMatching				
pzt:000892	skos:exactMatch	bold:87706	semapv:UnspecifiedMatching				
pzt:000892	skos:exactMatch	ecotaxa_legacy:630	semapv:UnspecifiedMatching				
pzt:000892	skos:exactMatch	ncbi:41953	semapv:UnspecifiedMatching				
pzt:000892	skos:exactMatch	wikidata:Q891709	semapv:UnspecifiedMatching				
pzt:000892	skos:exactMatch	worms:149151	semapv:UnspecifiedMatching				
pzt:000896	skos:broadMatch	bold:74456	semapv:LogicalReasoning				
pzt:000896	skos:broadMatch	ncbi:33849	semapv:LogicalReasoning				
pzt:000896	skos:broadMatch	wikidata:Q2878349	semapv:LogicalReasoning				
pzt:000896	skos:exactMatch	ecotaxa_legacy:711	semapv:UnspecifiedMatching				
pzt:000896	skos:exactMatch	worms:1324082	semapv:UnspecifiedMatching				
pzt:000899	skos:exactMatch	bold:603546	semapv:UnspecifiedMatching				
pzt:000899	skos:exactMatch	ecotaxa_legacy:711	semapv:UnspecifiedMatching				
pzt:000899	skos:exactMatch	ncbi:420276	semapv:UnspecifiedMatching				
pzt:000899	skos:exactMatch	wikidata:Q25366246	semapv:UnspecifiedMatching				
pzt:000899	skos:exactMatch	worms:148967	semapv:UnspecifiedMatching				
pzt:000900	skos:exactMatch	bold:603786	semapv:UnspecifiedMatching				
pzt:000900	skos:exactMatch	ecotaxa_legacy:711	semapv:UnspecifiedMatching				
pzt:000900	skos:exactMatch	ncbi:1003063	semapv:UnspecifiedMatching				
pzt:000900	skos:exactMatch	wikidata:Q25366249	semapv:UnspecifiedMatching				
pzt:000900	skos:exactMatch	worms:163257	semapv:UnspecifiedMatching				
pzt:000902	skos:exactMatch	bold:180383	semapv:UnspecifiedMatching				
pzt:000902	skos:exactMatch	ecotaxa_legacy:711	semapv:UnspecifiedMatching				
pzt:000902	skos:exactMatch	ncbi:1003021	semapv:UnspecifiedMatching				
pzt:000902	skos:exactMatch	wikidata:Q16831734	semapv:UnspecifiedMatching				
pzt:000902	skos:exactMatch	worms:148966	semapv:UnspecifiedMatching				
pzt:000903	skos:exactMatch	bold:604073	semapv:UnspecifiedMatching				
pzt:000903	skos:exactMatch	ecotaxa_legacy:711	semapv:UnspecifiedMatching				
pzt:000903	skos:exactMatch	ncbi:1003143	semapv:UnspecifiedMatching				
pzt:000903	skos:exactMatch	wikidata:Q25366253	semapv:UnspecifiedMatching				
pzt:000903	skos:exactMatch	worms:254445	semapv:UnspecifiedMatching				
pzt:000904	skos:broadMatch	bold:74456	semapv:LogicalReasoning				
pzt:000904	skos:broadMatch	ncbi:33849	semapv:LogicalReasoning				
pzt:000904	skos:exactMatch	ecotaxa_legacy:711	semapv:UnspecifiedMatching				
pzt:000904	skos:exactMatch	wikidata:Q20670868	semapv:UnspecifiedMatching				
pzt:000904	skos:exactMatch	worms:341285	semapv:UnspecifiedMatching				
pzt:000907	skos:exactMatch	bold:87564	semapv:UnspecifiedMatching				
pzt:000907	skos:exactMatch	ecotaxa_legacy:538	semapv:UnspecifiedMatching				
pzt:000907	skos:exactMatch	ncbi:426670	semapv:UnspecifiedMatching				
pzt:000907	skos:exactMatch	wikidata:Q4840004	semapv:UnspecifiedMatching				
pzt:000907	skos:exactMatch	worms:149118	semapv:UnspecifiedMatching				
pzt:000908	skos:exactMatch	bold:87566	semapv:UnspecifiedMatching				
pzt:000908	skos:exactMatch	ecotaxa_legacy:540	semapv:UnspecifiedMatching				
pzt:000908	skos:exactMatch	ecotaxa_legacy:734	semapv:UnspecifiedMatching				
pzt:000908	skos:exactMatch	ecotaxa_legacy:754	semapv:UnspecifiedMatching				
pzt:000908	skos:exactMatch	ecotaxa_legacy:760	semapv:UnspecifiedMatching				
pzt:000908	skos:exactMatch	ncbi:49237	semapv:UnspecifiedMatching				
pzt:000908	skos:exactMatch	wikidata:Q1761179	semapv:UnspecifiedMatching				
pzt:000908	skos:exactMatch	worms:148985	semapv:UnspecifiedMatching				
pzt:000909	skos:exactMatch	bold:202268	semapv:UnspecifiedMatching				
pzt:000909	skos:exactMatch	ecotaxa_legacy:540	semapv:UnspecifiedMatching				
pzt:000909	skos:exactMatch	ecotaxa_legacy:734	semapv:UnspecifiedMatching				
pzt:000909	skos:exactMatch	ecotaxa_legacy:754	semapv:UnspecifiedMatching				
pzt:000909	skos:exactMatch	ecotaxa_legacy:760	semapv:UnspecifiedMatching				
pzt:000909	skos:exactMatch	ncbi:426623	semapv:UnspecifiedMatching				
pzt:000909	skos:exactMatch	wikidata:Q49620299	semapv:UnspecifiedMatching				
pzt:000909	skos:exactMatch	worms:149241	semapv:UnspecifiedMatching				
pzt:000910	skos:broadMatch	bold:87566	semapv:LogicalReasoning				
pzt:000910	skos:exactMatch	ecotaxa_legacy:540	semapv:UnspecifiedMatching				
pzt:000910	skos:exactMatch	ecotaxa_legacy:734	semapv:UnspecifiedMatching				
pzt:000910	skos:exactMatch	ecotaxa_legacy:754	semapv:UnspecifiedMatching				
pzt:000910	skos:exactMatch	ecotaxa_legacy:760	semapv:UnspecifiedMatching				
pzt:000910	skos:exactMatch	ncbi:2082233	semapv:UnspecifiedMatching				
pzt:000910	skos:exactMatch	wikidata:Q67881399	semapv:UnspecifiedMatching				
pzt:000910	skos:exactMatch	worms:149292	semapv:UnspecifiedMatching				
pzt:000911	skos:broadMatch	bold:87566	semapv:LogicalReasoning				
pzt:000911	skos:broadMatch	ncbi:49237	semapv:LogicalReasoning				
pzt:000911	skos:broadMatch	worms:148985	semapv:LogicalReasoning				
pzt:000911	skos:exactMatch	ecotaxa_legacy:734	semapv:UnspecifiedMatching				
pzt:000911	skos:exactMatch	wikidata:Q67881815	semapv:UnspecifiedMatching				
pzt:000912	skos:broadMatch	bold:87566	semapv:LogicalReasoning				
pzt:000912	skos:exactMatch	ecotaxa_legacy:540	semapv:UnspecifiedMatching				
pzt:000912	skos:exactMatch	ecotaxa_legacy:734	semapv:UnspecifiedMatching				
pzt:000912	skos:exactMatch	ecotaxa_legacy:754	semapv:UnspecifiedMatching				
pzt:000912	skos:exactMatch	ecotaxa_legacy:760	semapv:UnspecifiedMatching				
pzt:000912	skos:exactMatch	ncbi:426631	semapv:UnspecifiedMatching				
pzt:000912	skos:exactMatch	wikidata:Q49620201	semapv:UnspecifiedMatching				
pzt:000912	skos:exactMatch	worms:149120	semapv:UnspecifiedMatching				
pzt:000913	skos:exactMatch	bold:187435	semapv:UnspecifiedMatching				
pzt:000913	skos:exactMatch	ecotaxa_legacy:540	semapv:UnspecifiedMatching				
pzt:000913	skos:exactMatch	ecotaxa_legacy:734	semapv:UnspecifiedMatching				
pzt:000913	skos:exactMatch	ecotaxa_legacy:754	semapv:UnspecifiedMatching				
pzt:000913	skos:exactMatch	ecotaxa_legacy:760	semapv:UnspecifiedMatching				
pzt:000913	skos:exactMatch	ncbi:655751	semapv:UnspecifiedMatching				
pzt:000913	skos:exactMatch	wikidata:Q49622035	semapv:UnspecifiedMatching				
pzt:000913	skos:exactMatch	worms:149126	semapv:UnspecifiedMatching				
pzt:000914	skos:exactMatch	bold:461601	semapv:UnspecifiedMatching				
pzt:000914	skos:exactMatch	ecotaxa_legacy:540	semapv:UnspecifiedMatching				
pzt:000914	skos:exactMatch	ecotaxa_legacy:734	semapv:UnspecifiedMatching				
pzt:000914	skos:exactMatch	ecotaxa_legacy:754	semapv:UnspecifiedMatching				
pzt:000914	skos:exactMatch	ecotaxa_legacy:760	semapv:UnspecifiedMatching				
pzt:000914	skos:exactMatch	ncbi:49238	semapv:UnspecifiedMatching				
pzt:000914	skos:exactMatch	wikidata:Q2947528	semapv:UnspecifiedMatching				
pzt:000914	skos:exactMatch	worms:149122	semapv:UnspecifiedMatching				
pzt:000915	skos:broadMatch	bold:87566	semapv:LogicalReasoning				
pzt:000915	skos:exactMatch	ecotaxa_legacy:540	semapv:UnspecifiedMatching				
pzt:000915	skos:exactMatch	ecotaxa_legacy:734	semapv:UnspecifiedMatching				
pzt:000915	skos:exactMatch	ecotaxa_legacy:754	semapv:UnspecifiedMatching				
pzt:000915	skos:exactMatch	ecotaxa_legacy:760	semapv:UnspecifiedMatching				
pzt:000915	skos:exactMatch	ncbi:426633	semapv:UnspecifiedMatching				
pzt:000915	skos:exactMatch	wikidata:Q61998745	semapv:UnspecifiedMatching				
pzt:000915	skos:exactMatch	worms:157431	semapv:UnspecifiedMatching				
pzt:000916	skos:exactMatch	bold:604144	semapv:UnspecifiedMatching				
pzt:000916	skos:exactMatch	ecotaxa_legacy:754	semapv:UnspecifiedMatching				
pzt:000916	skos:exactMatch	ncbi:426635	semapv:UnspecifiedMatching				
pzt:000916	skos:exactMatch	wikidata:Q49618661	semapv:UnspecifiedMatching				
pzt:000916	skos:exactMatch	worms:178185	semapv:UnspecifiedMatching				
pzt:000917	skos:exactMatch	worms:163055	semapv:UnspecifiedMatching				
pzt:000918	skos:exactMatch	bold:87567	semapv:UnspecifiedMatching				
pzt:000918	skos:exactMatch	ecotaxa_legacy:540	semapv:UnspecifiedMatching				
pzt:000918	skos:exactMatch	ecotaxa_legacy:734	semapv:UnspecifiedMatching				
pzt:000918	skos:exactMatch	ecotaxa_legacy:754	semapv:UnspecifiedMatching				
pzt:000918	skos:exactMatch	ecotaxa_legacy:760	semapv:UnspecifiedMatching				
pzt:000918	skos:exactMatch	ncbi:163503	semapv:UnspecifiedMatching				
pzt:000918	skos:exactMatch	wikidata:Q49618649	semapv:UnspecifiedMatching				
pzt:000918	skos:exactMatch	worms:149123	semapv:UnspecifiedMatching				
pzt:000919	skos:broadMatch	bold:87566	semapv:LogicalReasoning				
pzt:000919	skos:exactMatch	ecotaxa_legacy:540	semapv:UnspecifiedMatching				
pzt:000919	skos:exactMatch	ecotaxa_legacy:734	semapv:UnspecifiedMatching				
pzt:000919	skos:exactMatch	ecotaxa_legacy:754	semapv:UnspecifiedMatching				
pzt:000919	skos:exactMatch	ecotaxa_legacy:760	semapv:UnspecifiedMatching				
pzt:000919	skos:exactMatch	ncbi:2082241	semapv:UnspecifiedMatching				
pzt:000919	skos:exactMatch	wikidata:Q67883084	semapv:UnspecifiedMatching				
pzt:000919	skos:exactMatch	worms:163161	semapv:UnspecifiedMatching				
pzt:000924	skos:exactMatch	bold:603638	semapv:UnspecifiedMatching				
pzt:000924	skos:exactMatch	ecotaxa_legacy:711	semapv:UnspecifiedMatching				
pzt:000924	skos:exactMatch	ncbi:449129	semapv:UnspecifiedMatching				
pzt:000924	skos:exactMatch	wikidata:Q25366520	semapv:UnspecifiedMatching				
pzt:000924	skos:exactMatch	worms:248081	semapv:UnspecifiedMatching				
pzt:000927	skos:exactMatch	bold:87570	semapv:UnspecifiedMatching				
pzt:000927	skos:exactMatch	ecotaxa_legacy:541	semapv:UnspecifiedMatching				
pzt:000927	skos:exactMatch	ncbi:49242	semapv:UnspecifiedMatching				
pzt:000927	skos:exactMatch	wikidata:Q25366255	semapv:UnspecifiedMatching				
pzt:000927	skos:exactMatch	worms:149109	semapv:UnspecifiedMatching				
pzt:000929	skos:exactMatch	bold:74448	semapv:UnspecifiedMatching				
pzt:000929	skos:exactMatch	ecotaxa_legacy:720	semapv:UnspecifiedMatching				
pzt:000929	skos:exactMatch	ncbi:38747	semapv:UnspecifiedMatching				
pzt:000929	skos:exactMatch	wikidata:Q5173858	semapv:UnspecifiedMatching				
pzt:000929	skos:exactMatch	worms:148916	semapv:UnspecifiedMatching				
pzt:000930	skos:exactMatch	bold:74449	semapv:UnspecifiedMatching				
pzt:000930	skos:exactMatch	ecotaxa_legacy:202	semapv:UnspecifiedMatching				
pzt:000930	skos:exactMatch	ncbi:33641	semapv:UnspecifiedMatching				
pzt:000930	skos:exactMatch	wikidata:Q12744975	semapv:UnspecifiedMatching				
pzt:000930	skos:exactMatch	worms:148917	semapv:UnspecifiedMatching				
pzt:000932	skos:exactMatch	bold:74447	semapv:UnspecifiedMatching				
pzt:000932	skos:exactMatch	ecotaxa_legacy:720	semapv:UnspecifiedMatching				
pzt:000932	skos:exactMatch	ncbi:216785	semapv:UnspecifiedMatching				
pzt:000932	skos:exactMatch	wikidata:Q21230272	semapv:UnspecifiedMatching				
pzt:000932	skos:exactMatch	worms:602203	semapv:UnspecifiedMatching				
pzt:000934	skos:exactMatch	bold:87668	semapv:UnspecifiedMatching				
pzt:000934	skos:exactMatch	ecotaxa_legacy:720	semapv:UnspecifiedMatching				
pzt:000934	skos:exactMatch	ncbi:1954218	semapv:UnspecifiedMatching				
pzt:000934	skos:exactMatch	wikidata:Q21213712	semapv:UnspecifiedMatching				
pzt:000934	skos:exactMatch	worms:180366	semapv:UnspecifiedMatching				
pzt:000935	skos:exactMatch	worms:180367	semapv:UnspecifiedMatching				
pzt:000939	skos:broadMatch	bold:74456	semapv:LogicalReasoning				
pzt:000939	skos:exactMatch	ecotaxa_legacy:711	semapv:UnspecifiedMatching				
pzt:000939	skos:exactMatch	ncbi:938126	semapv:UnspecifiedMatching				
pzt:000939	skos:exactMatch	wikidata:Q67897495	semapv:UnspecifiedMatching				
pzt:000939	skos:exactMatch	worms:573421	semapv:UnspecifiedMatching				
pzt:000941	skos:exactMatch	bold:74458	semapv:UnspecifiedMatching				
pzt:000941	skos:exactMatch	ecotaxa_legacy:711	semapv:UnspecifiedMatching				
pzt:000941	skos:exactMatch	ncbi:33856	semapv:UnspecifiedMatching				
pzt:000941	skos:exactMatch	wikidata:Q9262021	semapv:UnspecifiedMatching				
pzt:000941	skos:exactMatch	worms:148952	semapv:UnspecifiedMatching				
pzt:000942	skos:exactMatch	bold:181159	semapv:UnspecifiedMatching				
pzt:000942	skos:exactMatch	ecotaxa_legacy:615	semapv:UnspecifiedMatching				
pzt:000942	skos:exactMatch	ecotaxa_legacy:658	semapv:UnspecifiedMatching				
pzt:000942	skos:exactMatch	ncbi:35129	semapv:UnspecifiedMatching				
pzt:000942	skos:exactMatch	wikidata:Q150125	semapv:UnspecifiedMatching				
pzt:000942	skos:exactMatch	worms:148953	semapv:UnspecifiedMatching				
pzt:000943	skos:broadMatch	bold:181159	semapv:LogicalReasoning				
pzt:000943	skos:broadMatch	ncbi:35129	semapv:LogicalReasoning				
pzt:000943	skos:exactMatch	ecotaxa_legacy:615	semapv:UnspecifiedMatching				
pzt:000943	skos:exactMatch	ecotaxa_legacy:658	semapv:UnspecifiedMatching				
pzt:000943	skos:exactMatch	wikidata:Q61998650	semapv:UnspecifiedMatching				
pzt:000943	skos:exactMatch	worms:149375	semapv:UnspecifiedMatching				
pzt:000944	skos:exactMatch	bold:87560	semapv:UnspecifiedMatching				
pzt:000944	skos:exactMatch	ecotaxa_legacy:711	semapv:UnspecifiedMatching				
pzt:000944	skos:exactMatch	ncbi:33639	semapv:UnspecifiedMatching				
pzt:000944	skos:exactMatch	wikidata:Q25366557	semapv:UnspecifiedMatching				
pzt:000944	skos:exactMatch	worms:149138	semapv:UnspecifiedMatching				
pzt:000945	skos:exactMatch	bold:87561	semapv:UnspecifiedMatching				
pzt:000945	skos:exactMatch	ecotaxa_legacy:711	semapv:UnspecifiedMatching				
pzt:000945	skos:exactMatch	ncbi:33640	semapv:UnspecifiedMatching				
pzt:000945	skos:exactMatch	wikidata:Q49620606	semapv:UnspecifiedMatching				
pzt:000945	skos:exactMatch	worms:149139	semapv:UnspecifiedMatching				
pzt:000946	skos:exactMatch	bold:603554	semapv:UnspecifiedMatching				
pzt:000946	skos:exactMatch	ecotaxa_legacy:766	semapv:UnspecifiedMatching				
pzt:000946	skos:exactMatch	ncbi:915294	semapv:UnspecifiedMatching				
pzt:000946	skos:exactMatch	wikidata:Q25366563	semapv:UnspecifiedMatching				
pzt:000946	skos:exactMatch	worms:163735	semapv:UnspecifiedMatching				
pzt:000948	skos:broadMatch	bold:74458	semapv:LogicalReasoning				
pzt:000948	skos:exactMatch	ecotaxa_legacy:711	semapv:UnspecifiedMatching				
pzt:000948	skos:exactMatch	ncbi:2856	semapv:UnspecifiedMatching				
pzt:000948	skos:exactMatch	wikidata:Q127325586	semapv:UnspecifiedMatching				
pzt:000948	skos:exactMatch	worms:163932	semapv:UnspecifiedMatching				
pzt:000949	skos:exactMatch	bold:249225	semapv:UnspecifiedMatching				
pzt:000949	skos:exactMatch	ecotaxa_legacy:456	semapv:UnspecifiedMatching				
pzt:000949	skos:exactMatch	ecotaxa_legacy:559	semapv:UnspecifiedMatching				
pzt:000949	skos:exactMatch	ncbi:1003038	semapv:UnspecifiedMatching				
pzt:000949	skos:exactMatch	wikidata:Q25661394	semapv:UnspecifiedMatching				
pzt:000949	skos:exactMatch	worms:163921	semapv:UnspecifiedMatching				
pzt:000950	skos:exactMatch	bold:603667	semapv:UnspecifiedMatching				
pzt:000950	skos:exactMatch	ecotaxa_legacy:711	semapv:UnspecifiedMatching				
pzt:000950	skos:exactMatch	ncbi:2862	semapv:UnspecifiedMatching				
pzt:000950	skos:exactMatch	wikidata:Q14552177	semapv:UnspecifiedMatching				
pzt:000950	skos:exactMatch	worms:149013	semapv:UnspecifiedMatching				
pzt:000951	skos:exactMatch	bold:603665	semapv:UnspecifiedMatching				
pzt:000951	skos:exactMatch	ecotaxa_legacy:711	semapv:UnspecifiedMatching				
pzt:000951	skos:exactMatch	ncbi:426639	semapv:UnspecifiedMatching				
pzt:000951	skos:exactMatch	wikidata:Q67871395	semapv:UnspecifiedMatching				
pzt:000951	skos:exactMatch	worms:149014	semapv:UnspecifiedMatching				
pzt:000952	skos:exactMatch	bold:74459	semapv:UnspecifiedMatching				
pzt:000952	skos:exactMatch	ecotaxa_legacy:711	semapv:UnspecifiedMatching				
pzt:000952	skos:exactMatch	ncbi:33644	semapv:UnspecifiedMatching				
pzt:000952	skos:exactMatch	wikidata:Q1440428	semapv:UnspecifiedMatching				
pzt:000952	skos:exactMatch	worms:149028	semapv:UnspecifiedMatching				
pzt:000953	skos:exactMatch	worms:149186	semapv:UnspecifiedMatching				
pzt:000956	skos:exactMatch	bold:87704	semapv:UnspecifiedMatching				
pzt:000956	skos:exactMatch	ecotaxa_legacy:711	semapv:UnspecifiedMatching				
pzt:000956	skos:exactMatch	ncbi:210443	semapv:UnspecifiedMatching				
pzt:000956	skos:exactMatch	wikidata:Q25366283	semapv:UnspecifiedMatching				
pzt:000956	skos:exactMatch	worms:149305	semapv:UnspecifiedMatching				
pzt:000958	skos:exactMatch	bold:603458	semapv:UnspecifiedMatching				
pzt:000958	skos:exactMatch	ecotaxa_legacy:713	semapv:UnspecifiedMatching				
pzt:000958	skos:exactMatch	ncbi:1003030	semapv:UnspecifiedMatching				
pzt:000958	skos:exactMatch	wikidata:Q19774023	semapv:UnspecifiedMatching				
pzt:000958	skos:exactMatch	worms:149236	semapv:UnspecifiedMatching				
pzt:000959	skos:exactMatch	bold:603459	semapv:UnspecifiedMatching				
pzt:000959	skos:exactMatch	ecotaxa_legacy:713	semapv:UnspecifiedMatching				
pzt:000959	skos:exactMatch	ncbi:1003031	semapv:UnspecifiedMatching				
pzt:000959	skos:exactMatch	wikidata:Q67883482	semapv:UnspecifiedMatching				
pzt:000959	skos:exactMatch	worms:149619	semapv:UnspecifiedMatching				
pzt:000960	skos:exactMatch	bold:1350166	semapv:UnspecifiedMatching				
pzt:000960	skos:exactMatch	ecotaxa_legacy:732	semapv:UnspecifiedMatching				
pzt:000960	skos:exactMatch	ncbi:2022333	semapv:UnspecifiedMatching				
pzt:000960	skos:exactMatch	wikidata:Q25366289	semapv:UnspecifiedMatching				
pzt:000960	skos:exactMatch	worms:196803	semapv:UnspecifiedMatching				
pzt:000961	skos:broadMatch	bold:1350166	semapv:LogicalReasoning				
pzt:000961	skos:broadMatch	ncbi:2022333	semapv:LogicalReasoning				
pzt:000961	skos:broadMatch	wikidata:Q25366289	semapv:LogicalReasoning				
pzt:000961	skos:broadMatch	worms:196803	semapv:LogicalReasoning				
pzt:000961	skos:exactMatch	ecotaxa_legacy:732	semapv:UnspecifiedMatching				
pzt:000962	skos:exactMatch	bold:87640	semapv:UnspecifiedMatching				
pzt:000962	skos:exactMatch	ecotaxa_legacy:744	semapv:UnspecifiedMatching				
pzt:000962	skos:exactMatch	ncbi:49251	semapv:UnspecifiedMatching				
pzt:000962	skos:exactMatch	wikidata:Q25366290	semapv:UnspecifiedMatching				
pzt:000962	skos:exactMatch	worms:149130	semapv:UnspecifiedMatching				
pzt:000963	skos:exactMatch	bold:678276	semapv:UnspecifiedMatching				
pzt:000963	skos:exactMatch	ecotaxa_legacy:744	semapv:UnspecifiedMatching				
pzt:000963	skos:exactMatch	ncbi:1527828	semapv:UnspecifiedMatching				
pzt:000963	skos:exactMatch	wikidata:Q68377307	semapv:UnspecifiedMatching				
pzt:000963	skos:exactMatch	worms:248058	semapv:UnspecifiedMatching				
pzt:000964	skos:exactMatch	bold:603754	semapv:UnspecifiedMatching				
pzt:000964	skos:exactMatch	ecotaxa_legacy:522	semapv:UnspecifiedMatching				
pzt:000964	skos:exactMatch	ncbi:426649	semapv:UnspecifiedMatching				
pzt:000964	skos:exactMatch	wikidata:Q25366002	semapv:UnspecifiedMatching				
pzt:000964	skos:exactMatch	worms:163248	semapv:UnspecifiedMatching				
pzt:000967	skos:exactMatch	bold:344873	semapv:UnspecifiedMatching				
pzt:000967	skos:exactMatch	ecotaxa_legacy:586	semapv:UnspecifiedMatching				
pzt:000967	skos:exactMatch	ncbi:163515	semapv:UnspecifiedMatching				
pzt:000967	skos:exactMatch	wikidata:Q25366303	semapv:UnspecifiedMatching				
pzt:000967	skos:exactMatch	worms:149038	semapv:UnspecifiedMatching				
pzt:000968	skos:broadMatch	bold:344873	semapv:LogicalReasoning				
pzt:000968	skos:exactMatch	ecotaxa_legacy:586	semapv:UnspecifiedMatching				
pzt:000968	skos:exactMatch	ncbi:1785165	semapv:UnspecifiedMatching				
pzt:000968	skos:exactMatch	wikidata:Q110627252	semapv:UnspecifiedMatching				
pzt:000968	skos:exactMatch	worms:149230	semapv:UnspecifiedMatching				
pzt:000970	skos:exactMatch	bold:87583	semapv:UnspecifiedMatching				
pzt:000970	skos:exactMatch	ecotaxa_legacy:711	semapv:UnspecifiedMatching				
pzt:000970	skos:exactMatch	ncbi:1398096	semapv:UnspecifiedMatching				
pzt:000970	skos:exactMatch	wikidata:Q67883360	semapv:UnspecifiedMatching				
pzt:000970	skos:exactMatch	worms:149037	semapv:UnspecifiedMatching				
pzt:000973	skos:exactMatch	bold:603472	semapv:UnspecifiedMatching				
pzt:000973	skos:exactMatch	ecotaxa_legacy:587	semapv:UnspecifiedMatching				
pzt:000973	skos:exactMatch	ncbi:210597	semapv:UnspecifiedMatching				
pzt:000973	skos:exactMatch	wikidata:Q25366573	semapv:UnspecifiedMatching				
pzt:000973	skos:exactMatch	worms:149342	semapv:UnspecifiedMatching				
pzt:000976	skos:exactMatch	bold:74454	semapv:UnspecifiedMatching				
pzt:000976	skos:exactMatch	ecotaxa_legacy:542	semapv:UnspecifiedMatching				
pzt:000976	skos:exactMatch	ncbi:49248	semapv:UnspecifiedMatching				
pzt:000976	skos:exactMatch	wikidata:Q21078568	semapv:UnspecifiedMatching				
pzt:000976	skos:exactMatch	worms:149022	semapv:UnspecifiedMatching				
pzt:000977	skos:exactMatch	worms:157438	semapv:UnspecifiedMatching				
pzt:000978	skos:exactMatch	bold:678279	semapv:UnspecifiedMatching				
pzt:000978	skos:exactMatch	ecotaxa_legacy:626	semapv:UnspecifiedMatching				
pzt:000978	skos:exactMatch	ncbi:374047	semapv:UnspecifiedMatching				
pzt:000978	skos:exactMatch	wikidata:Q67881066	semapv:UnspecifiedMatching				
pzt:000978	skos:exactMatch	worms:157440	semapv:UnspecifiedMatching				
pzt:000979	skos:exactMatch	bold:87586	semapv:UnspecifiedMatching				
pzt:000979	skos:exactMatch	ecotaxa_legacy:711	semapv:UnspecifiedMatching				
pzt:000979	skos:exactMatch	ncbi:59811	semapv:UnspecifiedMatching				
pzt:000979	skos:exactMatch	wikidata:Q25366354	semapv:UnspecifiedMatching				
pzt:000979	skos:exactMatch	worms:149321	semapv:UnspecifiedMatching				
pzt:000980	skos:broadMatch	bold:87586	semapv:LogicalReasoning				
pzt:000980	skos:exactMatch	ecotaxa_legacy:711	semapv:UnspecifiedMatching				
pzt:000980	skos:exactMatch	ncbi:1514138	semapv:UnspecifiedMatching				
pzt:000980	skos:exactMatch	wikidata:Q67885439	semapv:UnspecifiedMatching				
pzt:000980	skos:exactMatch	worms:840518	semapv:UnspecifiedMatching				
pzt:000981	skos:exactMatch	bold:327912	semapv:UnspecifiedMatching				
pzt:000981	skos:exactMatch	ecotaxa_legacy:733	semapv:UnspecifiedMatching				
pzt:000981	skos:exactMatch	ncbi:327390	semapv:UnspecifiedMatching				
pzt:000981	skos:exactMatch	wikidata:Q23070090	semapv:UnspecifiedMatching				
pzt:000981	skos:exactMatch	worms:345484	semapv:UnspecifiedMatching				
pzt:000983	skos:exactMatch	bold:87690	semapv:UnspecifiedMatching				
pzt:000983	skos:exactMatch	ecotaxa_legacy:711	semapv:UnspecifiedMatching				
pzt:000983	skos:exactMatch	ncbi:186025	semapv:UnspecifiedMatching				
pzt:000983	skos:exactMatch	wikidata:Q67694770	semapv:UnspecifiedMatching				
pzt:000983	skos:exactMatch	worms:163624	semapv:UnspecifiedMatching				
pzt:000986	skos:exactMatch	bold:603822	semapv:UnspecifiedMatching				
pzt:000986	skos:exactMatch	ecotaxa_legacy:711	semapv:UnspecifiedMatching				
pzt:000986	skos:exactMatch	ncbi:1003320	semapv:UnspecifiedMatching				
pzt:000986	skos:exactMatch	wikidata:Q25366092	semapv:UnspecifiedMatching				
pzt:000986	skos:exactMatch	worms:157052	semapv:UnspecifiedMatching				
pzt:000988	skos:exactMatch	bold:74462	semapv:UnspecifiedMatching				
pzt:000988	skos:exactMatch	ecotaxa_legacy:711	semapv:UnspecifiedMatching				
pzt:000988	skos:exactMatch	ncbi:35123	semapv:UnspecifiedMatching				
pzt:000988	skos:exactMatch	wikidata:Q18679086	semapv:UnspecifiedMatching				
pzt:000988	skos:exactMatch	worms:149041	semapv:UnspecifiedMatching				
pzt:000989	skos:exactMatch	bold:74463	semapv:UnspecifiedMatching				
pzt:000989	skos:exactMatch	ecotaxa_legacy:711	semapv:UnspecifiedMatching				
pzt:000989	skos:exactMatch	ncbi:35124	semapv:UnspecifiedMatching				
pzt:000989	skos:exactMatch	wikidata:Q1779272	semapv:UnspecifiedMatching				
pzt:000989	skos:exactMatch	worms:149042	semapv:UnspecifiedMatching				
pzt:000990	skos:broadMatch	worms:149042	semapv:LogicalReasoning				
pzt:000990	skos:exactMatch	bold:1023161	semapv:UnspecifiedMatching				
pzt:000990	skos:exactMatch	ecotaxa_legacy:711	semapv:UnspecifiedMatching				
pzt:000990	skos:exactMatch	ncbi:1453603	semapv:UnspecifiedMatching				
pzt:000990	skos:exactMatch	wikidata:Q67898176	semapv:UnspecifiedMatching				
pzt:000992	skos:exactMatch	bold:87599	semapv:UnspecifiedMatching				
pzt:000992	skos:exactMatch	ecotaxa_legacy:711	semapv:UnspecifiedMatching				
pzt:000992	skos:exactMatch	ncbi:3006	semapv:UnspecifiedMatching				
pzt:000992	skos:exactMatch	wikidata:Q25366375	semapv:UnspecifiedMatching				
pzt:000992	skos:exactMatch	worms:149630	semapv:UnspecifiedMatching				
pzt:000993	skos:exactMatch	bold:87615	semapv:UnspecifiedMatching				
pzt:000993	skos:exactMatch	ecotaxa_legacy:660	semapv:UnspecifiedMatching				
pzt:000993	skos:exactMatch	ncbi:38748	semapv:UnspecifiedMatching				
pzt:000993	skos:exactMatch	wikidata:Q4499108	semapv:UnspecifiedMatching				
pzt:000993	skos:exactMatch	worms:149015	semapv:UnspecifiedMatching				
pzt:000996	skos:exactMatch	bold:2674817	semapv:UnspecifiedMatching				
pzt:000996	skos:exactMatch	ecotaxa_legacy:660	semapv:UnspecifiedMatching				
pzt:000996	skos:exactMatch	ncbi:1146997	semapv:UnspecifiedMatching				
pzt:000996	skos:exactMatch	wikidata:Q123283803	semapv:UnspecifiedMatching				
pzt:000996	skos:exactMatch	worms:1782279	semapv:UnspecifiedMatching				
pzt:000998	skos:broadMatch	bold:87615	semapv:LogicalReasoning				
pzt:000998	skos:exactMatch	ecotaxa_legacy:660	semapv:UnspecifiedMatching				
pzt:000998	skos:exactMatch	ncbi:2126264	semapv:UnspecifiedMatching				
pzt:000998	skos:exactMatch	wikidata:Q23829516	semapv:UnspecifiedMatching				
pzt:000998	skos:exactMatch	worms:149516	semapv:UnspecifiedMatching				
pzt:000999	skos:exactMatch	bold:300061	semapv:UnspecifiedMatching				
pzt:000999	skos:exactMatch	ecotaxa_legacy:417	semapv:UnspecifiedMatching				
pzt:000999	skos:exactMatch	ncbi:197751	semapv:UnspecifiedMatching				
pzt:000999	skos:exactMatch	wikidata:Q18674627	semapv:UnspecifiedMatching				
pzt:000999	skos:exactMatch	worms:149032	semapv:UnspecifiedMatching				
pzt:001000	skos:broadMatch	bold:300061	semapv:LogicalReasoning				
pzt:001000	skos:exactMatch	ecotaxa_legacy:417	semapv:UnspecifiedMatching				
pzt:001000	skos:exactMatch	ncbi:197752	semapv:UnspecifiedMatching				
pzt:001000	skos:exactMatch	wikidata:Q25366184	semapv:UnspecifiedMatching				
pzt:001000	skos:exactMatch	worms:149181	semapv:UnspecifiedMatching				
pzt:001003	skos:exactMatch	bold:321221	semapv:UnspecifiedMatching				
pzt:001003	skos:exactMatch	ecotaxa_legacy:711	semapv:UnspecifiedMatching				
pzt:001003	skos:exactMatch	ncbi:216907	semapv:UnspecifiedMatching				
pzt:001003	skos:exactMatch	wikidata:Q21446077	semapv:UnspecifiedMatching				
pzt:001003	skos:exactMatch	worms:149054	semapv:UnspecifiedMatching				
pzt:001004	skos:broadMatch	bold:74456	semapv:LogicalReasoning				
pzt:001004	skos:broadMatch	ncbi:33849	semapv:LogicalReasoning				
pzt:001004	skos:exactMatch	ecotaxa_legacy:711	semapv:UnspecifiedMatching				
pzt:001004	skos:exactMatch	wikidata:Q628915	semapv:UnspecifiedMatching				
pzt:001004	skos:exactMatch	worms:1304629	semapv:UnspecifiedMatching				
pzt:001007	skos:exactMatch	bold:187444	semapv:UnspecifiedMatching				
pzt:001007	skos:exactMatch	ecotaxa_legacy:711	semapv:UnspecifiedMatching				
pzt:001007	skos:exactMatch	ncbi:265589	semapv:UnspecifiedMatching				
pzt:001007	skos:exactMatch	wikidata:Q25366584	semapv:UnspecifiedMatching				
pzt:001007	skos:exactMatch	worms:149179	semapv:UnspecifiedMatching				
pzt:001009	skos:exactMatch	bold:87622	semapv:UnspecifiedMatching				
pzt:001009	skos:exactMatch	ecotaxa_legacy:444	semapv:UnspecifiedMatching				
pzt:001009	skos:exactMatch	ncbi:33845	semapv:UnspecifiedMatching				
pzt:001009	skos:exactMatch	wikidata:Q20204298	semapv:UnspecifiedMatching				
pzt:001009	skos:exactMatch	worms:149068	semapv:UnspecifiedMatching				
pzt:001010	skos:exactMatch	bold:292848	semapv:UnspecifiedMatching				
pzt:001010	skos:exactMatch	ecotaxa_legacy:700	semapv:UnspecifiedMatching				
pzt:001010	skos:exactMatch	ncbi:1118494	semapv:UnspecifiedMatching				
pzt:001010	skos:exactMatch	wikidata:Q25366440	semapv:UnspecifiedMatching				
pzt:001010	skos:exactMatch	worms:149309	semapv:UnspecifiedMatching				
pzt:001011	skos:broadMatch	bold:292848	semapv:LogicalReasoning				
pzt:001011	skos:exactMatch	ecotaxa_legacy:700	semapv:UnspecifiedMatching				
pzt:001011	skos:exactMatch	ncbi:1334934	semapv:UnspecifiedMatching				
pzt:001011	skos:exactMatch	wikidata:Q67899378	semapv:UnspecifiedMatching				
pzt:001011	skos:exactMatch	worms:179786	semapv:UnspecifiedMatching				
pzt:001012	skos:broadMatch	bold:292848	semapv:LogicalReasoning				
pzt:001012	skos:exactMatch	ecotaxa_legacy:700	semapv:UnspecifiedMatching				
pzt:001012	skos:exactMatch	ncbi:1118495	semapv:UnspecifiedMatching				
pzt:001012	skos:exactMatch	wikidata:Q67899384	semapv:UnspecifiedMatching				
pzt:001012	skos:exactMatch	worms:149310	semapv:UnspecifiedMatching				
pzt:001013	skos:exactMatch	bold:345399	semapv:UnspecifiedMatching				
pzt:001013	skos:exactMatch	ecotaxa_legacy:624	semapv:UnspecifiedMatching				
pzt:001013	skos:exactMatch	ncbi:216800	semapv:UnspecifiedMatching				
pzt:001013	skos:exactMatch	wikidata:Q25366444	semapv:UnspecifiedMatching				
pzt:001013	skos:exactMatch	worms:149111	semapv:UnspecifiedMatching				
pzt:001014	skos:exactMatch	bold:604275	semapv:UnspecifiedMatching				
pzt:001014	skos:exactMatch	ecotaxa_legacy:624	semapv:UnspecifiedMatching				
pzt:001014	skos:exactMatch	ncbi:1244696	semapv:UnspecifiedMatching				
pzt:001014	skos:exactMatch	wikidata:Q59455890	semapv:UnspecifiedMatching				
pzt:001014	skos:exactMatch	worms:149112	semapv:UnspecifiedMatching				
pzt:001015	skos:broadMatch	bold:345399	semapv:LogicalReasoning				
pzt:001015	skos:exactMatch	ecotaxa_legacy:624	semapv:UnspecifiedMatching				
pzt:001015	skos:exactMatch	ncbi:216801	semapv:UnspecifiedMatching				
pzt:001015	skos:exactMatch	wikidata:Q67899419	semapv:UnspecifiedMatching				
pzt:001015	skos:exactMatch	worms:149132	semapv:UnspecifiedMatching				
pzt:001016	skos:exactMatch	bold:678277	semapv:UnspecifiedMatching				
pzt:001016	skos:exactMatch	ecotaxa_legacy:624	semapv:UnspecifiedMatching				
pzt:001016	skos:exactMatch	ncbi:1514137	semapv:UnspecifiedMatching				
pzt:001016	skos:exactMatch	wikidata:Q67899426	semapv:UnspecifiedMatching				
pzt:001016	skos:exactMatch	worms:149113	semapv:UnspecifiedMatching				
pzt:001017	skos:broadMatch	bold:87622	semapv:LogicalReasoning				
pzt:001017	skos:exactMatch	ecotaxa_legacy:444	semapv:UnspecifiedMatching				
pzt:001017	skos:exactMatch	ncbi:2731301	semapv:UnspecifiedMatching				
pzt:001017	skos:exactMatch	wikidata:Q25366448	semapv:UnspecifiedMatching				
pzt:001017	skos:exactMatch	worms:345490	semapv:UnspecifiedMatching				
pzt:001018	skos:exactMatch	bold:87623	semapv:UnspecifiedMatching				
pzt:001018	skos:exactMatch	ecotaxa_legacy:689	semapv:UnspecifiedMatching				
pzt:001018	skos:exactMatch	ncbi:216776	semapv:UnspecifiedMatching				
pzt:001018	skos:exactMatch	wikidata:Q25366453	semapv:UnspecifiedMatching				
pzt:001018	skos:exactMatch	worms:149167	semapv:UnspecifiedMatching				
pzt:001019	skos:exactMatch	bold:678291	semapv:UnspecifiedMatching				
pzt:001019	skos:exactMatch	ecotaxa_legacy:444	semapv:UnspecifiedMatching				
pzt:001019	skos:exactMatch	ncbi:1334974	semapv:UnspecifiedMatching				
pzt:001019	skos:exactMatch	wikidata:Q25366456	semapv:UnspecifiedMatching				
pzt:001019	skos:exactMatch	worms:163342	semapv:UnspecifiedMatching				
pzt:001020	skos:exactMatch	bold:678292	semapv:UnspecifiedMatching				
pzt:001020	skos:exactMatch	ecotaxa_legacy:444	semapv:UnspecifiedMatching				
pzt:001020	skos:exactMatch	ncbi:1334975	semapv:UnspecifiedMatching				
pzt:001020	skos:exactMatch	wikidata:Q67899450	semapv:UnspecifiedMatching				
pzt:001020	skos:exactMatch	worms:163344	semapv:UnspecifiedMatching				
pzt:001021	skos:exactMatch	bold:87664	semapv:UnspecifiedMatching				
pzt:001021	skos:exactMatch	ecotaxa_legacy:444	semapv:UnspecifiedMatching				
pzt:001021	skos:exactMatch	ecotaxa_legacy:686	semapv:UnspecifiedMatching				
pzt:001021	skos:exactMatch	ncbi:3004	semapv:UnspecifiedMatching				
pzt:001021	skos:exactMatch	wikidata:Q20204296	semapv:UnspecifiedMatching				
pzt:001021	skos:exactMatch	worms:149069	semapv:UnspecifiedMatching				
pzt:001022	skos:broadMatch	bold:87664	semapv:LogicalReasoning				
pzt:001022	skos:exactMatch	ecotaxa_legacy:444	semapv:UnspecifiedMatching				
pzt:001022	skos:exactMatch	ecotaxa_legacy:686	semapv:UnspecifiedMatching				
pzt:001022	skos:exactMatch	ncbi:2795197	semapv:UnspecifiedMatching				
pzt:001022	skos:exactMatch	wikidata:Q67899499	semapv:UnspecifiedMatching				
pzt:001022	skos:exactMatch	worms:196811	semapv:UnspecifiedMatching				
pzt:001025	skos:exactMatch	bold:604035	semapv:UnspecifiedMatching				
pzt:001025	skos:exactMatch	ecotaxa_legacy:711	semapv:UnspecifiedMatching				
pzt:001025	skos:exactMatch	ncbi:2963561	semapv:UnspecifiedMatching				
pzt:001025	skos:exactMatch	wikidata:Q23070147	semapv:UnspecifiedMatching				
pzt:001025	skos:exactMatch	worms:149176	semapv:UnspecifiedMatching				
pzt:001028	skos:exactMatch	bold:187417	semapv:UnspecifiedMatching				
pzt:001028	skos:exactMatch	ecotaxa_legacy:747	semapv:UnspecifiedMatching				
pzt:001028	skos:exactMatch	ncbi:186042	semapv:UnspecifiedMatching				
pzt:001028	skos:exactMatch	wikidata:Q25366222	semapv:UnspecifiedMatching				
pzt:001028	skos:exactMatch	worms:156598	semapv:UnspecifiedMatching				
pzt:001029	skos:broadMatch	ncbi:33849	semapv:LogicalReasoning				
pzt:001029	skos:exactMatch	bold:187419	semapv:UnspecifiedMatching				
pzt:001029	skos:exactMatch	ecotaxa_legacy:429	semapv:UnspecifiedMatching				
pzt:001029	skos:exactMatch	wikidata:Q23070138	semapv:UnspecifiedMatching				
pzt:001029	skos:exactMatch	worms:149090	semapv:UnspecifiedMatching				
pzt:001031	skos:exactMatch	bold:187420	semapv:UnspecifiedMatching				
pzt:001031	skos:exactMatch	ecotaxa_legacy:550	semapv:UnspecifiedMatching				
pzt:001031	skos:exactMatch	ncbi:3093593	semapv:UnspecifiedMatching				
pzt:001031	skos:exactMatch	wikidata:Q25366594	semapv:UnspecifiedMatching				
pzt:001031	skos:exactMatch	worms:292726	semapv:UnspecifiedMatching				
pzt:001032	skos:broadMatch	bold:187420	semapv:LogicalReasoning				
pzt:001032	skos:exactMatch	ecotaxa_legacy:550	semapv:UnspecifiedMatching				
pzt:001032	skos:exactMatch	ncbi:3471099	semapv:UnspecifiedMatching				
pzt:001032	skos:exactMatch	wikidata:Q67872772	semapv:UnspecifiedMatching				
pzt:001032	skos:exactMatch	worms:418646	semapv:UnspecifiedMatching				
pzt:001033	skos:exactMatch	bold:187421	semapv:UnspecifiedMatching				
pzt:001033	skos:exactMatch	ecotaxa_legacy:429	semapv:UnspecifiedMatching				
pzt:001033	skos:exactMatch	ncbi:33648	semapv:UnspecifiedMatching				
pzt:001033	skos:exactMatch	wikidata:Q23843485	semapv:UnspecifiedMatching				
pzt:001033	skos:exactMatch	worms:149092	semapv:UnspecifiedMatching				
pzt:001034	skos:exactMatch	bold:87627	semapv:UnspecifiedMatching				
pzt:001034	skos:exactMatch	ecotaxa_legacy:711	semapv:UnspecifiedMatching				
pzt:001034	skos:exactMatch	ncbi:33847	semapv:UnspecifiedMatching				
pzt:001034	skos:exactMatch	wikidata:Q16831233	semapv:UnspecifiedMatching				
pzt:001034	skos:exactMatch	worms:148903	semapv:UnspecifiedMatching				
pzt:001036	skos:exactMatch	bold:351422	semapv:UnspecifiedMatching				
pzt:001036	skos:exactMatch	ecotaxa_legacy:699	semapv:UnspecifiedMatching				
pzt:001036	skos:exactMatch	ncbi:49254	semapv:UnspecifiedMatching				
pzt:001036	skos:exactMatch	wikidata:Q25366473	semapv:UnspecifiedMatching				
pzt:001036	skos:exactMatch	worms:149134	semapv:UnspecifiedMatching				
pzt:001037	skos:exactMatch	bold:604296	semapv:UnspecifiedMatching				
pzt:001037	skos:exactMatch	ecotaxa_legacy:699	semapv:UnspecifiedMatching				
pzt:001037	skos:exactMatch	ncbi:382366	semapv:UnspecifiedMatching				
pzt:001037	skos:exactMatch	wikidata:Q67889063	semapv:UnspecifiedMatching				
pzt:001037	skos:exactMatch	worms:149135	semapv:UnspecifiedMatching				
pzt:001039	skos:exactMatch	bold:87697	semapv:UnspecifiedMatching				
pzt:001039	skos:exactMatch	ecotaxa_legacy:711	semapv:UnspecifiedMatching				
pzt:001039	skos:exactMatch	ncbi:2842	semapv:UnspecifiedMatching				
pzt:001039	skos:exactMatch	wikidata:Q20675171	semapv:UnspecifiedMatching				
pzt:001039	skos:exactMatch	worms:149073	semapv:UnspecifiedMatching				
pzt:001040	skos:exactMatch	bold:320025	semapv:UnspecifiedMatching				
pzt:001040	skos:exactMatch	ecotaxa_legacy:711	semapv:UnspecifiedMatching				
pzt:001040	skos:exactMatch	ncbi:267567	semapv:UnspecifiedMatching				
pzt:001040	skos:exactMatch	wikidata:Q22286410	semapv:UnspecifiedMatching				
pzt:001040	skos:exactMatch	worms:376667	semapv:UnspecifiedMatching				
pzt:001041	skos:exactMatch	bold:2674846	semapv:UnspecifiedMatching				
pzt:001041	skos:exactMatch	ecotaxa_legacy:711	semapv:UnspecifiedMatching				
pzt:001041	skos:exactMatch	ncbi:216823	semapv:UnspecifiedMatching				
pzt:001041	skos:exactMatch	wikidata:Q67889171	semapv:UnspecifiedMatching				
pzt:001041	skos:exactMatch	worms:376361	semapv:UnspecifiedMatching				
pzt:001044	skos:exactMatch	bold:604181	semapv:UnspecifiedMatching				
pzt:001044	skos:exactMatch	ecotaxa_legacy:711	semapv:UnspecifiedMatching				
pzt:001044	skos:exactMatch	ncbi:310905	semapv:UnspecifiedMatching				
pzt:001044	skos:exactMatch	wikidata:Q67886087	semapv:UnspecifiedMatching				
pzt:001044	skos:exactMatch	worms:148908	semapv:UnspecifiedMatching				
pzt:001046	skos:exactMatch	worms:148979	semapv:UnspecifiedMatching				
pzt:001047	skos:exactMatch	bold:87611	semapv:UnspecifiedMatching				
pzt:001047	skos:exactMatch	ecotaxa_legacy:694	semapv:UnspecifiedMatching				
pzt:001047	skos:exactMatch	ncbi:216766	semapv:UnspecifiedMatching				
pzt:001047	skos:exactMatch	wikidata:Q67889571	semapv:UnspecifiedMatching				
pzt:001047	skos:exactMatch	worms:196815	semapv:UnspecifiedMatching				
pzt:001048	skos:exactMatch	bold:74467	semapv:UnspecifiedMatching				
pzt:001048	skos:exactMatch	ecotaxa_legacy:643	semapv:UnspecifiedMatching				
pzt:001048	skos:exactMatch	ecotaxa_legacy:687	semapv:UnspecifiedMatching				
pzt:001048	skos:exactMatch	ncbi:35127	semapv:UnspecifiedMatching				
pzt:001048	skos:exactMatch	wikidata:Q12058804	semapv:UnspecifiedMatching				
pzt:001048	skos:exactMatch	worms:148912	semapv:UnspecifiedMatching				
pzt:001049	skos:exactMatch	bold:87683	semapv:UnspecifiedMatching				
pzt:001049	skos:exactMatch	ecotaxa_legacy:643	semapv:UnspecifiedMatching				
pzt:001049	skos:exactMatch	ecotaxa_legacy:687	semapv:UnspecifiedMatching				
pzt:001049	skos:exactMatch	ncbi:420259	semapv:UnspecifiedMatching				
pzt:001049	skos:exactMatch	wikidata:Q61998606	semapv:UnspecifiedMatching				
pzt:001049	skos:exactMatch	worms:149102	semapv:UnspecifiedMatching				
pzt:001050	skos:broadMatch	ncbi:35127	semapv:LogicalReasoning				
pzt:001050	skos:exactMatch	bold:1023149	semapv:UnspecifiedMatching				
pzt:001050	skos:exactMatch	ecotaxa_legacy:643	semapv:UnspecifiedMatching				
pzt:001050	skos:exactMatch	ecotaxa_legacy:687	semapv:UnspecifiedMatching				
pzt:001050	skos:exactMatch	wikidata:Q67890644	semapv:UnspecifiedMatching				
pzt:001050	skos:exactMatch	worms:149308	semapv:UnspecifiedMatching				
pzt:001053	skos:exactMatch	worms:578002	semapv:UnspecifiedMatching				
pzt:001054	skos:exactMatch	bold:87596	semapv:UnspecifiedMatching				
pzt:001054	skos:exactMatch	ecotaxa_legacy:543	semapv:UnspecifiedMatching				
pzt:001054	skos:exactMatch	ncbi:332376	semapv:UnspecifiedMatching				
pzt:001054	skos:exactMatch	wikidata:Q18679786	semapv:UnspecifiedMatching				
pzt:001054	skos:exactMatch	worms:148963	semapv:UnspecifiedMatching				
pzt:001055	skos:exactMatch	bold:87597	semapv:UnspecifiedMatching				
pzt:001055	skos:exactMatch	ecotaxa_legacy:543	semapv:UnspecifiedMatching				
pzt:001055	skos:exactMatch	ncbi:655800	semapv:UnspecifiedMatching				
pzt:001055	skos:exactMatch	wikidata:Q127376160	semapv:UnspecifiedMatching				
pzt:001055	skos:exactMatch	worms:164116	semapv:UnspecifiedMatching				
pzt:001056	skos:exactMatch	bold:187455	semapv:UnspecifiedMatching				
pzt:001056	skos:exactMatch	ecotaxa_legacy:543	semapv:UnspecifiedMatching				
pzt:001056	skos:exactMatch	ncbi:1514140	semapv:UnspecifiedMatching				
pzt:001056	skos:exactMatch	wikidata:Q103902119	semapv:UnspecifiedMatching				
pzt:001056	skos:exactMatch	worms:149095	semapv:UnspecifiedMatching				
pzt:001058	skos:exactMatch	bold:604071	semapv:UnspecifiedMatching				
pzt:001058	skos:exactMatch	ecotaxa_legacy:711	semapv:UnspecifiedMatching				
pzt:001058	skos:exactMatch	ncbi:1003065	semapv:UnspecifiedMatching				
pzt:001058	skos:exactMatch	wikidata:Q21226564	semapv:UnspecifiedMatching				
pzt:001058	skos:exactMatch	worms:149154	semapv:UnspecifiedMatching				
pzt:001060	skos:exactMatch	bold:678282	semapv:UnspecifiedMatching				
pzt:001060	skos:exactMatch	ecotaxa_legacy:711	semapv:UnspecifiedMatching				
pzt:001060	skos:exactMatch	ncbi:655800	semapv:UnspecifiedMatching				
pzt:001060	skos:exactMatch	wikidata:Q127377259	semapv:UnspecifiedMatching				
pzt:001060	skos:exactMatch	worms:839991	semapv:UnspecifiedMatching				
pzt:001062	skos:exactMatch	bold:317011	semapv:UnspecifiedMatching				
pzt:001062	skos:exactMatch	ecotaxa_legacy:240	semapv:UnspecifiedMatching				
pzt:001062	skos:exactMatch	ncbi:2864	semapv:UnspecifiedMatching				
pzt:001062	skos:exactMatch	wikidata:Q2567254	semapv:UnspecifiedMatching				
pzt:001062	skos:exactMatch	worms:19542	semapv:UnspecifiedMatching				
pzt:001065	skos:exactMatch	bold:317075	semapv:UnspecifiedMatching				
pzt:001065	skos:exactMatch	ecotaxa_legacy:240	semapv:UnspecifiedMatching				
pzt:001065	skos:exactMatch	ncbi:2960	semapv:UnspecifiedMatching				
pzt:001065	skos:exactMatch	wikidata:Q4748248	semapv:UnspecifiedMatching				
pzt:001065	skos:exactMatch	worms:109473	semapv:UnspecifiedMatching				
pzt:001069	skos:exactMatch	bold:706282	semapv:UnspecifiedMatching				
pzt:001069	skos:exactMatch	ecotaxa_legacy:240	semapv:UnspecifiedMatching				
pzt:001069	skos:exactMatch	ncbi:1129410	semapv:UnspecifiedMatching				
pzt:001069	skos:exactMatch	wikidata:Q68403873	semapv:UnspecifiedMatching				
pzt:001069	skos:exactMatch	worms:837075	semapv:UnspecifiedMatching				
pzt:001072	skos:exactMatch	bold:317118	semapv:UnspecifiedMatching				
pzt:001072	skos:exactMatch	ecotaxa_legacy:745	semapv:UnspecifiedMatching				
pzt:001072	skos:exactMatch	ncbi:584886	semapv:UnspecifiedMatching				
pzt:001072	skos:exactMatch	wikidata:Q25364363	semapv:UnspecifiedMatching				
pzt:001072	skos:exactMatch	worms:109459	semapv:UnspecifiedMatching				
pzt:001073	skos:exactMatch	bold:317118	semapv:UnspecifiedMatching				
pzt:001073	skos:exactMatch	ecotaxa_legacy:240	semapv:UnspecifiedMatching				
pzt:001073	skos:exactMatch	ncbi:1050100	semapv:UnspecifiedMatching				
pzt:001073	skos:exactMatch	wikidata:Q25364368	semapv:UnspecifiedMatching				
pzt:001073	skos:exactMatch	worms:109460	semapv:UnspecifiedMatching				
pzt:001074	skos:exactMatch	bold:317119	semapv:UnspecifiedMatching				
pzt:001074	skos:exactMatch	ecotaxa_legacy:240	semapv:UnspecifiedMatching				
pzt:001074	skos:exactMatch	ncbi:47932	semapv:UnspecifiedMatching				
pzt:001074	skos:exactMatch	wikidata:Q25364358	semapv:UnspecifiedMatching				
pzt:001074	skos:exactMatch	worms:231772	semapv:UnspecifiedMatching				
pzt:001075	skos:exactMatch	bold:317124	semapv:UnspecifiedMatching				
pzt:001075	skos:exactMatch	ecotaxa_legacy:480	semapv:UnspecifiedMatching				
pzt:001075	skos:exactMatch	ecotaxa_legacy:544	semapv:UnspecifiedMatching				
pzt:001075	skos:exactMatch	ecotaxa_legacy:545	semapv:UnspecifiedMatching				
pzt:001075	skos:exactMatch	ncbi:47933	semapv:UnspecifiedMatching				
pzt:001075	skos:exactMatch	wikidata:Q5278597	semapv:UnspecifiedMatching				
pzt:001075	skos:exactMatch	worms:109462	semapv:UnspecifiedMatching				
pzt:001076	skos:exactMatch	bold:317238	semapv:UnspecifiedMatching				
pzt:001076	skos:exactMatch	ecotaxa_legacy:480	semapv:UnspecifiedMatching				
pzt:001076	skos:exactMatch	ecotaxa_legacy:544	semapv:UnspecifiedMatching				
pzt:001076	skos:exactMatch	ecotaxa_legacy:545	semapv:UnspecifiedMatching				
pzt:001076	skos:exactMatch	ncbi:47934	semapv:UnspecifiedMatching				
pzt:001076	skos:exactMatch	wikidata:Q16961867	semapv:UnspecifiedMatching				
pzt:001076	skos:exactMatch	worms:109603	semapv:UnspecifiedMatching				
pzt:001077	skos:broadMatch	bold:317124	semapv:LogicalReasoning				
pzt:001077	skos:exactMatch	ecotaxa_legacy:544	semapv:UnspecifiedMatching				
pzt:001077	skos:exactMatch	ncbi:150622	semapv:UnspecifiedMatching				
pzt:001077	skos:exactMatch	wikidata:Q49630032	semapv:UnspecifiedMatching				
pzt:001077	skos:exactMatch	worms:109612	semapv:UnspecifiedMatching				
pzt:001078	skos:broadMatch	bold:317124	semapv:LogicalReasoning				
pzt:001078	skos:broadMatch	ncbi:47933	semapv:LogicalReasoning				
pzt:001078	skos:exactMatch	ecotaxa_legacy:480	semapv:UnspecifiedMatching				
pzt:001078	skos:exactMatch	ecotaxa_legacy:544	semapv:UnspecifiedMatching				
pzt:001078	skos:exactMatch	ecotaxa_legacy:545	semapv:UnspecifiedMatching				
pzt:001078	skos:exactMatch	wikidata:Q68417250	semapv:UnspecifiedMatching				
pzt:001078	skos:exactMatch	worms:109643	semapv:UnspecifiedMatching				
pzt:001079	skos:exactMatch	bold:706290	semapv:UnspecifiedMatching				
pzt:001079	skos:exactMatch	ecotaxa_legacy:480	semapv:UnspecifiedMatching				
pzt:001079	skos:exactMatch	ecotaxa_legacy:544	semapv:UnspecifiedMatching				
pzt:001079	skos:exactMatch	ecotaxa_legacy:545	semapv:UnspecifiedMatching				
pzt:001079	skos:exactMatch	ncbi:83649	semapv:UnspecifiedMatching				
pzt:001079	skos:exactMatch	wikidata:Q49550119	semapv:UnspecifiedMatching				
pzt:001079	skos:exactMatch	worms:232261	semapv:UnspecifiedMatching				
pzt:001080	skos:exactMatch	bold:317239	semapv:UnspecifiedMatching				
pzt:001080	skos:exactMatch	ecotaxa_legacy:545	semapv:UnspecifiedMatching				
pzt:001080	skos:exactMatch	ncbi:146760	semapv:UnspecifiedMatching				
pzt:001080	skos:exactMatch	wikidata:Q49550128	semapv:UnspecifiedMatching				
pzt:001080	skos:exactMatch	worms:109662	semapv:UnspecifiedMatching				
pzt:001081	skos:broadMatch	bold:317119	semapv:LogicalReasoning				
pzt:001081	skos:exactMatch	ecotaxa_legacy:488	semapv:UnspecifiedMatching				
pzt:001081	skos:exactMatch	ecotaxa_legacy:749	semapv:UnspecifiedMatching				
pzt:001081	skos:exactMatch	ecotaxa_legacy:751	semapv:UnspecifiedMatching				
pzt:001081	skos:exactMatch	ecotaxa_legacy:753	semapv:UnspecifiedMatching				
pzt:001081	skos:exactMatch	ncbi:566468	semapv:UnspecifiedMatching				
pzt:001081	skos:exactMatch	wikidata:Q7103629	semapv:UnspecifiedMatching				
pzt:001081	skos:exactMatch	worms:109464	semapv:UnspecifiedMatching				
pzt:001082	skos:exactMatch	worms:109692	semapv:UnspecifiedMatching				
pzt:001083	skos:broadMatch	bold:317119	semapv:LogicalReasoning				
pzt:001083	skos:exactMatch	ecotaxa_legacy:753	semapv:UnspecifiedMatching				
pzt:001083	skos:exactMatch	ncbi:566470	semapv:UnspecifiedMatching				
pzt:001083	skos:exactMatch	wikidata:Q68420199	semapv:UnspecifiedMatching				
pzt:001083	skos:exactMatch	worms:109693	semapv:UnspecifiedMatching				
pzt:001084	skos:broadMatch	bold:317119	semapv:LogicalReasoning				
pzt:001084	skos:exactMatch	ecotaxa_legacy:751	semapv:UnspecifiedMatching				
pzt:001084	skos:exactMatch	ncbi:566471	semapv:UnspecifiedMatching				
pzt:001084	skos:exactMatch	wikidata:Q68420226	semapv:UnspecifiedMatching				
pzt:001084	skos:exactMatch	worms:109694	semapv:UnspecifiedMatching				
pzt:001085	skos:broadMatch	bold:317119	semapv:LogicalReasoning				
pzt:001085	skos:exactMatch	ecotaxa_legacy:749	semapv:UnspecifiedMatching				
pzt:001085	skos:exactMatch	ncbi:584863	semapv:UnspecifiedMatching				
pzt:001085	skos:exactMatch	wikidata:Q68420299	semapv:UnspecifiedMatching				
pzt:001085	skos:exactMatch	worms:109695	semapv:UnspecifiedMatching				
pzt:001086	skos:broadMatch	bold:317119	semapv:LogicalReasoning				
pzt:001086	skos:exactMatch	ecotaxa_legacy:488	semapv:UnspecifiedMatching				
pzt:001086	skos:exactMatch	ecotaxa_legacy:749	semapv:UnspecifiedMatching				
pzt:001086	skos:exactMatch	ecotaxa_legacy:751	semapv:UnspecifiedMatching				
pzt:001086	skos:exactMatch	ecotaxa_legacy:753	semapv:UnspecifiedMatching				
pzt:001086	skos:exactMatch	ncbi:630347	semapv:UnspecifiedMatching				
pzt:001086	skos:exactMatch	wikidata:Q68420324	semapv:UnspecifiedMatching				
pzt:001086	skos:exactMatch	worms:109696	semapv:UnspecifiedMatching				
pzt:001088	skos:exactMatch	bold:317118	semapv:UnspecifiedMatching				
pzt:001088	skos:exactMatch	ecotaxa_legacy:546	semapv:UnspecifiedMatching				
pzt:001088	skos:exactMatch	ncbi:330137	semapv:UnspecifiedMatching				
pzt:001088	skos:exactMatch	wikidata:Q23527054	semapv:UnspecifiedMatching				
pzt:001088	skos:exactMatch	worms:109466	semapv:UnspecifiedMatching				
pzt:001089	skos:exactMatch	bold:317118	semapv:UnspecifiedMatching				
pzt:001089	skos:exactMatch	ecotaxa_legacy:546	semapv:UnspecifiedMatching				
pzt:001089	skos:exactMatch	ncbi:447216	semapv:UnspecifiedMatching				
pzt:001089	skos:exactMatch	wikidata:Q68440702	semapv:UnspecifiedMatching				
pzt:001089	skos:exactMatch	worms:624358	semapv:UnspecifiedMatching				
pzt:001090	skos:exactMatch	bold:317024	semapv:UnspecifiedMatching				
pzt:001090	skos:exactMatch	ecotaxa_legacy:240	semapv:UnspecifiedMatching				
pzt:001090	skos:exactMatch	ncbi:40984	semapv:UnspecifiedMatching				
pzt:001090	skos:exactMatch	wikidata:Q5882696	semapv:UnspecifiedMatching				
pzt:001090	skos:exactMatch	worms:109391	semapv:UnspecifiedMatching				
pzt:001092	skos:exactMatch	bold:317197	semapv:UnspecifiedMatching				
pzt:001092	skos:exactMatch	ecotaxa_legacy:240	semapv:UnspecifiedMatching				
pzt:001092	skos:exactMatch	ncbi:2915	semapv:UnspecifiedMatching				
pzt:001092	skos:exactMatch	wikidata:Q287907	semapv:UnspecifiedMatching				
pzt:001092	skos:exactMatch	worms:109506	semapv:UnspecifiedMatching				
pzt:001093	skos:broadMatch	ncbi:2915	semapv:LogicalReasoning				
pzt:001093	skos:broadMatch	wikidata:Q287907	semapv:LogicalReasoning				
pzt:001093	skos:broadMatch	worms:109506	semapv:LogicalReasoning				
pzt:001093	skos:exactMatch	bold:317197	semapv:UnspecifiedMatching				
pzt:001094	skos:exactMatch	bold:317205	semapv:UnspecifiedMatching				
pzt:001094	skos:exactMatch	ecotaxa_legacy:240	semapv:UnspecifiedMatching				
pzt:001094	skos:exactMatch	ncbi:665866	semapv:UnspecifiedMatching				
pzt:001094	skos:exactMatch	wikidata:Q18606071	semapv:UnspecifiedMatching				
pzt:001094	skos:exactMatch	worms:494056	semapv:UnspecifiedMatching				
pzt:001095	skos:exactMatch	bold:317196	semapv:UnspecifiedMatching				
pzt:001095	skos:exactMatch	ecotaxa_legacy:239	semapv:UnspecifiedMatching				
pzt:001095	skos:exactMatch	ecotaxa_legacy:457	semapv:UnspecifiedMatching				
pzt:001095	skos:exactMatch	ecotaxa_legacy:458	semapv:UnspecifiedMatching				
pzt:001095	skos:exactMatch	ecotaxa_legacy:459	semapv:UnspecifiedMatching				
pzt:001095	skos:exactMatch	ecotaxa_legacy:472	semapv:UnspecifiedMatching				
pzt:001095	skos:exactMatch	ecotaxa_legacy:473	semapv:UnspecifiedMatching				
pzt:001095	skos:exactMatch	ecotaxa_legacy:627	semapv:UnspecifiedMatching				
pzt:001095	skos:exactMatch	ecotaxa_legacy:629	semapv:UnspecifiedMatching				
pzt:001095	skos:exactMatch	ecotaxa_legacy:719	semapv:UnspecifiedMatching				
pzt:001095	skos:exactMatch	ecotaxa_legacy:729	semapv:UnspecifiedMatching				
pzt:001095	skos:exactMatch	ecotaxa_legacy:737	semapv:UnspecifiedMatching				
pzt:001095	skos:exactMatch	ecotaxa_legacy:738	semapv:UnspecifiedMatching				
pzt:001095	skos:exactMatch	ncbi:2126447	semapv:UnspecifiedMatching				
pzt:001095	skos:exactMatch	wikidata:Q18606362	semapv:UnspecifiedMatching				
pzt:001095	skos:exactMatch	worms:494057	semapv:UnspecifiedMatching				
pzt:001096	skos:broadMatch	bold:317196	semapv:LogicalReasoning				
pzt:001096	skos:broadMatch	ncbi:2126447	semapv:LogicalReasoning				
pzt:001096	skos:exactMatch	ecotaxa_legacy:239	semapv:UnspecifiedMatching				
pzt:001096	skos:exactMatch	ecotaxa_legacy:457	semapv:UnspecifiedMatching				
pzt:001096	skos:exactMatch	ecotaxa_legacy:458	semapv:UnspecifiedMatching				
pzt:001096	skos:exactMatch	ecotaxa_legacy:459	semapv:UnspecifiedMatching				
pzt:001096	skos:exactMatch	ecotaxa_legacy:472	semapv:UnspecifiedMatching				
pzt:001096	skos:exactMatch	ecotaxa_legacy:473	semapv:UnspecifiedMatching				
pzt:001096	skos:exactMatch	ecotaxa_legacy:627	semapv:UnspecifiedMatching				
pzt:001096	skos:exactMatch	ecotaxa_legacy:629	semapv:UnspecifiedMatching				
pzt:001096	skos:exactMatch	ecotaxa_legacy:719	semapv:UnspecifiedMatching				
pzt:001096	skos:exactMatch	ecotaxa_legacy:729	semapv:UnspecifiedMatching				
pzt:001096	skos:exactMatch	ecotaxa_legacy:737	semapv:UnspecifiedMatching				
pzt:001096	skos:exactMatch	ecotaxa_legacy:738	semapv:UnspecifiedMatching				
pzt:001096	skos:exactMatch	wikidata:Q68442450	semapv:UnspecifiedMatching				
pzt:001096	skos:exactMatch	worms:836815	semapv:UnspecifiedMatching				
pzt:001097	skos:broadMatch	bold:317196	semapv:LogicalReasoning				
pzt:001097	skos:exactMatch	ecotaxa_legacy:239	semapv:UnspecifiedMatching				
pzt:001097	skos:exactMatch	ecotaxa_legacy:457	semapv:UnspecifiedMatching				
pzt:001097	skos:exactMatch	ecotaxa_legacy:458	semapv:UnspecifiedMatching				
pzt:001097	skos:exactMatch	ecotaxa_legacy:459	semapv:UnspecifiedMatching				
pzt:001097	skos:exactMatch	ecotaxa_legacy:472	semapv:UnspecifiedMatching				
pzt:001097	skos:exactMatch	ecotaxa_legacy:473	semapv:UnspecifiedMatching				
pzt:001097	skos:exactMatch	ecotaxa_legacy:627	semapv:UnspecifiedMatching				
pzt:001097	skos:exactMatch	ecotaxa_legacy:629	semapv:UnspecifiedMatching				
pzt:001097	skos:exactMatch	ecotaxa_legacy:719	semapv:UnspecifiedMatching				
pzt:001097	skos:exactMatch	ecotaxa_legacy:729	semapv:UnspecifiedMatching				
pzt:001097	skos:exactMatch	ecotaxa_legacy:737	semapv:UnspecifiedMatching				
pzt:001097	skos:exactMatch	ecotaxa_legacy:738	semapv:UnspecifiedMatching				
pzt:001097	skos:exactMatch	ncbi:644164	semapv:UnspecifiedMatching				
pzt:001097	skos:exactMatch	wikidata:Q68442499	semapv:UnspecifiedMatching				
pzt:001097	skos:exactMatch	worms:841182	semapv:UnspecifiedMatching				
pzt:001098	skos:broadMatch	bold:317196	semapv:LogicalReasoning				
pzt:001098	skos:exactMatch	ecotaxa_legacy:239	semapv:UnspecifiedMatching				
pzt:001098	skos:exactMatch	ecotaxa_legacy:457	semapv:UnspecifiedMatching				
pzt:001098	skos:exactMatch	ecotaxa_legacy:458	semapv:UnspecifiedMatching				
pzt:001098	skos:exactMatch	ecotaxa_legacy:459	semapv:UnspecifiedMatching				
pzt:001098	skos:exactMatch	ecotaxa_legacy:472	semapv:UnspecifiedMatching				
pzt:001098	skos:exactMatch	ecotaxa_legacy:473	semapv:UnspecifiedMatching				
pzt:001098	skos:exactMatch	ecotaxa_legacy:627	semapv:UnspecifiedMatching				
pzt:001098	skos:exactMatch	ecotaxa_legacy:629	semapv:UnspecifiedMatching				
pzt:001098	skos:exactMatch	ecotaxa_legacy:719	semapv:UnspecifiedMatching				
pzt:001098	skos:exactMatch	ecotaxa_legacy:729	semapv:UnspecifiedMatching				
pzt:001098	skos:exactMatch	ecotaxa_legacy:737	semapv:UnspecifiedMatching				
pzt:001098	skos:exactMatch	ecotaxa_legacy:738	semapv:UnspecifiedMatching				
pzt:001098	skos:exactMatch	ncbi:644165	semapv:UnspecifiedMatching				
pzt:001098	skos:exactMatch	wikidata:Q68442569	semapv:UnspecifiedMatching				
pzt:001098	skos:exactMatch	worms:837310	semapv:UnspecifiedMatching				
pzt:001099	skos:broadMatch	bold:317196	semapv:LogicalReasoning				
pzt:001099	skos:exactMatch	ecotaxa_legacy:239	semapv:UnspecifiedMatching				
pzt:001099	skos:exactMatch	ecotaxa_legacy:457	semapv:UnspecifiedMatching				
pzt:001099	skos:exactMatch	ecotaxa_legacy:458	semapv:UnspecifiedMatching				
pzt:001099	skos:exactMatch	ecotaxa_legacy:459	semapv:UnspecifiedMatching				
pzt:001099	skos:exactMatch	ecotaxa_legacy:472	semapv:UnspecifiedMatching				
pzt:001099	skos:exactMatch	ecotaxa_legacy:473	semapv:UnspecifiedMatching				
pzt:001099	skos:exactMatch	ecotaxa_legacy:627	semapv:UnspecifiedMatching				
pzt:001099	skos:exactMatch	ecotaxa_legacy:629	semapv:UnspecifiedMatching				
pzt:001099	skos:exactMatch	ecotaxa_legacy:719	semapv:UnspecifiedMatching				
pzt:001099	skos:exactMatch	ecotaxa_legacy:729	semapv:UnspecifiedMatching				
pzt:001099	skos:exactMatch	ecotaxa_legacy:737	semapv:UnspecifiedMatching				
pzt:001099	skos:exactMatch	ecotaxa_legacy:738	semapv:UnspecifiedMatching				
pzt:001099	skos:exactMatch	ncbi:3111898	semapv:UnspecifiedMatching				
pzt:001099	skos:exactMatch	wikidata:Q68442651	semapv:UnspecifiedMatching				
pzt:001099	skos:exactMatch	worms:841184	semapv:UnspecifiedMatching				
pzt:001100	skos:broadMatch	bold:317196	semapv:LogicalReasoning				
pzt:001100	skos:exactMatch	ecotaxa_legacy:239	semapv:UnspecifiedMatching				
pzt:001100	skos:exactMatch	ecotaxa_legacy:457	semapv:UnspecifiedMatching				
pzt:001100	skos:exactMatch	ecotaxa_legacy:458	semapv:UnspecifiedMatching				
pzt:001100	skos:exactMatch	ecotaxa_legacy:459	semapv:UnspecifiedMatching				
pzt:001100	skos:exactMatch	ecotaxa_legacy:472	semapv:UnspecifiedMatching				
pzt:001100	skos:exactMatch	ecotaxa_legacy:473	semapv:UnspecifiedMatching				
pzt:001100	skos:exactMatch	ecotaxa_legacy:627	semapv:UnspecifiedMatching				
pzt:001100	skos:exactMatch	ecotaxa_legacy:629	semapv:UnspecifiedMatching				
pzt:001100	skos:exactMatch	ecotaxa_legacy:719	semapv:UnspecifiedMatching				
pzt:001100	skos:exactMatch	ecotaxa_legacy:729	semapv:UnspecifiedMatching				
pzt:001100	skos:exactMatch	ecotaxa_legacy:737	semapv:UnspecifiedMatching				
pzt:001100	skos:exactMatch	ecotaxa_legacy:738	semapv:UnspecifiedMatching				
pzt:001100	skos:exactMatch	ncbi:2283687	semapv:UnspecifiedMatching				
pzt:001100	skos:exactMatch	wikidata:Q68442772	semapv:UnspecifiedMatching				
pzt:001100	skos:exactMatch	worms:841189	semapv:UnspecifiedMatching				
pzt:001101	skos:broadMatch	bold:317196	semapv:LogicalReasoning				
pzt:001101	skos:exactMatch	ecotaxa_legacy:458	semapv:UnspecifiedMatching				
pzt:001101	skos:exactMatch	ncbi:644166	semapv:UnspecifiedMatching				
pzt:001101	skos:exactMatch	wikidata:Q68442882	semapv:UnspecifiedMatching				
pzt:001101	skos:exactMatch	worms:841193	semapv:UnspecifiedMatching				
pzt:001102	skos:broadMatch	bold:317196	semapv:LogicalReasoning				
pzt:001102	skos:exactMatch	ecotaxa_legacy:239	semapv:UnspecifiedMatching				
pzt:001102	skos:exactMatch	ecotaxa_legacy:457	semapv:UnspecifiedMatching				
pzt:001102	skos:exactMatch	ecotaxa_legacy:458	semapv:UnspecifiedMatching				
pzt:001102	skos:exactMatch	ecotaxa_legacy:459	semapv:UnspecifiedMatching				
pzt:001102	skos:exactMatch	ecotaxa_legacy:472	semapv:UnspecifiedMatching				
pzt:001102	skos:exactMatch	ecotaxa_legacy:473	semapv:UnspecifiedMatching				
pzt:001102	skos:exactMatch	ecotaxa_legacy:627	semapv:UnspecifiedMatching				
pzt:001102	skos:exactMatch	ecotaxa_legacy:629	semapv:UnspecifiedMatching				
pzt:001102	skos:exactMatch	ecotaxa_legacy:719	semapv:UnspecifiedMatching				
pzt:001102	skos:exactMatch	ecotaxa_legacy:729	semapv:UnspecifiedMatching				
pzt:001102	skos:exactMatch	ecotaxa_legacy:737	semapv:UnspecifiedMatching				
pzt:001102	skos:exactMatch	ecotaxa_legacy:738	semapv:UnspecifiedMatching				
pzt:001102	skos:exactMatch	ncbi:644167	semapv:UnspecifiedMatching				
pzt:001102	skos:exactMatch	wikidata:Q68442998	semapv:UnspecifiedMatching				
pzt:001102	skos:exactMatch	worms:841198	semapv:UnspecifiedMatching				
pzt:001103	skos:broadMatch	bold:317196	semapv:LogicalReasoning				
pzt:001103	skos:exactMatch	ecotaxa_legacy:239	semapv:UnspecifiedMatching				
pzt:001103	skos:exactMatch	ecotaxa_legacy:457	semapv:UnspecifiedMatching				
pzt:001103	skos:exactMatch	ecotaxa_legacy:458	semapv:UnspecifiedMatching				
pzt:001103	skos:exactMatch	ecotaxa_legacy:459	semapv:UnspecifiedMatching				
pzt:001103	skos:exactMatch	ecotaxa_legacy:472	semapv:UnspecifiedMatching				
pzt:001103	skos:exactMatch	ecotaxa_legacy:473	semapv:UnspecifiedMatching				
pzt:001103	skos:exactMatch	ecotaxa_legacy:627	semapv:UnspecifiedMatching				
pzt:001103	skos:exactMatch	ecotaxa_legacy:629	semapv:UnspecifiedMatching				
pzt:001103	skos:exactMatch	ecotaxa_legacy:719	semapv:UnspecifiedMatching				
pzt:001103	skos:exactMatch	ecotaxa_legacy:729	semapv:UnspecifiedMatching				
pzt:001103	skos:exactMatch	ecotaxa_legacy:737	semapv:UnspecifiedMatching				
pzt:001103	skos:exactMatch	ecotaxa_legacy:738	semapv:UnspecifiedMatching				
pzt:001103	skos:exactMatch	ncbi:2795480	semapv:UnspecifiedMatching				
pzt:001103	skos:exactMatch	wikidata:Q68443019	semapv:UnspecifiedMatching				
pzt:001103	skos:exactMatch	worms:841200	semapv:UnspecifiedMatching				
pzt:001104	skos:broadMatch	bold:317196	semapv:LogicalReasoning				
pzt:001104	skos:exactMatch	ecotaxa_legacy:239	semapv:UnspecifiedMatching				
pzt:001104	skos:exactMatch	ecotaxa_legacy:457	semapv:UnspecifiedMatching				
pzt:001104	skos:exactMatch	ecotaxa_legacy:458	semapv:UnspecifiedMatching				
pzt:001104	skos:exactMatch	ecotaxa_legacy:459	semapv:UnspecifiedMatching				
pzt:001104	skos:exactMatch	ecotaxa_legacy:472	semapv:UnspecifiedMatching				
pzt:001104	skos:exactMatch	ecotaxa_legacy:473	semapv:UnspecifiedMatching				
pzt:001104	skos:exactMatch	ecotaxa_legacy:627	semapv:UnspecifiedMatching				
pzt:001104	skos:exactMatch	ecotaxa_legacy:629	semapv:UnspecifiedMatching				
pzt:001104	skos:exactMatch	ecotaxa_legacy:719	semapv:UnspecifiedMatching				
pzt:001104	skos:exactMatch	ecotaxa_legacy:729	semapv:UnspecifiedMatching				
pzt:001104	skos:exactMatch	ecotaxa_legacy:737	semapv:UnspecifiedMatching				
pzt:001104	skos:exactMatch	ecotaxa_legacy:738	semapv:UnspecifiedMatching				
pzt:001104	skos:exactMatch	ncbi:644169	semapv:UnspecifiedMatching				
pzt:001104	skos:exactMatch	wikidata:Q68443084	semapv:UnspecifiedMatching				
pzt:001104	skos:exactMatch	worms:841202	semapv:UnspecifiedMatching				
pzt:001105	skos:broadMatch	bold:317196	semapv:LogicalReasoning				
pzt:001105	skos:exactMatch	ecotaxa_legacy:239	semapv:UnspecifiedMatching				
pzt:001105	skos:exactMatch	ecotaxa_legacy:457	semapv:UnspecifiedMatching				
pzt:001105	skos:exactMatch	ecotaxa_legacy:458	semapv:UnspecifiedMatching				
pzt:001105	skos:exactMatch	ecotaxa_legacy:459	semapv:UnspecifiedMatching				
pzt:001105	skos:exactMatch	ecotaxa_legacy:472	semapv:UnspecifiedMatching				
pzt:001105	skos:exactMatch	ecotaxa_legacy:473	semapv:UnspecifiedMatching				
pzt:001105	skos:exactMatch	ecotaxa_legacy:627	semapv:UnspecifiedMatching				
pzt:001105	skos:exactMatch	ecotaxa_legacy:629	semapv:UnspecifiedMatching				
pzt:001105	skos:exactMatch	ecotaxa_legacy:719	semapv:UnspecifiedMatching				
pzt:001105	skos:exactMatch	ecotaxa_legacy:729	semapv:UnspecifiedMatching				
pzt:001105	skos:exactMatch	ecotaxa_legacy:737	semapv:UnspecifiedMatching				
pzt:001105	skos:exactMatch	ecotaxa_legacy:738	semapv:UnspecifiedMatching				
pzt:001105	skos:exactMatch	ncbi:644170	semapv:UnspecifiedMatching				
pzt:001105	skos:exactMatch	wikidata:Q68443271	semapv:UnspecifiedMatching				
pzt:001105	skos:exactMatch	worms:841210	semapv:UnspecifiedMatching				
pzt:001106	skos:broadMatch	bold:317196	semapv:LogicalReasoning				
pzt:001106	skos:exactMatch	ecotaxa_legacy:627	semapv:UnspecifiedMatching				
pzt:001106	skos:exactMatch	ncbi:644171	semapv:UnspecifiedMatching				
pzt:001106	skos:exactMatch	wikidata:Q68443287	semapv:UnspecifiedMatching				
pzt:001106	skos:exactMatch	worms:837460	semapv:UnspecifiedMatching				
pzt:001107	skos:broadMatch	bold:317196	semapv:LogicalReasoning				
pzt:001107	skos:exactMatch	ecotaxa_legacy:459	semapv:UnspecifiedMatching				
pzt:001107	skos:exactMatch	ncbi:119094	semapv:UnspecifiedMatching				
pzt:001107	skos:exactMatch	wikidata:Q68443377	semapv:UnspecifiedMatching				
pzt:001107	skos:exactMatch	worms:840627	semapv:UnspecifiedMatching				
pzt:001108	skos:broadMatch	bold:317196	semapv:LogicalReasoning				
pzt:001108	skos:exactMatch	ecotaxa_legacy:472	semapv:UnspecifiedMatching				
pzt:001108	skos:exactMatch	ncbi:2916	semapv:UnspecifiedMatching				
pzt:001108	skos:exactMatch	wikidata:Q68443395	semapv:UnspecifiedMatching				
pzt:001108	skos:exactMatch	worms:840626	semapv:UnspecifiedMatching				
pzt:001109	skos:broadMatch	bold:317196	semapv:LogicalReasoning				
pzt:001109	skos:broadMatch	wikidata:Q18606362	semapv:LogicalReasoning				
pzt:001109	skos:exactMatch	ecotaxa_legacy:239	semapv:UnspecifiedMatching				
pzt:001109	skos:exactMatch	ecotaxa_legacy:457	semapv:UnspecifiedMatching				
pzt:001109	skos:exactMatch	ecotaxa_legacy:458	semapv:UnspecifiedMatching				
pzt:001109	skos:exactMatch	ecotaxa_legacy:459	semapv:UnspecifiedMatching				
pzt:001109	skos:exactMatch	ecotaxa_legacy:472	semapv:UnspecifiedMatching				
pzt:001109	skos:exactMatch	ecotaxa_legacy:473	semapv:UnspecifiedMatching				
pzt:001109	skos:exactMatch	ecotaxa_legacy:627	semapv:UnspecifiedMatching				
pzt:001109	skos:exactMatch	ecotaxa_legacy:629	semapv:UnspecifiedMatching				
pzt:001109	skos:exactMatch	ecotaxa_legacy:719	semapv:UnspecifiedMatching				
pzt:001109	skos:exactMatch	ecotaxa_legacy:729	semapv:UnspecifiedMatching				
pzt:001109	skos:exactMatch	ecotaxa_legacy:737	semapv:UnspecifiedMatching				
pzt:001109	skos:exactMatch	ecotaxa_legacy:738	semapv:UnspecifiedMatching				
pzt:001109	skos:exactMatch	ncbi:3681919	semapv:UnspecifiedMatching				
pzt:001109	skos:exactMatch	worms:841242	semapv:UnspecifiedMatching				
pzt:001110	skos:exactMatch	bold:317197	semapv:UnspecifiedMatching				
pzt:001110	skos:exactMatch	ecotaxa_legacy:239	semapv:UnspecifiedMatching				
pzt:001110	skos:exactMatch	ecotaxa_legacy:457	semapv:UnspecifiedMatching				
pzt:001110	skos:exactMatch	ecotaxa_legacy:458	semapv:UnspecifiedMatching				
pzt:001110	skos:exactMatch	ecotaxa_legacy:459	semapv:UnspecifiedMatching				
pzt:001110	skos:exactMatch	ecotaxa_legacy:472	semapv:UnspecifiedMatching				
pzt:001110	skos:exactMatch	ecotaxa_legacy:473	semapv:UnspecifiedMatching				
pzt:001110	skos:exactMatch	ecotaxa_legacy:627	semapv:UnspecifiedMatching				
pzt:001110	skos:exactMatch	ecotaxa_legacy:629	semapv:UnspecifiedMatching				
pzt:001110	skos:exactMatch	ecotaxa_legacy:719	semapv:UnspecifiedMatching				
pzt:001110	skos:exactMatch	ecotaxa_legacy:729	semapv:UnspecifiedMatching				
pzt:001110	skos:exactMatch	ecotaxa_legacy:737	semapv:UnspecifiedMatching				
pzt:001110	skos:exactMatch	ecotaxa_legacy:738	semapv:UnspecifiedMatching				
pzt:001110	skos:exactMatch	ncbi:644172	semapv:UnspecifiedMatching				
pzt:001110	skos:exactMatch	wikidata:Q68443506	semapv:UnspecifiedMatching				
pzt:001110	skos:exactMatch	worms:841246	semapv:UnspecifiedMatching				
pzt:001111	skos:broadMatch	bold:317196	semapv:LogicalReasoning				
pzt:001111	skos:exactMatch	ecotaxa_legacy:629	semapv:UnspecifiedMatching				
pzt:001111	skos:exactMatch	ncbi:644173	semapv:UnspecifiedMatching				
pzt:001111	skos:exactMatch	wikidata:Q68443541	semapv:UnspecifiedMatching				
pzt:001111	skos:exactMatch	worms:841248	semapv:UnspecifiedMatching				
pzt:001112	skos:broadMatch	bold:317196	semapv:LogicalReasoning				
pzt:001112	skos:broadMatch	wikidata:Q18606362	semapv:LogicalReasoning				
pzt:001112	skos:exactMatch	ecotaxa_legacy:239	semapv:UnspecifiedMatching				
pzt:001112	skos:exactMatch	ecotaxa_legacy:457	semapv:UnspecifiedMatching				
pzt:001112	skos:exactMatch	ecotaxa_legacy:458	semapv:UnspecifiedMatching				
pzt:001112	skos:exactMatch	ecotaxa_legacy:459	semapv:UnspecifiedMatching				
pzt:001112	skos:exactMatch	ecotaxa_legacy:472	semapv:UnspecifiedMatching				
pzt:001112	skos:exactMatch	ecotaxa_legacy:473	semapv:UnspecifiedMatching				
pzt:001112	skos:exactMatch	ecotaxa_legacy:627	semapv:UnspecifiedMatching				
pzt:001112	skos:exactMatch	ecotaxa_legacy:629	semapv:UnspecifiedMatching				
pzt:001112	skos:exactMatch	ecotaxa_legacy:719	semapv:UnspecifiedMatching				
pzt:001112	skos:exactMatch	ecotaxa_legacy:729	semapv:UnspecifiedMatching				
pzt:001112	skos:exactMatch	ecotaxa_legacy:737	semapv:UnspecifiedMatching				
pzt:001112	skos:exactMatch	ecotaxa_legacy:738	semapv:UnspecifiedMatching				
pzt:001112	skos:exactMatch	ncbi:203191	semapv:UnspecifiedMatching				
pzt:001112	skos:exactMatch	worms:837453	semapv:UnspecifiedMatching				
pzt:001113	skos:broadMatch	bold:317196	semapv:LogicalReasoning				
pzt:001113	skos:broadMatch	ncbi:2126447	semapv:LogicalReasoning				
pzt:001113	skos:exactMatch	ecotaxa_legacy:239	semapv:UnspecifiedMatching				
pzt:001113	skos:exactMatch	ecotaxa_legacy:457	semapv:UnspecifiedMatching				
pzt:001113	skos:exactMatch	ecotaxa_legacy:458	semapv:UnspecifiedMatching				
pzt:001113	skos:exactMatch	ecotaxa_legacy:459	semapv:UnspecifiedMatching				
pzt:001113	skos:exactMatch	ecotaxa_legacy:472	semapv:UnspecifiedMatching				
pzt:001113	skos:exactMatch	ecotaxa_legacy:473	semapv:UnspecifiedMatching				
pzt:001113	skos:exactMatch	ecotaxa_legacy:627	semapv:UnspecifiedMatching				
pzt:001113	skos:exactMatch	ecotaxa_legacy:629	semapv:UnspecifiedMatching				
pzt:001113	skos:exactMatch	ecotaxa_legacy:719	semapv:UnspecifiedMatching				
pzt:001113	skos:exactMatch	ecotaxa_legacy:729	semapv:UnspecifiedMatching				
pzt:001113	skos:exactMatch	ecotaxa_legacy:737	semapv:UnspecifiedMatching				
pzt:001113	skos:exactMatch	ecotaxa_legacy:738	semapv:UnspecifiedMatching				
pzt:001113	skos:exactMatch	wikidata:Q68443605	semapv:UnspecifiedMatching				
pzt:001113	skos:exactMatch	worms:841251	semapv:UnspecifiedMatching				
pzt:001114	skos:broadMatch	bold:317196	semapv:LogicalReasoning				
pzt:001114	skos:exactMatch	ecotaxa_legacy:729	semapv:UnspecifiedMatching				
pzt:001114	skos:exactMatch	ncbi:644175	semapv:UnspecifiedMatching				
pzt:001114	skos:exactMatch	wikidata:Q68443843	semapv:UnspecifiedMatching				
pzt:001114	skos:exactMatch	worms:841258	semapv:UnspecifiedMatching				
pzt:001115	skos:broadMatch	bold:317196	semapv:LogicalReasoning				
pzt:001115	skos:exactMatch	ecotaxa_legacy:239	semapv:UnspecifiedMatching				
pzt:001115	skos:exactMatch	ecotaxa_legacy:457	semapv:UnspecifiedMatching				
pzt:001115	skos:exactMatch	ecotaxa_legacy:458	semapv:UnspecifiedMatching				
pzt:001115	skos:exactMatch	ecotaxa_legacy:459	semapv:UnspecifiedMatching				
pzt:001115	skos:exactMatch	ecotaxa_legacy:472	semapv:UnspecifiedMatching				
pzt:001115	skos:exactMatch	ecotaxa_legacy:473	semapv:UnspecifiedMatching				
pzt:001115	skos:exactMatch	ecotaxa_legacy:627	semapv:UnspecifiedMatching				
pzt:001115	skos:exactMatch	ecotaxa_legacy:629	semapv:UnspecifiedMatching				
pzt:001115	skos:exactMatch	ecotaxa_legacy:719	semapv:UnspecifiedMatching				
pzt:001115	skos:exactMatch	ecotaxa_legacy:729	semapv:UnspecifiedMatching				
pzt:001115	skos:exactMatch	ecotaxa_legacy:737	semapv:UnspecifiedMatching				
pzt:001115	skos:exactMatch	ecotaxa_legacy:738	semapv:UnspecifiedMatching				
pzt:001115	skos:exactMatch	ncbi:994785	semapv:UnspecifiedMatching				
pzt:001115	skos:exactMatch	wikidata:Q68443865	semapv:UnspecifiedMatching				
pzt:001115	skos:exactMatch	worms:837459	semapv:UnspecifiedMatching				
pzt:001116	skos:broadMatch	bold:317196	semapv:LogicalReasoning				
pzt:001116	skos:exactMatch	ecotaxa_legacy:239	semapv:UnspecifiedMatching				
pzt:001116	skos:exactMatch	ecotaxa_legacy:457	semapv:UnspecifiedMatching				
pzt:001116	skos:exactMatch	ecotaxa_legacy:458	semapv:UnspecifiedMatching				
pzt:001116	skos:exactMatch	ecotaxa_legacy:459	semapv:UnspecifiedMatching				
pzt:001116	skos:exactMatch	ecotaxa_legacy:472	semapv:UnspecifiedMatching				
pzt:001116	skos:exactMatch	ecotaxa_legacy:473	semapv:UnspecifiedMatching				
pzt:001116	skos:exactMatch	ecotaxa_legacy:627	semapv:UnspecifiedMatching				
pzt:001116	skos:exactMatch	ecotaxa_legacy:629	semapv:UnspecifiedMatching				
pzt:001116	skos:exactMatch	ecotaxa_legacy:719	semapv:UnspecifiedMatching				
pzt:001116	skos:exactMatch	ecotaxa_legacy:729	semapv:UnspecifiedMatching				
pzt:001116	skos:exactMatch	ecotaxa_legacy:737	semapv:UnspecifiedMatching				
pzt:001116	skos:exactMatch	ecotaxa_legacy:738	semapv:UnspecifiedMatching				
pzt:001116	skos:exactMatch	ncbi:994787	semapv:UnspecifiedMatching				
pzt:001116	skos:exactMatch	wikidata:Q68443986	semapv:UnspecifiedMatching				
pzt:001116	skos:exactMatch	worms:841260	semapv:UnspecifiedMatching				
pzt:001117	skos:broadMatch	bold:317196	semapv:LogicalReasoning				
pzt:001117	skos:exactMatch	ecotaxa_legacy:239	semapv:UnspecifiedMatching				
pzt:001117	skos:exactMatch	ecotaxa_legacy:457	semapv:UnspecifiedMatching				
pzt:001117	skos:exactMatch	ecotaxa_legacy:458	semapv:UnspecifiedMatching				
pzt:001117	skos:exactMatch	ecotaxa_legacy:459	semapv:UnspecifiedMatching				
pzt:001117	skos:exactMatch	ecotaxa_legacy:472	semapv:UnspecifiedMatching				
pzt:001117	skos:exactMatch	ecotaxa_legacy:473	semapv:UnspecifiedMatching				
pzt:001117	skos:exactMatch	ecotaxa_legacy:627	semapv:UnspecifiedMatching				
pzt:001117	skos:exactMatch	ecotaxa_legacy:629	semapv:UnspecifiedMatching				
pzt:001117	skos:exactMatch	ecotaxa_legacy:719	semapv:UnspecifiedMatching				
pzt:001117	skos:exactMatch	ecotaxa_legacy:729	semapv:UnspecifiedMatching				
pzt:001117	skos:exactMatch	ecotaxa_legacy:737	semapv:UnspecifiedMatching				
pzt:001117	skos:exactMatch	ecotaxa_legacy:738	semapv:UnspecifiedMatching				
pzt:001117	skos:exactMatch	ncbi:644176	semapv:UnspecifiedMatching				
pzt:001117	skos:exactMatch	wikidata:Q68444013	semapv:UnspecifiedMatching				
pzt:001117	skos:exactMatch	worms:841261	semapv:UnspecifiedMatching				
pzt:001118	skos:broadMatch	bold:317196	semapv:LogicalReasoning				
pzt:001118	skos:exactMatch	ecotaxa_legacy:239	semapv:UnspecifiedMatching				
pzt:001118	skos:exactMatch	ecotaxa_legacy:457	semapv:UnspecifiedMatching				
pzt:001118	skos:exactMatch	ecotaxa_legacy:458	semapv:UnspecifiedMatching				
pzt:001118	skos:exactMatch	ecotaxa_legacy:459	semapv:UnspecifiedMatching				
pzt:001118	skos:exactMatch	ecotaxa_legacy:472	semapv:UnspecifiedMatching				
pzt:001118	skos:exactMatch	ecotaxa_legacy:473	semapv:UnspecifiedMatching				
pzt:001118	skos:exactMatch	ecotaxa_legacy:627	semapv:UnspecifiedMatching				
pzt:001118	skos:exactMatch	ecotaxa_legacy:629	semapv:UnspecifiedMatching				
pzt:001118	skos:exactMatch	ecotaxa_legacy:719	semapv:UnspecifiedMatching				
pzt:001118	skos:exactMatch	ecotaxa_legacy:729	semapv:UnspecifiedMatching				
pzt:001118	skos:exactMatch	ecotaxa_legacy:737	semapv:UnspecifiedMatching				
pzt:001118	skos:exactMatch	ecotaxa_legacy:738	semapv:UnspecifiedMatching				
pzt:001118	skos:exactMatch	ncbi:644177	semapv:UnspecifiedMatching				
pzt:001118	skos:exactMatch	wikidata:Q68444063	semapv:UnspecifiedMatching				
pzt:001118	skos:exactMatch	worms:841263	semapv:UnspecifiedMatching				
pzt:001119	skos:broadMatch	bold:317196	semapv:LogicalReasoning				
pzt:001119	skos:exactMatch	ecotaxa_legacy:719	semapv:UnspecifiedMatching				
pzt:001119	skos:exactMatch	ncbi:644178	semapv:UnspecifiedMatching				
pzt:001119	skos:exactMatch	wikidata:Q68444364	semapv:UnspecifiedMatching				
pzt:001119	skos:exactMatch	worms:841741	semapv:UnspecifiedMatching				
pzt:001120	skos:broadMatch	bold:317196	semapv:LogicalReasoning				
pzt:001120	skos:exactMatch	ecotaxa_legacy:473	semapv:UnspecifiedMatching				
pzt:001120	skos:exactMatch	ncbi:644179	semapv:UnspecifiedMatching				
pzt:001120	skos:exactMatch	wikidata:Q68444515	semapv:UnspecifiedMatching				
pzt:001120	skos:exactMatch	worms:841746	semapv:UnspecifiedMatching				
pzt:001121	skos:broadMatch	bold:317196	semapv:LogicalReasoning				
pzt:001121	skos:exactMatch	ecotaxa_legacy:239	semapv:UnspecifiedMatching				
pzt:001121	skos:exactMatch	ecotaxa_legacy:457	semapv:UnspecifiedMatching				
pzt:001121	skos:exactMatch	ecotaxa_legacy:458	semapv:UnspecifiedMatching				
pzt:001121	skos:exactMatch	ecotaxa_legacy:459	semapv:UnspecifiedMatching				
pzt:001121	skos:exactMatch	ecotaxa_legacy:472	semapv:UnspecifiedMatching				
pzt:001121	skos:exactMatch	ecotaxa_legacy:473	semapv:UnspecifiedMatching				
pzt:001121	skos:exactMatch	ecotaxa_legacy:627	semapv:UnspecifiedMatching				
pzt:001121	skos:exactMatch	ecotaxa_legacy:629	semapv:UnspecifiedMatching				
pzt:001121	skos:exactMatch	ecotaxa_legacy:719	semapv:UnspecifiedMatching				
pzt:001121	skos:exactMatch	ecotaxa_legacy:729	semapv:UnspecifiedMatching				
pzt:001121	skos:exactMatch	ecotaxa_legacy:737	semapv:UnspecifiedMatching				
pzt:001121	skos:exactMatch	ecotaxa_legacy:738	semapv:UnspecifiedMatching				
pzt:001121	skos:exactMatch	ncbi:644180	semapv:UnspecifiedMatching				
pzt:001121	skos:exactMatch	wikidata:Q68444572	semapv:UnspecifiedMatching				
pzt:001121	skos:exactMatch	worms:1455969	semapv:UnspecifiedMatching				
pzt:001122	skos:broadMatch	bold:317196	semapv:LogicalReasoning				
pzt:001122	skos:exactMatch	ecotaxa_legacy:737	semapv:UnspecifiedMatching				
pzt:001122	skos:exactMatch	ncbi:692279	semapv:UnspecifiedMatching				
pzt:001122	skos:exactMatch	wikidata:Q68444597	semapv:UnspecifiedMatching				
pzt:001122	skos:exactMatch	worms:837461	semapv:UnspecifiedMatching				
pzt:001123	skos:broadMatch	bold:317196	semapv:LogicalReasoning				
pzt:001123	skos:exactMatch	ecotaxa_legacy:738	semapv:UnspecifiedMatching				
pzt:001123	skos:exactMatch	ncbi:2795484	semapv:UnspecifiedMatching				
pzt:001123	skos:exactMatch	wikidata:Q68444701	semapv:UnspecifiedMatching				
pzt:001123	skos:exactMatch	worms:841751	semapv:UnspecifiedMatching				
pzt:001124	skos:broadMatch	bold:317196	semapv:LogicalReasoning				
pzt:001124	skos:exactMatch	ecotaxa_legacy:239	semapv:UnspecifiedMatching				
pzt:001124	skos:exactMatch	ecotaxa_legacy:457	semapv:UnspecifiedMatching				
pzt:001124	skos:exactMatch	ecotaxa_legacy:458	semapv:UnspecifiedMatching				
pzt:001124	skos:exactMatch	ecotaxa_legacy:459	semapv:UnspecifiedMatching				
pzt:001124	skos:exactMatch	ecotaxa_legacy:472	semapv:UnspecifiedMatching				
pzt:001124	skos:exactMatch	ecotaxa_legacy:473	semapv:UnspecifiedMatching				
pzt:001124	skos:exactMatch	ecotaxa_legacy:627	semapv:UnspecifiedMatching				
pzt:001124	skos:exactMatch	ecotaxa_legacy:629	semapv:UnspecifiedMatching				
pzt:001124	skos:exactMatch	ecotaxa_legacy:719	semapv:UnspecifiedMatching				
pzt:001124	skos:exactMatch	ecotaxa_legacy:729	semapv:UnspecifiedMatching				
pzt:001124	skos:exactMatch	ecotaxa_legacy:737	semapv:UnspecifiedMatching				
pzt:001124	skos:exactMatch	ecotaxa_legacy:738	semapv:UnspecifiedMatching				
pzt:001124	skos:exactMatch	ncbi:2795485	semapv:UnspecifiedMatching				
pzt:001124	skos:exactMatch	wikidata:Q68444755	semapv:UnspecifiedMatching				
pzt:001124	skos:exactMatch	worms:837234	semapv:UnspecifiedMatching				
pzt:001125	skos:broadMatch	bold:317196	semapv:LogicalReasoning				
pzt:001125	skos:exactMatch	ecotaxa_legacy:239	semapv:UnspecifiedMatching				
pzt:001125	skos:exactMatch	ecotaxa_legacy:457	semapv:UnspecifiedMatching				
pzt:001125	skos:exactMatch	ecotaxa_legacy:458	semapv:UnspecifiedMatching				
pzt:001125	skos:exactMatch	ecotaxa_legacy:459	semapv:UnspecifiedMatching				
pzt:001125	skos:exactMatch	ecotaxa_legacy:472	semapv:UnspecifiedMatching				
pzt:001125	skos:exactMatch	ecotaxa_legacy:473	semapv:UnspecifiedMatching				
pzt:001125	skos:exactMatch	ecotaxa_legacy:627	semapv:UnspecifiedMatching				
pzt:001125	skos:exactMatch	ecotaxa_legacy:629	semapv:UnspecifiedMatching				
pzt:001125	skos:exactMatch	ecotaxa_legacy:719	semapv:UnspecifiedMatching				
pzt:001125	skos:exactMatch	ecotaxa_legacy:729	semapv:UnspecifiedMatching				
pzt:001125	skos:exactMatch	ecotaxa_legacy:737	semapv:UnspecifiedMatching				
pzt:001125	skos:exactMatch	ecotaxa_legacy:738	semapv:UnspecifiedMatching				
pzt:001125	skos:exactMatch	ncbi:644181	semapv:UnspecifiedMatching				
pzt:001125	skos:exactMatch	wikidata:Q68445227	semapv:UnspecifiedMatching				
pzt:001125	skos:exactMatch	worms:841767	semapv:UnspecifiedMatching				
pzt:001126	skos:broadMatch	bold:317196	semapv:LogicalReasoning				
pzt:001126	skos:exactMatch	ecotaxa_legacy:239	semapv:UnspecifiedMatching				
pzt:001126	skos:exactMatch	ecotaxa_legacy:457	semapv:UnspecifiedMatching				
pzt:001126	skos:exactMatch	ecotaxa_legacy:458	semapv:UnspecifiedMatching				
pzt:001126	skos:exactMatch	ecotaxa_legacy:459	semapv:UnspecifiedMatching				
pzt:001126	skos:exactMatch	ecotaxa_legacy:472	semapv:UnspecifiedMatching				
pzt:001126	skos:exactMatch	ecotaxa_legacy:473	semapv:UnspecifiedMatching				
pzt:001126	skos:exactMatch	ecotaxa_legacy:627	semapv:UnspecifiedMatching				
pzt:001126	skos:exactMatch	ecotaxa_legacy:629	semapv:UnspecifiedMatching				
pzt:001126	skos:exactMatch	ecotaxa_legacy:719	semapv:UnspecifiedMatching				
pzt:001126	skos:exactMatch	ecotaxa_legacy:729	semapv:UnspecifiedMatching				
pzt:001126	skos:exactMatch	ecotaxa_legacy:737	semapv:UnspecifiedMatching				
pzt:001126	skos:exactMatch	ecotaxa_legacy:738	semapv:UnspecifiedMatching				
pzt:001126	skos:exactMatch	ncbi:3111885	semapv:UnspecifiedMatching				
pzt:001126	skos:exactMatch	wikidata:Q68445277	semapv:UnspecifiedMatching				
pzt:001126	skos:exactMatch	worms:1381154	semapv:UnspecifiedMatching				
pzt:001127	skos:broadMatch	bold:317196	semapv:LogicalReasoning				
pzt:001127	skos:exactMatch	ecotaxa_legacy:239	semapv:UnspecifiedMatching				
pzt:001127	skos:exactMatch	ecotaxa_legacy:457	semapv:UnspecifiedMatching				
pzt:001127	skos:exactMatch	ecotaxa_legacy:458	semapv:UnspecifiedMatching				
pzt:001127	skos:exactMatch	ecotaxa_legacy:459	semapv:UnspecifiedMatching				
pzt:001127	skos:exactMatch	ecotaxa_legacy:472	semapv:UnspecifiedMatching				
pzt:001127	skos:exactMatch	ecotaxa_legacy:473	semapv:UnspecifiedMatching				
pzt:001127	skos:exactMatch	ecotaxa_legacy:627	semapv:UnspecifiedMatching				
pzt:001127	skos:exactMatch	ecotaxa_legacy:629	semapv:UnspecifiedMatching				
pzt:001127	skos:exactMatch	ecotaxa_legacy:719	semapv:UnspecifiedMatching				
pzt:001127	skos:exactMatch	ecotaxa_legacy:729	semapv:UnspecifiedMatching				
pzt:001127	skos:exactMatch	ecotaxa_legacy:737	semapv:UnspecifiedMatching				
pzt:001127	skos:exactMatch	ecotaxa_legacy:738	semapv:UnspecifiedMatching				
pzt:001127	skos:exactMatch	ncbi:2795486	semapv:UnspecifiedMatching				
pzt:001127	skos:exactMatch	wikidata:Q68445335	semapv:UnspecifiedMatching				
pzt:001127	skos:exactMatch	worms:842517	semapv:UnspecifiedMatching				
pzt:001129	skos:exactMatch	bold:317120	semapv:UnspecifiedMatching				
pzt:001129	skos:exactMatch	ecotaxa_legacy:482	semapv:UnspecifiedMatching				
pzt:001129	skos:exactMatch	ncbi:66799	semapv:UnspecifiedMatching				
pzt:001129	skos:exactMatch	wikidata:Q18606265	semapv:UnspecifiedMatching				
pzt:001129	skos:exactMatch	worms:109507	semapv:UnspecifiedMatching				
pzt:001130	skos:exactMatch	bold:317121	semapv:UnspecifiedMatching				
pzt:001130	skos:exactMatch	ecotaxa_legacy:482	semapv:UnspecifiedMatching				
pzt:001130	skos:exactMatch	ncbi:66800	semapv:UnspecifiedMatching				
pzt:001130	skos:exactMatch	wikidata:Q2205523	semapv:UnspecifiedMatching				
pzt:001130	skos:exactMatch	worms:109986	semapv:UnspecifiedMatching				
pzt:001132	skos:broadMatch	bold:317024	semapv:LogicalReasoning				
pzt:001132	skos:exactMatch	ecotaxa_legacy:483	semapv:UnspecifiedMatching				
pzt:001132	skos:exactMatch	ncbi:1129411	semapv:UnspecifiedMatching				
pzt:001132	skos:exactMatch	wikidata:Q18606151	semapv:UnspecifiedMatching				
pzt:001132	skos:exactMatch	worms:109509	semapv:UnspecifiedMatching				
pzt:001133	skos:broadMatch	bold:317024	semapv:LogicalReasoning				
pzt:001133	skos:broadMatch	ncbi:1129411	semapv:LogicalReasoning				
pzt:001133	skos:exactMatch	ecotaxa_legacy:483	semapv:UnspecifiedMatching				
pzt:001133	skos:exactMatch	wikidata:Q2805504	semapv:UnspecifiedMatching				
pzt:001133	skos:exactMatch	worms:109989	semapv:UnspecifiedMatching				
pzt:001134	skos:exactMatch	worms:233346	semapv:UnspecifiedMatching				
pzt:001136	skos:exactMatch	bold:317031	semapv:UnspecifiedMatching				
pzt:001136	skos:exactMatch	ecotaxa_legacy:240	semapv:UnspecifiedMatching				
pzt:001136	skos:exactMatch	ncbi:3111327	semapv:UnspecifiedMatching				
pzt:001136	skos:exactMatch	wikidata:Q68470873	semapv:UnspecifiedMatching				
pzt:001136	skos:exactMatch	worms:110156	semapv:UnspecifiedMatching				
pzt:001139	skos:exactMatch	bold:317052	semapv:UnspecifiedMatching				
pzt:001139	skos:exactMatch	ecotaxa_legacy:240	semapv:UnspecifiedMatching				
pzt:001139	skos:exactMatch	ncbi:447208	semapv:UnspecifiedMatching				
pzt:001139	skos:exactMatch	wikidata:Q68445839	semapv:UnspecifiedMatching				
pzt:001139	skos:exactMatch	worms:110007	semapv:UnspecifiedMatching				
pzt:001140	skos:exactMatch	bold:317053	semapv:UnspecifiedMatching				
pzt:001140	skos:exactMatch	ecotaxa_legacy:240	semapv:UnspecifiedMatching				
pzt:001140	skos:exactMatch	ncbi:2912	semapv:UnspecifiedMatching				
pzt:001140	skos:exactMatch	wikidata:Q5582128	semapv:UnspecifiedMatching				
pzt:001140	skos:exactMatch	worms:109519	semapv:UnspecifiedMatching				
pzt:001141	skos:broadMatch	bold:317053	semapv:LogicalReasoning				
pzt:001141	skos:exactMatch	ecotaxa_legacy:240	semapv:UnspecifiedMatching				
pzt:001141	skos:exactMatch	ncbi:293646	semapv:UnspecifiedMatching				
pzt:001141	skos:exactMatch	wikidata:Q68447300	semapv:UnspecifiedMatching				
pzt:001141	skos:exactMatch	worms:110035	semapv:UnspecifiedMatching				
pzt:001142	skos:broadMatch	bold:317053	semapv:LogicalReasoning				
pzt:001142	skos:exactMatch	ecotaxa_legacy:240	semapv:UnspecifiedMatching				
pzt:001142	skos:exactMatch	ncbi:2723146	semapv:UnspecifiedMatching				
pzt:001142	skos:exactMatch	wikidata:Q68447632	semapv:UnspecifiedMatching				
pzt:001142	skos:exactMatch	worms:110045	semapv:UnspecifiedMatching				
pzt:001145	skos:broadMatch	bold:317024	semapv:LogicalReasoning				
pzt:001145	skos:exactMatch	ecotaxa_legacy:240	semapv:UnspecifiedMatching				
pzt:001145	skos:exactMatch	ncbi:2723146	semapv:UnspecifiedMatching				
pzt:001145	skos:exactMatch	wikidata:Q106456471	semapv:UnspecifiedMatching				
pzt:001145	skos:exactMatch	worms:1760858	semapv:UnspecifiedMatching				
pzt:001148	skos:exactMatch	bold:317070	semapv:UnspecifiedMatching				
pzt:001148	skos:exactMatch	ecotaxa_legacy:240	semapv:UnspecifiedMatching				
pzt:001148	skos:exactMatch	ncbi:133427	semapv:UnspecifiedMatching				
pzt:001148	skos:exactMatch	wikidata:Q68451460	semapv:UnspecifiedMatching				
pzt:001148	skos:exactMatch	worms:110321	semapv:UnspecifiedMatching				
pzt:001149	skos:exactMatch	bold:317059	semapv:UnspecifiedMatching				
pzt:001149	skos:exactMatch	ecotaxa_legacy:240	semapv:UnspecifiedMatching				
pzt:001149	skos:exactMatch	ncbi:1573500	semapv:UnspecifiedMatching				
pzt:001149	skos:exactMatch	wikidata:Q16916347	semapv:UnspecifiedMatching				
pzt:001149	skos:exactMatch	worms:109444	semapv:UnspecifiedMatching				
pzt:001150	skos:exactMatch	bold:317026	semapv:UnspecifiedMatching				
pzt:001150	skos:exactMatch	ecotaxa_legacy:240	semapv:UnspecifiedMatching				
pzt:001150	skos:exactMatch	ncbi:2924	semapv:UnspecifiedMatching				
pzt:001150	skos:exactMatch	wikidata:Q4721024	semapv:UnspecifiedMatching				
pzt:001150	skos:exactMatch	worms:109470	semapv:UnspecifiedMatching				
pzt:001151	skos:exactMatch	bold:317060	semapv:UnspecifiedMatching				
pzt:001151	skos:exactMatch	ecotaxa_legacy:487	semapv:UnspecifiedMatching				
pzt:001151	skos:exactMatch	ecotaxa_legacy:762	semapv:UnspecifiedMatching				
pzt:001151	skos:exactMatch	ncbi:2971	semapv:UnspecifiedMatching				
pzt:001151	skos:exactMatch	wikidata:Q16916345	semapv:UnspecifiedMatching				
pzt:001151	skos:exactMatch	worms:109571	semapv:UnspecifiedMatching				
pzt:001152	skos:broadMatch	bold:317060	semapv:LogicalReasoning				
pzt:001152	skos:exactMatch	ecotaxa_legacy:487	semapv:UnspecifiedMatching				
pzt:001152	skos:exactMatch	ecotaxa_legacy:762	semapv:UnspecifiedMatching				
pzt:001152	skos:exactMatch	ncbi:295513	semapv:UnspecifiedMatching				
pzt:001152	skos:exactMatch	wikidata:Q7263640	semapv:UnspecifiedMatching				
pzt:001152	skos:exactMatch	worms:110328	semapv:UnspecifiedMatching				
pzt:001153	skos:broadMatch	bold:317060	semapv:LogicalReasoning				
pzt:001153	skos:broadMatch	ncbi:2971	semapv:LogicalReasoning				
pzt:001153	skos:exactMatch	ecotaxa_legacy:762	semapv:UnspecifiedMatching				
pzt:001153	skos:exactMatch	wikidata:Q68432032	semapv:UnspecifiedMatching				
pzt:001153	skos:exactMatch	worms:232259	semapv:UnspecifiedMatching				
pzt:001154	skos:exactMatch	bold:317066	semapv:UnspecifiedMatching				
pzt:001154	skos:exactMatch	ecotaxa_legacy:487	semapv:UnspecifiedMatching				
pzt:001154	skos:exactMatch	ecotaxa_legacy:762	semapv:UnspecifiedMatching				
pzt:001154	skos:exactMatch	ncbi:2972	semapv:UnspecifiedMatching				
pzt:001154	skos:exactMatch	wikidata:Q68432077	semapv:UnspecifiedMatching				
pzt:001154	skos:exactMatch	worms:164053	semapv:UnspecifiedMatching				
pzt:001155	skos:broadMatch	ncbi:2971	semapv:LogicalReasoning				
pzt:001155	skos:exactMatch	bold:317061	semapv:UnspecifiedMatching				
pzt:001155	skos:exactMatch	ecotaxa_legacy:487	semapv:UnspecifiedMatching				
pzt:001155	skos:exactMatch	ecotaxa_legacy:762	semapv:UnspecifiedMatching				
pzt:001155	skos:exactMatch	wikidata:Q68432172	semapv:UnspecifiedMatching				
pzt:001155	skos:exactMatch	worms:573782	semapv:UnspecifiedMatching				
pzt:001157	skos:exactMatch	bold:317168	semapv:UnspecifiedMatching				
pzt:001157	skos:exactMatch	ecotaxa_legacy:742	semapv:UnspecifiedMatching				
pzt:001157	skos:exactMatch	ncbi:261841	semapv:UnspecifiedMatching				
pzt:001157	skos:exactMatch	wikidata:Q25364482	semapv:UnspecifiedMatching				
pzt:001157	skos:exactMatch	worms:109555	semapv:UnspecifiedMatching				
pzt:001158	skos:broadMatch	bold:317168	semapv:LogicalReasoning				
pzt:001158	skos:exactMatch	ecotaxa_legacy:742	semapv:UnspecifiedMatching				
pzt:001158	skos:exactMatch	ncbi:3111395	semapv:UnspecifiedMatching				
pzt:001158	skos:exactMatch	wikidata:Q68451858	semapv:UnspecifiedMatching				
pzt:001158	skos:exactMatch	worms:232598	semapv:UnspecifiedMatching				
pzt:001159	skos:exactMatch	bold:317015	semapv:UnspecifiedMatching				
pzt:001159	skos:exactMatch	ecotaxa_legacy:240	semapv:UnspecifiedMatching				
pzt:001159	skos:exactMatch	ncbi:2953	semapv:UnspecifiedMatching				
pzt:001159	skos:exactMatch	wikidata:Q5890243	semapv:UnspecifiedMatching				
pzt:001159	skos:exactMatch	worms:109392	semapv:UnspecifiedMatching				
pzt:001161	skos:exactMatch	bold:317057	semapv:UnspecifiedMatching				
pzt:001161	skos:exactMatch	ecotaxa_legacy:240	semapv:UnspecifiedMatching				
pzt:001161	skos:exactMatch	ncbi:143671	semapv:UnspecifiedMatching				
pzt:001161	skos:exactMatch	wikidata:Q18645465	semapv:UnspecifiedMatching				
pzt:001161	skos:exactMatch	worms:231787	semapv:UnspecifiedMatching				
pzt:001162	skos:exactMatch	bold:317058	semapv:UnspecifiedMatching				
pzt:001162	skos:exactMatch	ecotaxa_legacy:240	semapv:UnspecifiedMatching				
pzt:001162	skos:exactMatch	ncbi:143672	semapv:UnspecifiedMatching				
pzt:001162	skos:exactMatch	wikidata:Q416309	semapv:UnspecifiedMatching				
pzt:001162	skos:exactMatch	worms:232546	semapv:UnspecifiedMatching				
pzt:001163	skos:exactMatch	bold:317016	semapv:UnspecifiedMatching				
pzt:001163	skos:exactMatch	ecotaxa_legacy:240	semapv:UnspecifiedMatching				
pzt:001163	skos:exactMatch	ncbi:77299	semapv:UnspecifiedMatching				
pzt:001163	skos:exactMatch	wikidata:Q11085395	semapv:UnspecifiedMatching				
pzt:001163	skos:exactMatch	worms:109474	semapv:UnspecifiedMatching				
pzt:001164	skos:exactMatch	bold:317017	semapv:UnspecifiedMatching				
pzt:001164	skos:exactMatch	ecotaxa_legacy:240	semapv:UnspecifiedMatching				
pzt:001164	skos:exactMatch	ncbi:2955	semapv:UnspecifiedMatching				
pzt:001164	skos:exactMatch	wikidata:Q140581	semapv:UnspecifiedMatching				
pzt:001164	skos:exactMatch	worms:109475	semapv:UnspecifiedMatching				
pzt:001165	skos:exactMatch	ncbi:614669	semapv:UnspecifiedMatching				
pzt:001165	skos:exactMatch	wikidata:Q68454893	semapv:UnspecifiedMatching				
pzt:001165	skos:exactMatch	worms:623645	semapv:UnspecifiedMatching				
pzt:001166	skos:exactMatch	bold:317016	semapv:UnspecifiedMatching				
pzt:001166	skos:exactMatch	ecotaxa_legacy:240	semapv:UnspecifiedMatching				
pzt:001166	skos:exactMatch	ncbi:1641412	semapv:UnspecifiedMatching				
pzt:001166	skos:exactMatch	wikidata:Q25364681	semapv:UnspecifiedMatching				
pzt:001166	skos:exactMatch	worms:109479	semapv:UnspecifiedMatching				
pzt:001168	skos:exactMatch	bold:317077	semapv:UnspecifiedMatching				
pzt:001168	skos:exactMatch	ecotaxa_legacy:240	semapv:UnspecifiedMatching				
pzt:001168	skos:exactMatch	ncbi:60594	semapv:UnspecifiedMatching				
pzt:001168	skos:exactMatch	wikidata:Q25364659	semapv:UnspecifiedMatching				
pzt:001168	skos:exactMatch	worms:109476	semapv:UnspecifiedMatching				
pzt:001170	skos:exactMatch	bold:317067	semapv:UnspecifiedMatching				
pzt:001170	skos:exactMatch	ecotaxa_legacy:240	semapv:UnspecifiedMatching				
pzt:001170	skos:exactMatch	ncbi:1052865	semapv:UnspecifiedMatching				
pzt:001170	skos:exactMatch	wikidata:Q6370165	semapv:UnspecifiedMatching				
pzt:001170	skos:exactMatch	worms:231788	semapv:UnspecifiedMatching				
pzt:001171	skos:exactMatch	bold:317212	semapv:UnspecifiedMatching				
pzt:001171	skos:exactMatch	ecotaxa_legacy:240	semapv:UnspecifiedMatching				
pzt:001171	skos:exactMatch	ncbi:262427	semapv:UnspecifiedMatching				
pzt:001171	skos:exactMatch	wikidata:Q20164392	semapv:UnspecifiedMatching				
pzt:001171	skos:exactMatch	worms:246593	semapv:UnspecifiedMatching				
pzt:001174	skos:broadMatch	bold:317015	semapv:LogicalReasoning				
pzt:001174	skos:exactMatch	ecotaxa_legacy:240	semapv:UnspecifiedMatching				
pzt:001174	skos:exactMatch	ncbi:271679	semapv:UnspecifiedMatching				
pzt:001174	skos:exactMatch	wikidata:Q16988329	semapv:UnspecifiedMatching				
pzt:001174	skos:exactMatch	worms:109899	semapv:UnspecifiedMatching				
pzt:001177	skos:broadMatch	bold:317015	semapv:LogicalReasoning				
pzt:001177	skos:exactMatch	ecotaxa_legacy:240	semapv:UnspecifiedMatching				
pzt:001177	skos:exactMatch	ncbi:1389943	semapv:UnspecifiedMatching				
pzt:001177	skos:exactMatch	wikidata:Q68452340	semapv:UnspecifiedMatching				
pzt:001177	skos:exactMatch	worms:233161	semapv:UnspecifiedMatching				
pzt:001178	skos:broadMatch	bold:317015	semapv:LogicalReasoning				
pzt:001178	skos:exactMatch	ecotaxa_legacy:240	semapv:UnspecifiedMatching				
pzt:001178	skos:exactMatch	ncbi:651421	semapv:UnspecifiedMatching				
pzt:001178	skos:exactMatch	wikidata:Q25364759	semapv:UnspecifiedMatching				
pzt:001178	skos:exactMatch	worms:231794	semapv:UnspecifiedMatching				
pzt:001180	skos:broadMatch	bold:317015	semapv:LogicalReasoning				
pzt:001180	skos:exactMatch	ecotaxa_legacy:240	semapv:UnspecifiedMatching				
pzt:001180	skos:exactMatch	ncbi:651390	semapv:UnspecifiedMatching				
pzt:001180	skos:exactMatch	wikidata:Q68463348	semapv:UnspecifiedMatching				
pzt:001180	skos:exactMatch	worms:233144	semapv:UnspecifiedMatching				
pzt:001183	skos:exactMatch	bold:317178	semapv:UnspecifiedMatching				
pzt:001183	skos:exactMatch	ecotaxa_legacy:248	semapv:UnspecifiedMatching				
pzt:001183	skos:exactMatch	ncbi:2965	semapv:UnspecifiedMatching				
pzt:001183	skos:exactMatch	wikidata:Q3342595	semapv:UnspecifiedMatching				
pzt:001183	skos:exactMatch	worms:109500	semapv:UnspecifiedMatching				
pzt:001184	skos:broadMatch	bold:317178	semapv:LogicalReasoning				
pzt:001184	skos:exactMatch	ecotaxa_legacy:248	semapv:UnspecifiedMatching				
pzt:001184	skos:exactMatch	ncbi:2966	semapv:UnspecifiedMatching				
pzt:001184	skos:exactMatch	wikidata:Q309991	semapv:UnspecifiedMatching				
pzt:001184	skos:exactMatch	worms:109921	semapv:UnspecifiedMatching				
pzt:001185	skos:exactMatch	worms:109394	semapv:UnspecifiedMatching				
pzt:001188	skos:exactMatch	bold:317029	semapv:UnspecifiedMatching				
pzt:001188	skos:exactMatch	ecotaxa_legacy:240	semapv:UnspecifiedMatching				
pzt:001188	skos:exactMatch	ncbi:2893593	semapv:UnspecifiedMatching				
pzt:001188	skos:exactMatch	wikidata:Q68452360	semapv:UnspecifiedMatching				
pzt:001188	skos:exactMatch	worms:1474876	semapv:UnspecifiedMatching				
pzt:001190	skos:exactMatch	bold:317106	semapv:UnspecifiedMatching				
pzt:001190	skos:exactMatch	ecotaxa_legacy:240	semapv:UnspecifiedMatching				
pzt:001190	skos:exactMatch	ncbi:2918	semapv:UnspecifiedMatching				
pzt:001190	skos:exactMatch	wikidata:Q19751739	semapv:UnspecifiedMatching				
pzt:001190	skos:exactMatch	worms:109540	semapv:UnspecifiedMatching				
pzt:001191	skos:exactMatch	bold:317216	semapv:UnspecifiedMatching				
pzt:001191	skos:exactMatch	ecotaxa_legacy:240	semapv:UnspecifiedMatching				
pzt:001191	skos:exactMatch	ncbi:89963	semapv:UnspecifiedMatching				
pzt:001191	skos:exactMatch	wikidata:Q68465167	semapv:UnspecifiedMatching				
pzt:001191	skos:exactMatch	worms:110152	semapv:UnspecifiedMatching				
pzt:001192	skos:exactMatch	bold:317225	semapv:UnspecifiedMatching				
pzt:001192	skos:exactMatch	ecotaxa_legacy:240	semapv:UnspecifiedMatching				
pzt:001192	skos:exactMatch	ncbi:66468	semapv:UnspecifiedMatching				
pzt:001192	skos:exactMatch	wikidata:Q110558775	semapv:UnspecifiedMatching				
pzt:001192	skos:exactMatch	worms:110153	semapv:UnspecifiedMatching				
pzt:001194	skos:exactMatch	bold:317139	semapv:UnspecifiedMatching				
pzt:001194	skos:exactMatch	ecotaxa_legacy:696	semapv:UnspecifiedMatching				
pzt:001194	skos:exactMatch	ncbi:240356	semapv:UnspecifiedMatching				
pzt:001194	skos:exactMatch	wikidata:Q25364848	semapv:UnspecifiedMatching				
pzt:001194	skos:exactMatch	worms:109527	semapv:UnspecifiedMatching				
pzt:001195	skos:broadMatch	ncbi:240356	semapv:LogicalReasoning				
pzt:001195	skos:exactMatch	bold:317139	semapv:UnspecifiedMatching				
pzt:001195	skos:exactMatch	ecotaxa_legacy:696	semapv:UnspecifiedMatching				
pzt:001195	skos:exactMatch	wikidata:Q68466752	semapv:UnspecifiedMatching				
pzt:001195	skos:exactMatch	worms:248059	semapv:UnspecifiedMatching				
pzt:001196	skos:broadMatch	ncbi:240356	semapv:LogicalReasoning				
pzt:001196	skos:exactMatch	bold:317139	semapv:UnspecifiedMatching				
pzt:001196	skos:exactMatch	ecotaxa_legacy:696	semapv:UnspecifiedMatching				
pzt:001196	skos:exactMatch	wikidata:Q68466957	semapv:UnspecifiedMatching				
pzt:001196	skos:exactMatch	worms:643805	semapv:UnspecifiedMatching				
pzt:001197	skos:broadMatch	ncbi:240356	semapv:LogicalReasoning				
pzt:001197	skos:exactMatch	bold:317139	semapv:UnspecifiedMatching				
pzt:001197	skos:exactMatch	ecotaxa_legacy:696	semapv:UnspecifiedMatching				
pzt:001197	skos:exactMatch	wikidata:Q68467085	semapv:UnspecifiedMatching				
pzt:001197	skos:exactMatch	worms:110077	semapv:UnspecifiedMatching				
pzt:001198	skos:exactMatch	bold:317139	semapv:UnspecifiedMatching				
pzt:001198	skos:exactMatch	ecotaxa_legacy:549	semapv:UnspecifiedMatching				
pzt:001198	skos:exactMatch	ncbi:2950224	semapv:UnspecifiedMatching				
pzt:001198	skos:exactMatch	wikidata:Q25364849	semapv:UnspecifiedMatching				
pzt:001198	skos:exactMatch	worms:109528	semapv:UnspecifiedMatching				
pzt:001199	skos:broadMatch	ncbi:2950224	semapv:LogicalReasoning				
pzt:001199	skos:exactMatch	bold:317139	semapv:UnspecifiedMatching				
pzt:001199	skos:exactMatch	ecotaxa_legacy:549	semapv:UnspecifiedMatching				
pzt:001199	skos:exactMatch	wikidata:Q68467189	semapv:UnspecifiedMatching				
pzt:001199	skos:exactMatch	worms:110082	semapv:UnspecifiedMatching				
pzt:001200	skos:broadMatch	ncbi:2950224	semapv:LogicalReasoning				
pzt:001200	skos:exactMatch	bold:317139	semapv:UnspecifiedMatching				
pzt:001200	skos:exactMatch	ecotaxa_legacy:549	semapv:UnspecifiedMatching				
pzt:001200	skos:exactMatch	wikidata:Q68467758	semapv:UnspecifiedMatching				
pzt:001200	skos:exactMatch	worms:110115	semapv:UnspecifiedMatching				
pzt:001201	skos:broadMatch	ncbi:2950224	semapv:LogicalReasoning				
pzt:001201	skos:exactMatch	bold:317139	semapv:UnspecifiedMatching				
pzt:001201	skos:exactMatch	ecotaxa_legacy:549	semapv:UnspecifiedMatching				
pzt:001201	skos:exactMatch	wikidata:Q68467872	semapv:UnspecifiedMatching				
pzt:001201	skos:exactMatch	worms:233868	semapv:UnspecifiedMatching				
pzt:001204	skos:exactMatch	ncbi:160619	semapv:UnspecifiedMatching				
pzt:001204	skos:exactMatch	wikidata:Q68466614	semapv:UnspecifiedMatching				
pzt:001204	skos:exactMatch	worms:110154	semapv:UnspecifiedMatching				
pzt:001205	skos:exactMatch	bold:317090	semapv:UnspecifiedMatching				
pzt:001205	skos:exactMatch	ecotaxa_legacy:240	semapv:UnspecifiedMatching				
pzt:001205	skos:exactMatch	ncbi:66468	semapv:UnspecifiedMatching				
pzt:001205	skos:exactMatch	wikidata:Q68466630	semapv:UnspecifiedMatching				
pzt:001205	skos:exactMatch	worms:1346683	semapv:UnspecifiedMatching				
pzt:001207	skos:exactMatch	bold:317029	semapv:UnspecifiedMatching				
pzt:001207	skos:exactMatch	ecotaxa_legacy:421	semapv:UnspecifiedMatching				
pzt:001207	skos:exactMatch	ecotaxa_legacy:491	semapv:UnspecifiedMatching				
pzt:001207	skos:exactMatch	ncbi:699223	semapv:UnspecifiedMatching				
pzt:001207	skos:exactMatch	wikidata:Q25364907	semapv:UnspecifiedMatching				
pzt:001207	skos:exactMatch	worms:109550	semapv:UnspecifiedMatching				
pzt:001208	skos:exactMatch	bold:317029	semapv:UnspecifiedMatching				
pzt:001208	skos:exactMatch	ecotaxa_legacy:421	semapv:UnspecifiedMatching				
pzt:001208	skos:exactMatch	ncbi:699227	semapv:UnspecifiedMatching				
pzt:001208	skos:exactMatch	wikidata:Q68471959	semapv:UnspecifiedMatching				
pzt:001208	skos:exactMatch	worms:110199	semapv:UnspecifiedMatching				
pzt:001209	skos:exactMatch	bold:317029	semapv:UnspecifiedMatching				
pzt:001209	skos:exactMatch	ecotaxa_legacy:421	semapv:UnspecifiedMatching				
pzt:001209	skos:exactMatch	ecotaxa_legacy:491	semapv:UnspecifiedMatching				
pzt:001209	skos:exactMatch	ncbi:699226	semapv:UnspecifiedMatching				
pzt:001209	skos:exactMatch	wikidata:Q25352889	semapv:UnspecifiedMatching				
pzt:001209	skos:exactMatch	worms:232625	semapv:UnspecifiedMatching				
pzt:001211	skos:exactMatch	bold:317105	semapv:UnspecifiedMatching				
pzt:001211	skos:exactMatch	ecotaxa_legacy:474	semapv:UnspecifiedMatching				
pzt:001211	skos:exactMatch	ncbi:261839	semapv:UnspecifiedMatching				
pzt:001211	skos:exactMatch	wikidata:Q25364982	semapv:UnspecifiedMatching				
pzt:001211	skos:exactMatch	worms:109553	semapv:UnspecifiedMatching				
pzt:001212	skos:broadMatch	bold:317105	semapv:LogicalReasoning				
pzt:001212	skos:broadMatch	ncbi:261839	semapv:LogicalReasoning				
pzt:001212	skos:exactMatch	ecotaxa_legacy:474	semapv:UnspecifiedMatching				
pzt:001212	skos:exactMatch	wikidata:Q68423307	semapv:UnspecifiedMatching				
pzt:001212	skos:exactMatch	worms:110218	semapv:UnspecifiedMatching				
pzt:001213	skos:broadMatch	bold:317105	semapv:LogicalReasoning				
pzt:001213	skos:exactMatch	ecotaxa_legacy:474	semapv:UnspecifiedMatching				
pzt:001213	skos:exactMatch	ncbi:281611	semapv:UnspecifiedMatching				
pzt:001213	skos:exactMatch	wikidata:Q49633159	semapv:UnspecifiedMatching				
pzt:001213	skos:exactMatch	worms:110219	semapv:UnspecifiedMatching				
pzt:001216	skos:exactMatch	bold:317064	semapv:UnspecifiedMatching				
pzt:001216	skos:exactMatch	ecotaxa_legacy:240	semapv:UnspecifiedMatching				
pzt:001216	skos:exactMatch	ncbi:2944	semapv:UnspecifiedMatching				
pzt:001216	skos:exactMatch	wikidata:Q6087994	semapv:UnspecifiedMatching				
pzt:001216	skos:exactMatch	worms:109566	semapv:UnspecifiedMatching				
pzt:001217	skos:broadMatch	bold:317064	semapv:LogicalReasoning				
pzt:001217	skos:exactMatch	ecotaxa_legacy:240	semapv:UnspecifiedMatching				
pzt:001217	skos:exactMatch	ncbi:2364126	semapv:UnspecifiedMatching				
pzt:001217	skos:exactMatch	wikidata:Q68430756	semapv:UnspecifiedMatching				
pzt:001217	skos:exactMatch	worms:232376	semapv:UnspecifiedMatching				
pzt:001218	skos:broadMatch	bold:317064	semapv:LogicalReasoning				
pzt:001218	skos:exactMatch	ecotaxa_legacy:240	semapv:UnspecifiedMatching				
pzt:001218	skos:exactMatch	ncbi:237470	semapv:UnspecifiedMatching				
pzt:001218	skos:exactMatch	wikidata:Q68431047	semapv:UnspecifiedMatching				
pzt:001218	skos:exactMatch	worms:110300	semapv:UnspecifiedMatching				
pzt:001219	skos:broadMatch	bold:317064	semapv:LogicalReasoning				
pzt:001219	skos:broadMatch	wikidata:Q6087994	semapv:LogicalReasoning				
pzt:001219	skos:exactMatch	ecotaxa_legacy:240	semapv:UnspecifiedMatching				
pzt:001219	skos:exactMatch	ncbi:2820087	semapv:UnspecifiedMatching				
pzt:001219	skos:exactMatch	worms:110310	semapv:UnspecifiedMatching				
pzt:001223	skos:exactMatch	ecotaxa_legacy:58496	semapv:UnspecifiedMatching				
pzt:001223	skos:exactMatch	ncbi:3098606	semapv:UnspecifiedMatching				
pzt:001223	skos:exactMatch	worms:1380043	semapv:UnspecifiedMatching				
pzt:001224	skos:exactMatch	bold:317093	semapv:UnspecifiedMatching				
pzt:001224	skos:exactMatch	ecotaxa_legacy:240	semapv:UnspecifiedMatching				
pzt:001224	skos:exactMatch	ncbi:54902	semapv:UnspecifiedMatching				
pzt:001224	skos:exactMatch	wikidata:Q25364859	semapv:UnspecifiedMatching				
pzt:001224	skos:exactMatch	worms:109545	semapv:UnspecifiedMatching				
pzt:001228	skos:broadMatch	bold:317011	semapv:LogicalReasoning				
pzt:001228	skos:exactMatch	ecotaxa_legacy:240	semapv:UnspecifiedMatching				
pzt:001228	skos:exactMatch	ncbi:1890389	semapv:UnspecifiedMatching				
pzt:001228	skos:exactMatch	wikidata:Q25364681	semapv:UnspecifiedMatching				
pzt:001228	skos:exactMatch	worms:1368615	semapv:UnspecifiedMatching				
pzt:001234	skos:exactMatch	bold:99200	semapv:UnspecifiedMatching				
pzt:001234	skos:exactMatch	ncbi:98059	semapv:UnspecifiedMatching				
pzt:001234	skos:exactMatch	wikidata:Q1226656	semapv:UnspecifiedMatching				
pzt:001234	skos:exactMatch	worms:157240	semapv:UnspecifiedMatching				
pzt:001235	skos:broadMatch	bold:99200	semapv:LogicalReasoning				
pzt:001235	skos:broadMatch	ncbi:98059	semapv:LogicalReasoning				
pzt:001235	skos:broadMatch	wikidata:Q1226656	semapv:LogicalReasoning				
pzt:001235	skos:exactMatch	worms:573858	semapv:UnspecifiedMatching				
pzt:001238	skos:exactMatch	bold:181161	semapv:UnspecifiedMatching				
pzt:001238	skos:exactMatch	ncbi:98067	semapv:UnspecifiedMatching				
pzt:001238	skos:exactMatch	wikidata:Q1688257	semapv:UnspecifiedMatching				
pzt:001238	skos:exactMatch	worms:248172	semapv:UnspecifiedMatching				
pzt:001239	skos:exactMatch	bold:181161	semapv:UnspecifiedMatching				
pzt:001239	skos:exactMatch	ncbi:2582958	semapv:UnspecifiedMatching				
pzt:001239	skos:exactMatch	wikidata:Q13033172	semapv:UnspecifiedMatching				
pzt:001239	skos:exactMatch	worms:555950	semapv:UnspecifiedMatching				
pzt:001240	skos:exactMatch	worms:146232	semapv:UnspecifiedMatching				
pzt:001243	skos:exactMatch	bold:603668	semapv:UnspecifiedMatching				
pzt:001243	skos:exactMatch	ecotaxa_legacy:492	semapv:UnspecifiedMatching				
pzt:001243	skos:exactMatch	ecotaxa_legacy:594	semapv:UnspecifiedMatching				
pzt:001243	skos:exactMatch	ncbi:35686	semapv:UnspecifiedMatching				
pzt:001243	skos:exactMatch	wikidata:Q25367449	semapv:UnspecifiedMatching				
pzt:001243	skos:exactMatch	worms:157258	semapv:UnspecifiedMatching				
pzt:001244	skos:exactMatch	bold:603669	semapv:UnspecifiedMatching				
pzt:001244	skos:exactMatch	ecotaxa_legacy:492	semapv:UnspecifiedMatching				
pzt:001244	skos:exactMatch	ecotaxa_legacy:594	semapv:UnspecifiedMatching				
pzt:001244	skos:exactMatch	ncbi:214821	semapv:UnspecifiedMatching				
pzt:001244	skos:exactMatch	wikidata:Q49620360	semapv:UnspecifiedMatching				
pzt:001244	skos:exactMatch	worms:157463	semapv:UnspecifiedMatching				
pzt:001245	skos:exactMatch	bold:317243	semapv:UnspecifiedMatching				
pzt:001245	skos:exactMatch	ecotaxa_legacy:636	semapv:UnspecifiedMatching				
pzt:001245	skos:exactMatch	ncbi:3095340	semapv:UnspecifiedMatching				
pzt:001245	skos:exactMatch	wikidata:Q25367454	semapv:UnspecifiedMatching				
pzt:001245	skos:exactMatch	worms:369960	semapv:UnspecifiedMatching				
pzt:001246	skos:broadMatch	bold:317243	semapv:LogicalReasoning				
pzt:001246	skos:broadMatch	wikidata:Q25367454	semapv:LogicalReasoning				
pzt:001246	skos:exactMatch	ecotaxa_legacy:636	semapv:UnspecifiedMatching				
pzt:001246	skos:exactMatch	ncbi:1104380	semapv:UnspecifiedMatching				
pzt:001246	skos:exactMatch	worms:375970	semapv:UnspecifiedMatching				
pzt:001250	skos:exactMatch	bold:603954	semapv:UnspecifiedMatching				
pzt:001250	skos:exactMatch	ncbi:465777	semapv:UnspecifiedMatching				
pzt:001250	skos:exactMatch	wikidata:Q127376560	semapv:UnspecifiedMatching				
pzt:001250	skos:exactMatch	worms:531467	semapv:UnspecifiedMatching				
pzt:001253	skos:exactMatch	bold:603965	semapv:UnspecifiedMatching				
pzt:001253	skos:exactMatch	ncbi:35683	semapv:UnspecifiedMatching				
pzt:001253	skos:exactMatch	wikidata:Q7255240	semapv:UnspecifiedMatching				
pzt:001253	skos:exactMatch	worms:160599	semapv:UnspecifiedMatching				
pzt:001258	skos:exactMatch	bold:99195	semapv:UnspecifiedMatching				
pzt:001258	skos:exactMatch	ncbi:238767	semapv:UnspecifiedMatching				
pzt:001258	skos:exactMatch	wikidata:Q106775278	semapv:UnspecifiedMatching				
pzt:001258	skos:exactMatch	worms:590589	semapv:UnspecifiedMatching				
pzt:001263	skos:exactMatch	bold:603924	semapv:UnspecifiedMatching				
pzt:001263	skos:exactMatch	ncbi:2837474	semapv:UnspecifiedMatching				
pzt:001263	skos:exactMatch	wikidata:Q127375913	semapv:UnspecifiedMatching				
pzt:001263	skos:exactMatch	worms:248129	semapv:UnspecifiedMatching				
pzt:001264	skos:exactMatch	bold:714957	semapv:UnspecifiedMatching				
pzt:001264	skos:exactMatch	ncbi:543769	semapv:UnspecifiedMatching				
pzt:001264	skos:exactMatch	wikidata:Q21446955	semapv:UnspecifiedMatching				
pzt:001264	skos:exactMatch	worms:582421	semapv:UnspecifiedMatching				
pzt:001265	skos:broadMatch	bold:714957	semapv:LogicalReasoning				
pzt:001265	skos:exactMatch	ecotaxa_legacy:625	semapv:UnspecifiedMatching				
pzt:001265	skos:exactMatch	ecotaxa_legacy:640	semapv:UnspecifiedMatching				
pzt:001265	skos:exactMatch	ncbi:65574	semapv:UnspecifiedMatching				
pzt:001265	skos:exactMatch	wikidata:Q135584	semapv:UnspecifiedMatching				
pzt:001265	skos:exactMatch	worms:586732	semapv:UnspecifiedMatching				
pzt:001268	skos:broadMatch	bold:714957	semapv:LogicalReasoning				
pzt:001268	skos:exactMatch	ecotaxa_legacy:653	semapv:UnspecifiedMatching				
pzt:001268	skos:exactMatch	ncbi:278120	semapv:UnspecifiedMatching				
pzt:001268	skos:exactMatch	wikidata:Q50807513	semapv:UnspecifiedMatching				
pzt:001268	skos:exactMatch	worms:1701367	semapv:UnspecifiedMatching				
pzt:001269	skos:broadMatch	bold:714957	semapv:LogicalReasoning				
pzt:001269	skos:exactMatch	ncbi:65582	semapv:UnspecifiedMatching				
pzt:001269	skos:exactMatch	wikidata:Q3314313	semapv:UnspecifiedMatching				
pzt:001269	skos:exactMatch	worms:235740	semapv:UnspecifiedMatching				
pzt:001270	skos:broadMatch	bold:714957	semapv:LogicalReasoning				
pzt:001270	skos:exactMatch	ecotaxa_legacy:654	semapv:UnspecifiedMatching				
pzt:001270	skos:exactMatch	ncbi:278980	semapv:UnspecifiedMatching				
pzt:001270	skos:exactMatch	wikidata:Q3870511	semapv:UnspecifiedMatching				
pzt:001270	skos:exactMatch	worms:235741	semapv:UnspecifiedMatching				
pzt:001272	skos:broadMatch	bold:714957	semapv:LogicalReasoning				
pzt:001272	skos:exactMatch	ecotaxa_legacy:654	semapv:UnspecifiedMatching				
pzt:001272	skos:exactMatch	ncbi:65591	semapv:UnspecifiedMatching				
pzt:001272	skos:exactMatch	wikidata:Q2192086	semapv:UnspecifiedMatching				
pzt:001272	skos:exactMatch	worms:178828	semapv:UnspecifiedMatching				
pzt:001273	skos:broadMatch	bold:714957	semapv:LogicalReasoning				
pzt:001273	skos:exactMatch	ecotaxa_legacy:654	semapv:UnspecifiedMatching				
pzt:001273	skos:exactMatch	ncbi:1054398	semapv:UnspecifiedMatching				
pzt:001273	skos:exactMatch	wikidata:Q21225176	semapv:UnspecifiedMatching				
pzt:001273	skos:exactMatch	worms:345898	semapv:UnspecifiedMatching				
pzt:001274	skos:broadMatch	bold:714957	semapv:LogicalReasoning				
pzt:001274	skos:exactMatch	ecotaxa_legacy:654	semapv:UnspecifiedMatching				
pzt:001274	skos:exactMatch	ncbi:3138939	semapv:UnspecifiedMatching				
pzt:001274	skos:exactMatch	wikidata:Q25368413	semapv:UnspecifiedMatching				
pzt:001274	skos:exactMatch	worms:493517	semapv:UnspecifiedMatching				
pzt:001275	skos:broadMatch	bold:714957	semapv:LogicalReasoning				
pzt:001275	skos:exactMatch	ecotaxa_legacy:655	semapv:UnspecifiedMatching				
pzt:001275	skos:exactMatch	ncbi:65583	semapv:UnspecifiedMatching				
pzt:001275	skos:exactMatch	wikidata:Q3967296	semapv:UnspecifiedMatching				
pzt:001275	skos:exactMatch	worms:345835	semapv:UnspecifiedMatching				
pzt:001276	skos:broadMatch	bold:714957	semapv:LogicalReasoning				
pzt:001276	skos:exactMatch	ecotaxa_legacy:655	semapv:UnspecifiedMatching				
pzt:001276	skos:exactMatch	ncbi:414914	semapv:UnspecifiedMatching				
pzt:001276	skos:exactMatch	wikidata:Q20760511	semapv:UnspecifiedMatching				
pzt:001276	skos:exactMatch	worms:345836	semapv:UnspecifiedMatching				
pzt:001277	skos:broadMatch	bold:714957	semapv:LogicalReasoning				
pzt:001277	skos:exactMatch	ecotaxa_legacy:682	semapv:UnspecifiedMatching				
pzt:001277	skos:exactMatch	ncbi:299202	semapv:UnspecifiedMatching				
pzt:001277	skos:exactMatch	wikidata:Q21214877	semapv:UnspecifiedMatching				
pzt:001277	skos:exactMatch	worms:367312	semapv:UnspecifiedMatching				
pzt:001278	skos:broadMatch	bold:714957	semapv:LogicalReasoning				
pzt:001278	skos:exactMatch	ecotaxa_legacy:685	semapv:UnspecifiedMatching				
pzt:001278	skos:exactMatch	ncbi:220106	semapv:UnspecifiedMatching				
pzt:001278	skos:exactMatch	wikidata:Q7579018	semapv:UnspecifiedMatching				
pzt:001278	skos:exactMatch	worms:345858	semapv:UnspecifiedMatching				
pzt:001280	skos:broadMatch	bold:714957	semapv:LogicalReasoning				
pzt:001280	skos:exactMatch	ncbi:1054998	semapv:UnspecifiedMatching				
pzt:001280	skos:exactMatch	wikidata:Q25368763	semapv:UnspecifiedMatching				
pzt:001280	skos:exactMatch	worms:235737	semapv:UnspecifiedMatching				
pzt:001286	skos:exactMatch	ncbi:3164	semapv:UnspecifiedMatching				
pzt:001286	skos:exactMatch	wikidata:Q7706731	semapv:UnspecifiedMatching				
pzt:001286	skos:exactMatch	worms:134526	semapv:UnspecifiedMatching				
pzt:001290	skos:exactMatch	bold:440771	semapv:UnspecifiedMatching				
pzt:001290	skos:exactMatch	ncbi:3066	semapv:UnspecifiedMatching				
pzt:001290	skos:exactMatch	wikidata:Q310495	semapv:UnspecifiedMatching				
pzt:001290	skos:exactMatch	worms:576718	semapv:UnspecifiedMatching				
pzt:001291	skos:exactMatch	bold:112297	semapv:UnspecifiedMatching				
pzt:001291	skos:exactMatch	ncbi:3042	semapv:UnspecifiedMatching				
pzt:001291	skos:exactMatch	wikidata:Q255460	semapv:UnspecifiedMatching				
pzt:001291	skos:exactMatch	worms:17111	semapv:UnspecifiedMatching				
pzt:001294	skos:exactMatch	bold:440524	semapv:UnspecifiedMatching				
pzt:001294	skos:exactMatch	ecotaxa_legacy:703	semapv:UnspecifiedMatching				
pzt:001294	skos:exactMatch	ncbi:3104	semapv:UnspecifiedMatching				
pzt:001294	skos:exactMatch	wikidata:Q138303	semapv:UnspecifiedMatching				
pzt:001294	skos:exactMatch	worms:160561	semapv:UnspecifiedMatching				
pzt:001297	skos:exactMatch	bold:762197	semapv:UnspecifiedMatching				
pzt:001297	skos:exactMatch	ncbi:307511	semapv:UnspecifiedMatching				
pzt:001297	skos:exactMatch	wikidata:Q69674374	semapv:UnspecifiedMatching				
pzt:001297	skos:exactMatch	worms:160591	semapv:UnspecifiedMatching				
pzt:001302	skos:exactMatch	ncbi:156128	semapv:UnspecifiedMatching				
pzt:001302	skos:exactMatch	wikidata:Q69727928	semapv:UnspecifiedMatching				
pzt:001302	skos:exactMatch	worms:134541	semapv:UnspecifiedMatching				
pzt:001306	skos:exactMatch	bold:440877	semapv:UnspecifiedMatching				
pzt:001306	skos:exactMatch	ecotaxa_legacy:736	semapv:UnspecifiedMatching				
pzt:001306	skos:exactMatch	ncbi:38835	semapv:UnspecifiedMatching				
pzt:001306	skos:exactMatch	wikidata:Q7256909	semapv:UnspecifiedMatching				
pzt:001306	skos:exactMatch	worms:160595	semapv:UnspecifiedMatching				
pzt:001309	skos:exactMatch	bold:440876	semapv:UnspecifiedMatching				
pzt:001309	skos:exactMatch	ncbi:36881	semapv:UnspecifiedMatching				
pzt:001309	skos:exactMatch	wikidata:Q69728784	semapv:UnspecifiedMatching				
pzt:001309	skos:exactMatch	worms:134545	semapv:UnspecifiedMatching				
pzt:001310	skos:exactMatch	bold:163628	semapv:UnspecifiedMatching				
pzt:001310	skos:exactMatch	ecotaxa_legacy:674	semapv:UnspecifiedMatching				
pzt:001310	skos:exactMatch	ncbi:81842	semapv:UnspecifiedMatching				
pzt:001310	skos:exactMatch	wikidata:Q5643460	semapv:UnspecifiedMatching				
pzt:001310	skos:exactMatch	worms:134528	semapv:UnspecifiedMatching				
pzt:001311	skos:exactMatch	bold:163628	semapv:UnspecifiedMatching				
pzt:001311	skos:exactMatch	ncbi:36882	semapv:UnspecifiedMatching				
pzt:001311	skos:exactMatch	wikidata:Q3926068	semapv:UnspecifiedMatching				
pzt:001311	skos:exactMatch	worms:134529	semapv:UnspecifiedMatching				
pzt:001312	skos:broadMatch	ncbi:36882	semapv:LogicalReasoning				
pzt:001312	skos:exactMatch	bold:163628	semapv:UnspecifiedMatching				
pzt:001312	skos:exactMatch	wikidata:Q69729612	semapv:UnspecifiedMatching				
pzt:001312	skos:exactMatch	worms:160513	semapv:UnspecifiedMatching				
pzt:001316	skos:exactMatch	bold:440455	semapv:UnspecifiedMatching				
pzt:001316	skos:exactMatch	ncbi:120746	semapv:UnspecifiedMatching				
pzt:001316	skos:exactMatch	wikidata:Q2024765	semapv:UnspecifiedMatching				
pzt:001316	skos:exactMatch	worms:178611	semapv:UnspecifiedMatching				
pzt:001321	skos:exactMatch	bold:494511	semapv:UnspecifiedMatching				
pzt:001321	skos:exactMatch	ncbi:51324	semapv:UnspecifiedMatching				
pzt:001321	skos:exactMatch	wikidata:Q69714553	semapv:UnspecifiedMatching				
pzt:001321	skos:exactMatch	worms:526636	semapv:UnspecifiedMatching				
pzt:001327	skos:exactMatch	ncbi:318527	semapv:UnspecifiedMatching				
pzt:001327	skos:exactMatch	wikidata:Q72663	semapv:UnspecifiedMatching				
pzt:001327	skos:exactMatch	worms:136759	semapv:UnspecifiedMatching				
pzt:001328	skos:broadMatch	ncbi:318527	semapv:LogicalReasoning				
pzt:001328	skos:broadMatch	wikidata:Q72663	semapv:LogicalReasoning				
pzt:001328	skos:broadMatch	worms:136759	semapv:LogicalReasoning				
pzt:001333	skos:exactMatch	bold:2679727	semapv:UnspecifiedMatching				
pzt:001333	skos:exactMatch	ncbi:874295	semapv:UnspecifiedMatching				
pzt:001333	skos:exactMatch	wikidata:Q2206721	semapv:UnspecifiedMatching				
pzt:001333	skos:exactMatch	worms:136807	semapv:UnspecifiedMatching				
pzt:001336	skos:exactMatch	bold:494587	semapv:UnspecifiedMatching				
pzt:001336	skos:exactMatch	ncbi:5774	semapv:UnspecifiedMatching				
pzt:001336	skos:exactMatch	wikidata:Q46729	semapv:UnspecifiedMatching				
pzt:001336	skos:exactMatch	worms:120533	semapv:UnspecifiedMatching				
pzt:001338	skos:exactMatch	bold:1326973	semapv:UnspecifiedMatching				
pzt:001338	skos:exactMatch	ncbi:28009	semapv:UnspecifiedMatching				
pzt:001338	skos:exactMatch	wikidata:Q129012	semapv:UnspecifiedMatching				
pzt:001338	skos:exactMatch	worms:580116	semapv:UnspecifiedMatching				
pzt:001342	skos:broadMatch	bold:1326973	semapv:LogicalReasoning				
pzt:001342	skos:exactMatch	ncbi:1925537	semapv:UnspecifiedMatching				
pzt:001342	skos:exactMatch	wikidata:Q136207583	semapv:UnspecifiedMatching				
pzt:001342	skos:exactMatch	worms:105588	semapv:UnspecifiedMatching				
pzt:001344	skos:exactMatch	bold:544174	semapv:UnspecifiedMatching				
pzt:001344	skos:exactMatch	ncbi:2704141	semapv:UnspecifiedMatching				
pzt:001344	skos:exactMatch	wikidata:Q2356588	semapv:UnspecifiedMatching				
pzt:001344	skos:exactMatch	worms:19539	semapv:UnspecifiedMatching				
pzt:001347	skos:exactMatch	bold:544177	semapv:UnspecifiedMatching				
pzt:001347	skos:exactMatch	ncbi:3038	semapv:UnspecifiedMatching				
pzt:001347	skos:exactMatch	wikidata:Q236001	semapv:UnspecifiedMatching				
pzt:001347	skos:exactMatch	worms:8012	semapv:UnspecifiedMatching				
pzt:001350	skos:exactMatch	bold:603466	semapv:UnspecifiedMatching				
pzt:001350	skos:exactMatch	ncbi:73024	semapv:UnspecifiedMatching				
pzt:001350	skos:exactMatch	wikidata:Q16235248	semapv:UnspecifiedMatching				
pzt:001350	skos:exactMatch	worms:17657	semapv:UnspecifiedMatching				
pzt:001352	skos:exactMatch	bold:2679685	semapv:UnspecifiedMatching				
pzt:001352	skos:exactMatch	ncbi:5653	semapv:UnspecifiedMatching				
pzt:001352	skos:exactMatch	wikidata:Q4936724	semapv:UnspecifiedMatching				
pzt:001352	skos:exactMatch	worms:562574	semapv:UnspecifiedMatching				
